INSERT INTO GENERAL_USER VALUES ('johnsontanner@hotmail.com', 'Tseng', 'Steppello', '', 'F', None '4589 Jones Vista', 1, '$p5k2$$s6osIOvi$vx5yKXiLOD5vz5hpOtYvc6SvC2dDY7vo',NULL);
INSERT INTO PATIENT VALUES (1);
INSERT INTO GENERAL_USER VALUES ('robert89@green-wilson.com', 'Tomchay', 'Odenheimer', '', 'M', None '524 Lewis Course', 1, '$p5k2$$/Rd9nps2$OWpuMR7NwQz4ytyzM1plqwXo7jOPyMCb',NULL);
INSERT INTO PATIENT VALUES (2);
INSERT INTO GENERAL_USER VALUES ('andrew49@gmail.com', 'Bohlin', 'Runnion', 'Buzzard', 'M', None '42321 Cochran Forest', 1, '$p5k2$$BGuo7xW5$MBLryLAfqTWTnPU3MopzD4J/gfTcwoIF',NULL);
INSERT INTO PATIENT VALUES (3);
INSERT INTO GENERAL_USER VALUES ('brian80@martinez.net', 'Johncarlo', 'Scurry-reed', '', 'F', None 'FPO AE 20161', 1, '$p5k2$$Eepi9VRG$ybLdSjEg98QsLcAUrF98Q6buGGmHrrw2',NULL);
INSERT INTO PATIENT VALUES (4);
INSERT INTO GENERAL_USER VALUES ('nancy25@young.com', 'Huertas', 'Frakesjr', 'Augure', 'M', None 'New Craig, GA 14126', 1, '$p5k2$$T3uZWvWH$aH7q39f0Kk2kItz6PAZe1t7jZFDJIZ1L',NULL);
INSERT INTO PATIENT VALUES (5);
INSERT INTO GENERAL_USER VALUES ('danielharris@frazier.com', 'Phio', 'Madise', 'Makynlei', 'F', None 'South Rebeccahaven, GA 47159', 1, '$p5k2$$5rtxJ8gr$aVMWzKdNJwLUJXnYbcsb7QS.xIcudtnl',NULL);
INSERT INTO PATIENT VALUES (6);
INSERT INTO GENERAL_USER VALUES ('sgraves@morse-holt.org', 'Jeffer', 'Mctee', '', 'F', None 'APO AA 43911', 1, '$p5k2$$C/TMnig/$0UW/mn2znMv6HQWWkiozRjc.aMqXbsRF',NULL);
INSERT INTO PATIENT VALUES (7);
INSERT INTO GENERAL_USER VALUES ('leonardaaron@moore.com', 'Ambee', 'Sheley', '', 'M', None '0756 Mary Keys Apt. 753', 1, '$p5k2$$GgmON9Jz$RHCUo0BMXDvJJ0eOZR71/Pgui9m6406k',NULL);
INSERT INTO PATIENT VALUES (8);
INSERT INTO GENERAL_USER VALUES ('crobinson@adams.org', 'Komarek', 'Jeanmary', 'Faige', 'M', None '2127 Mallory Junctions', 1, '$p5k2$$AtGNpVTT$AAIDLprw9Xlvp.Uyy8fJOJNzk4bZw2lX',NULL);
INSERT INTO PATIENT VALUES (9);
INSERT INTO GENERAL_USER VALUES ('timothy07@schultz-ellis.com', 'Kiamani', 'Sebren', '', 'F', None '47310 Jones Way Apt. 352', 1, '$p5k2$$nm1Nsunz$AeI9RxS8QS8TJRs0Rfv94lDXOwS5sgJs',NULL);
INSERT INTO PATIENT VALUES (10);
INSERT INTO GENERAL_USER VALUES ('jasonortega@hotmail.com', 'Criztian', 'Dentremont', '', 'M', None 'East Marcia, CT 65401', 1, '$p5k2$$qQw13WNA$F7XhUPcSbpMI3RXZ0atsCTFmkN8OBaSB',NULL);
INSERT INTO PATIENT VALUES (11);
INSERT INTO GENERAL_USER VALUES ('jhendricks@cummings.biz', 'Jaquaun', 'Hattman', 'Marigny', 'F', None 'Burtonbury, PA 35684', 1, '$p5k2$$CcvyPBaU$8N7km/UyO8XLDfAv3mmpHKMsQkvl/Lan',NULL);
INSERT INTO PATIENT VALUES (12);
INSERT INTO GENERAL_USER VALUES ('justinmonroe@mayo.com', 'Jessejames', 'Scanio', '', 'M', None '060 Jason Station Suite 719', 1, '$p5k2$$3d8ELDoC$bmXyzBEenBo9ehvhvLvFZAD630ZNC9D4',NULL);
INSERT INTO PATIENT VALUES (13);
INSERT INTO GENERAL_USER VALUES ('jessicagarrett@hotmail.com', 'Carlock', 'Jess', 'Agna', 'F', None 'Lake Mason, NM 78580', 1, '$p5k2$$cI.nts3H$JL7CMdDQhe8KrxBz2hvXm/8xdniPFdCF',NULL);
INSERT INTO PATIENT VALUES (14);
INSERT INTO GENERAL_USER VALUES ('baileytracey@stone.com', 'Ciaramaglia', 'Lee-ziegler', 'Yanett', 'F', None 'DPO AE 51644', 1, '$p5k2$$7RwBnagz$1JbL3Hn2LGZ/OIBFoZgf5tg7ch6.XXMq',NULL);
INSERT INTO PATIENT VALUES (15);
INSERT INTO GENERAL_USER VALUES ('shepardthomas@gmail.com', 'Jalayshia', 'Nemet', '', 'F', None 'East Vernonmouth, MI 46047', 1, '$p5k2$$psbwJUW7$FLUGIbHnkOwQBRo2EmV5vg2uA4ImZH6G',NULL);
INSERT INTO PATIENT VALUES (16);
INSERT INTO GENERAL_USER VALUES ('evanrobbins@copeland.com', 'Adlean', 'Ohanlon', '', 'F', None 'Edwardsland, OR 61462', 1, '$p5k2$$sa2RO9ck$/Zzt/LmLV.JFVl2OCa4gTYcFePVxe/5N',NULL);
INSERT INTO PATIENT VALUES (17);
INSERT INTO GENERAL_USER VALUES ('graypaige@hotmail.com', 'Jorrie', 'Broitzman', '', 'M', None 'Christianmouth, IA 37870', 1, '$p5k2$$nrIUhyHN$Ca6bUI0r6rcJpnQwGWs2juRgEVVgOpg0',NULL);
INSERT INTO PATIENT VALUES (18);
INSERT INTO GENERAL_USER VALUES ('tbaker@little-miller.net', 'Annalaya', 'Doyle', '', 'F', None '33741 Lopez Pike Suite 198', 1, '$p5k2$$qWJDsXJe$vpophTq9Hh/9X3G704T9OsFibDnLEW9m',NULL);
INSERT INTO PATIENT VALUES (19);
INSERT INTO GENERAL_USER VALUES ('ethandennis@horn.biz', 'Cocke', 'Kotcher', 'Artu', 'M', None 'Richardsonhaven, CA 84717', 1, '$p5k2$$RBXfYYXY$zytiRE396dVET/AYAPdtqGdbIrT/voM0',NULL);
INSERT INTO PATIENT VALUES (20);
INSERT INTO GENERAL_USER VALUES ('kellyrodgers@morgan.com', 'Malony', 'Rivet', '', 'M', None 'PSC 4476, Box 5211', 1, '$p5k2$$v96w9Jar$G30JBDQ.lkICctMjSkYZlu1kAWMxvgHh',NULL);
INSERT INTO PATIENT VALUES (21);
INSERT INTO GENERAL_USER VALUES ('bernardshelby@yahoo.com', 'Pallavi', 'Cerritos', 'Lacie-jane', 'M', None 'Timothyport, SD 15930', 1, '$p5k2$$yjy0Iezo$ptsFj6Os4TCOhdvAMkK0A.3nBa8kRokM',NULL);
INSERT INTO PATIENT VALUES (22);
INSERT INTO GENERAL_USER VALUES ('steven07@yahoo.com', 'Kassandra', 'Tew', '', 'M', None '015 Zuniga Fields Apt. 014', 1, '$p5k2$$pJ5f6W0l$AX.kuVC.M8P3iC8g.9UR9xLyJB9r7wiP',NULL);
INSERT INTO PATIENT VALUES (23);
INSERT INTO GENERAL_USER VALUES ('vincentcowan@taylor.com', 'Koburn', 'Mordon', 'Macady', 'F', None '3294 Richard Divide', 1, '$p5k2$$sEksVsRG$Jy0ziG8btYVElUoAd54uJVEmkWVUdI9I',NULL);
INSERT INTO PATIENT VALUES (24);
INSERT INTO GENERAL_USER VALUES ('brandyrivas@yahoo.com', 'Lexcie', 'Briones', '', 'F', None '01210 Cook Trafficway', 1, '$p5k2$$xNvyZrsQ$6ZnbB/zlEA.okniOKaG4BAaS9b5RnZ7T',NULL);
INSERT INTO PATIENT VALUES (25);
INSERT INTO GENERAL_USER VALUES ('swhite@hotmail.com', 'Cisneros-gonzalez', 'Toevs', '', 'F', None '97099 Michelle Place Apt. 096', 1, '$p5k2$$PPj/txSy$kgell5xOLC08cz5Z2PgWgTFqQv6ajGFC',NULL);
INSERT INTO PATIENT VALUES (26);
INSERT INTO GENERAL_USER VALUES ('brandonnorton@vang.com', 'Swanja', 'Ellingboe', 'Raphaël', 'F', None 'Muellerville, OH 87649', 1, '$p5k2$$VjgVguKA$EotjDEFsT3U5rSA9eY9ZrEA8Udxw.tFk',NULL);
INSERT INTO PATIENT VALUES (27);
INSERT INTO GENERAL_USER VALUES ('torresroger@salazar.com', 'Bonzie', 'Lesmerises', '', 'F', None 'Lake Jackberg, KS 20686', 1, '$p5k2$$U7eF.snU$1gz8h.S6lAG8XPUUCvHAzrqNQ.QEkxa/',NULL);
INSERT INTO PATIENT VALUES (28);
INSERT INTO GENERAL_USER VALUES ('anthonyperez@marquez.net', 'Kachina', 'Redlinger', '', 'M', None 'Albertport, AZ 25927', 1, '$p5k2$$fc1/1ZUD$KiiMCuMdzCrwwuZb52R5Qtm9ZGPlUNtE',NULL);
INSERT INTO PATIENT VALUES (29);
INSERT INTO GENERAL_USER VALUES ('markdurham@schneider-scott.org', 'Aswan', 'Valderrama', 'Zeyla', 'F', None 'Lake Thomas, MS 56638', 1, '$p5k2$$/nuOr/m3$5b0enPRKewilR133XtrS9cXDi/T4F26T',NULL);
INSERT INTO PATIENT VALUES (30);
INSERT INTO GENERAL_USER VALUES ('william94@hotmail.com', 'Ahliya', 'Kiel', 'Leverson', 'F', None 'Lake Sylvia, NV 80579', 1, '$p5k2$$1KINz/yP$2syT0v4CjAeG4g6vJE0Ps2cei8H12j/T',NULL);
INSERT INTO PATIENT VALUES (31);
INSERT INTO GENERAL_USER VALUES ('dennischeryl@gmail.com', 'Persais', 'Suiter', 'Stevyn', 'M', None 'Williamsport, MT 16920', 1, '$p5k2$$RwVM/IEN$b0dh932Ky2aDAONXYeVvNL8Ybo1yrh9H',NULL);
INSERT INTO PATIENT VALUES (32);
INSERT INTO GENERAL_USER VALUES ('justinmcintosh@fox.info', 'Jodene', 'Mcphetridge', '', 'M', None '123 Amanda Mountains Suite 534', 1, '$p5k2$$lUNYxrFn$ocjR.dkZ/arGbaKQjbWkgfGqLBHiGGZU',NULL);
INSERT INTO PATIENT VALUES (33);
INSERT INTO GENERAL_USER VALUES ('castillonorma@hernandez.com', 'Wannetta', 'Vanderzee', '', 'M', None 'Birdfort, RI 88792', 1, '$p5k2$$izKnf/Rl$jETLv6bIwfbgo4f9FnwRhYjB6zoT4Eb.',NULL);
INSERT INTO PATIENT VALUES (34);
INSERT INTO GENERAL_USER VALUES ('molly95@smith.net', 'Romita', 'Silverthorn', 'Chikao', 'F', None 'Carlosmouth, MD 38703', 1, '$p5k2$$2fNgc88C$biEcCgx7NoW/yQjXpYNUtfCEb6wCl4jS',NULL);
INSERT INTO PATIENT VALUES (35);
INSERT INTO GENERAL_USER VALUES ('julie05@wilson.com', 'Myca', 'Haberkamp', '', 'F', None 'New Angelview, MI 22014', 1, '$p5k2$$tHcfXWLN$MGV1yrB.kFmdAPQZwrIUPyn31BqmAVAK',NULL);
INSERT INTO PATIENT VALUES (36);
INSERT INTO GENERAL_USER VALUES ('larsonjasmine@beck-hansen.net', 'Charon', 'Mutana', '', 'M', None '52440 Peterson Islands', 1, '$p5k2$$bn/d8S/O$.EKDER5bw0VyOYeVzlSIkg19tmXjD5Ou',NULL);
INSERT INTO PATIENT VALUES (37);
INSERT INTO GENERAL_USER VALUES ('dhuang@moyer.com', 'Dellan', 'Cocanougher', '', 'F', None 'New Edwinchester, NM 00508', 1, '$p5k2$$sctoBUBc$sxon7DUNrq9mkop5HTXktOarGDPgbysw',NULL);
INSERT INTO PATIENT VALUES (38);
INSERT INTO GENERAL_USER VALUES ('woodkevin@fowler-clark.com', 'Abbie-leigh', 'Cassada', '', 'F', None '86923 Hart Mountains Suite 337', 1, '$p5k2$$8Qjgkkh4$SbAf8vPKPcYV81U/tuvkc1LDHnm.uNj0',NULL);
INSERT INTO PATIENT VALUES (39);
INSERT INTO GENERAL_USER VALUES ('ybennett@yahoo.com', 'Saloma', 'Foss', 'Rongstad', 'F', None '9165 Dustin Track Suite 888', 1, '$p5k2$$ffpOfm8M$tFBuxOb3MiSLLlkm7LVF1abNi5qoeD/Z',NULL);
INSERT INTO PATIENT VALUES (40);
INSERT INTO GENERAL_USER VALUES ('xcastillo@smith.net', 'Breeonna', 'Levitin', 'Lillie-ann', 'M', None '1566 Odom Springs Suite 754', 1, '$p5k2$$CxMbGrT7$rVcFingFjJKv9bM79irWDLbGJMIbxtuC',NULL);
INSERT INTO PATIENT VALUES (41);
INSERT INTO GENERAL_USER VALUES ('sullivandebbie@yahoo.com', 'Shahzeb', 'Milillo', '', 'F', None '349 Peters Summit Apt. 656', 1, '$p5k2$$USKVkAK1$sN3DZyfb3NXgDm.6jlUUSeOhHdGC9ONX',NULL);
INSERT INTO PATIENT VALUES (42);
INSERT INTO GENERAL_USER VALUES ('daviswilliam@small.com', 'Keyshona', 'Thramer', 'Zhaneta', 'F', None 'Port Louis, IL 28235', 1, '$p5k2$$wKF.MLRu$2OT2cl1uIkBa4BaDBobRTxdIb/si27g9',NULL);
INSERT INTO PATIENT VALUES (43);
INSERT INTO GENERAL_USER VALUES ('amandadavila@miles.com', 'Kuriko', 'Siles', 'Lettingham', 'M', None 'South Christopher, KY 35132', 1, '$p5k2$$RBBDdIgc$GsGCF/AhlNx.WvXGWjjh6xaZoCI2Xnet',NULL);
INSERT INTO PATIENT VALUES (44);
INSERT INTO GENERAL_USER VALUES ('robertselizabeth@gmail.com', 'Araelynn', 'Gravett', '', 'M', None 'Benjaminmouth, TN 43606', 1, '$p5k2$$KPcFMovW$HiEX.hKPx3z0/CDQkX4afjFHc7K1TXCp',NULL);
INSERT INTO PATIENT VALUES (45);
INSERT INTO GENERAL_USER VALUES ('kristy11@jacobs-porter.com', 'Gretna', 'Nickelson', '', 'M', None 'Martinton, NH 12466', 1, '$p5k2$$TmA1cDsZ$knDAN9FBmMyJPURBVRFkDfwkF8FCH1no',NULL);
INSERT INTO PATIENT VALUES (46);
INSERT INTO GENERAL_USER VALUES ('carterdennis@rich-turner.com', 'Mouhamad', 'Elvecius', 'Garred', 'F', None 'APO AE 21228', 1, '$p5k2$$OwU/gSi9$I7K.RmXdmCiZ1eFet1Dpxp/fct.GNqZs',NULL);
INSERT INTO PATIENT VALUES (47);
INSERT INTO GENERAL_USER VALUES ('herringkathleen@lambert-nelson.com', 'Huxley', 'Canfall', '', 'M', None '05838 Angela Brook', 1, '$p5k2$$SQL1Z9PB$LxtnGDC89xeXr8ITNF5Ck52peEwaHGu2',NULL);
INSERT INTO PATIENT VALUES (48);
INSERT INTO GENERAL_USER VALUES ('angelaaguirre@russell-munoz.com', 'Annapurna', 'Loats', 'Gerrilee', 'F', None '282 Jesse Trafficway', 1, '$p5k2$$Mfx5OHKo$7ehJ3g.zkUUxAs.ak6KG8Ti3AmBTBjVr',NULL);
INSERT INTO PATIENT VALUES (49);
INSERT INTO GENERAL_USER VALUES ('ericjames@king.com', 'Treava', 'Altwies', '', 'F', None 'Lake Joyce, AZ 72190', 1, '$p5k2$$Uz5kG4Gk$/HL0bgwv2HX1i301cWVyMe.zOwke0yV7',NULL);
INSERT INTO PATIENT VALUES (50);
INSERT INTO GENERAL_USER VALUES ('wayne68@tyler.org', 'Vincentina', 'Lebo', 'Amilia', 'M', None 'APO AP 73065', 1, '$p5k2$$ZXdePM20$T0Ql9tVih0Y5MV1ZYnh4UaQjmoTlg31I',NULL);
INSERT INTO PATIENT VALUES (51);
INSERT INTO GENERAL_USER VALUES ('margaret95@yahoo.com', 'Amyrie', 'Juliao', 'Siarrah', 'F', None 'Samanthafort, KS 88996', 1, '$p5k2$$d/YvfLqu$FxYkCYohBT8sClvBv0xDa05fDvcNGNYF',NULL);
INSERT INTO PATIENT VALUES (52);
INSERT INTO GENERAL_USER VALUES ('rharris@yahoo.com', 'Mortellaro', 'Baldassare', '', 'M', None '330 Espinoza Mount', 1, '$p5k2$$BE5uCvjS$oIN3TsIdIcNV0qDAu1pYD/Nv4etBm2u2',NULL);
INSERT INTO PATIENT VALUES (53);
INSERT INTO GENERAL_USER VALUES ('ghensley@raymond.com', 'Chardonnay', 'Bohman', 'Bunty', 'M', None 'Reynoldsburgh, NY 48212', 1, '$p5k2$$Zu5CtzUg$1Mo4liS6Wj9vdUY5Ycr.GVomg7LwmfG5',NULL);
INSERT INTO PATIENT VALUES (54);
INSERT INTO GENERAL_USER VALUES ('matthewjenkins@alvarado-frank.info', 'Merlyne', 'Witcraft', '', 'M', None 'Owensport, NE 64835', 1, '$p5k2$$/LxoXNph$1fVbKPe.V7SfULCXkgbSWhYA1c/dgkAP',NULL);
INSERT INTO PATIENT VALUES (55);
INSERT INTO GENERAL_USER VALUES ('briandavis@myers.net', 'Hironari', 'Halter', 'Armbrust', 'F', None 'Changville, NJ 44931', 1, '$p5k2$$XIEixwkA$PRsJaBkgu2FdKDzHTxhNBjdz7Q04p8ZG',NULL);
INSERT INTO PATIENT VALUES (56);
INSERT INTO GENERAL_USER VALUES ('isabelwashington@booth.com', 'Dabriel', 'Wernett', 'Sukhraj', 'F', None 'New Kayla, WI 24624', 1, '$p5k2$$rUfh97Ml$wDCkwOtOVqUyQNK3B76WTjoSJYnjjqqF',NULL);
INSERT INTO PATIENT VALUES (57);
INSERT INTO GENERAL_USER VALUES ('brianwebb@yahoo.com', 'Garrot', 'Musslewhite', 'Aleathea', 'M', None '030 Diane Meadows', 1, '$p5k2$$.Hmem6nh$oFKxL.FPIODrXH/XNPe/SMVJFLvtOwgV',NULL);
INSERT INTO PATIENT VALUES (58);
INSERT INTO GENERAL_USER VALUES ('uvaldez@baird.com', 'April-rose', 'Riina', '', 'M', None '68729 Roberts Mountain', 1, '$p5k2$$RgJ0uJjf$UQpkevbFg6JUwyTIPNV.JOp6WpmsxWkx',NULL);
INSERT INTO PATIENT VALUES (59);
INSERT INTO GENERAL_USER VALUES ('troysanders@yahoo.com', 'Pospichel', 'Seals', 'Cherylan', 'F', None 'Jamesville, TX 46963', 1, '$p5k2$$nChslbf0$RDxLLRXhdQXtV7q2PksKmEMm.HqATwr8',NULL);
INSERT INTO PATIENT VALUES (60);
INSERT INTO GENERAL_USER VALUES ('ericthompson@yahoo.com', 'Toney', 'Parler', 'Mundo', 'F', None '0157 Eric Trail', 1, '$p5k2$$N1zh/MMV$4gnp6zrf6PreqP9qCUY4S9HnuAmAXQto',NULL);
INSERT INTO PATIENT VALUES (61);
INSERT INTO GENERAL_USER VALUES ('adammcclure@grant.com', 'Mazur', 'Bhavna', 'Phoebe', 'F', None '194 Lopez Brook Apt. 430', 1, '$p5k2$$QU.WjQnx$k7hwFHyBzMHe6WeY/rf4LkDNmB0wcI.V',NULL);
INSERT INTO PATIENT VALUES (62);
INSERT INTO GENERAL_USER VALUES ('dorothysmith@gmail.com', 'Sampana', 'Jamon', 'Murula', 'M', None '58580 Melanie Fort Apt. 685', 1, '$p5k2$$HE5bZx3S$ncbnSkR5Uzd05t2QEu6JZzAaB2/IuGaK',NULL);
INSERT INTO PATIENT VALUES (63);
INSERT INTO GENERAL_USER VALUES ('greendonald@smith.com', 'Genessy', 'Janik', '', 'M', None 'West Luisshire, MI 66327', 1, '$p5k2$$h6eVtnah$LhnRiqaPzTj7/.9rGVqMiQyaJPivWBnm',NULL);
INSERT INTO PATIENT VALUES (64);
INSERT INTO GENERAL_USER VALUES ('matthew84@hotmail.com', 'Aayat', 'Lowden', 'Feysal', 'M', None '873 Darlene Shores', 1, '$p5k2$$f3QXoEW2$.Vt7QWcHo/OtEee3Ywd1B4Q04LzZk6TR',NULL);
INSERT INTO PATIENT VALUES (65);
INSERT INTO GENERAL_USER VALUES ('vpadilla@young.com', 'Aumiller', 'Salte', 'Maeliyah', 'M', None 'Carlsonmouth, AK 67845', 1, '$p5k2$$Rllr.Au4$kilvgg9oi5qxnVrmlYwimTIh9BzLj.HN',NULL);
INSERT INTO PATIENT VALUES (66);
INSERT INTO GENERAL_USER VALUES ('rrios@richards-ferguson.com', 'Reedie', 'Stathas', '', 'M', None '473 Zachary Shoals', 1, '$p5k2$$qYaldG7J$uI5PVqWbLdhTPOZQ4mFZV5.i2B1P1sLQ',NULL);
INSERT INTO PATIENT VALUES (67);
INSERT INTO GENERAL_USER VALUES ('kimberly57@petersen.net', 'Sonequa', 'Vasim', 'Jonavan', 'F', None 'West Lucas, VT 40024', 1, '$p5k2$$zBzOfdXP$zC0L.8Ux9f6YVd2xiaiRIjyGkbhbOciE',NULL);
INSERT INTO PATIENT VALUES (68);
INSERT INTO GENERAL_USER VALUES ('kellyburns@calhoun.net', 'Nasworthy', 'Wetklow', 'Evgeniy', 'M', None 'USNS Garcia', 1, '$p5k2$$SRGZRtD5$9Ov15kEjGUlZ6GjZ/gWgV7VJI57xZ8wT',NULL);
INSERT INTO PATIENT VALUES (69);
INSERT INTO GENERAL_USER VALUES ('imiller@jones-dean.biz', 'Shaz', 'Nadal', '', 'M', None 'Lake Saramouth, ND 99475', 1, '$p5k2$$YPl24czO$fcUkCM0arDFnn.4pVUCbwkcNr7DLm.m0',NULL);
INSERT INTO PATIENT VALUES (70);
INSERT INTO GENERAL_USER VALUES ('dariuspham@reynolds.com', 'Kaytlan', 'Tawney', '', 'F', None '0135 Nichole Court', 1, '$p5k2$$ky8etJ6s$bySrzJ/d1BlH783e939wXotpX/iFgGB2',NULL);
INSERT INTO PATIENT VALUES (71);
INSERT INTO GENERAL_USER VALUES ('fryedustin@gmail.com', 'Blasi', 'Gunner', 'Derwood', 'F', None '6273 Christopher Way', 1, '$p5k2$$muZu0JFe$ZFsDxHlqLB85VRI2MwaQzjv3UEsdaeKe',NULL);
INSERT INTO PATIENT VALUES (72);
INSERT INTO GENERAL_USER VALUES ('ogarcia@white.com', 'Kentavius', 'Farland', '', 'F', None '56288 Mark Alley', 1, '$p5k2$$YoFxs4sM$b1NonN6uklcUZvs.ia/Sec9pEhdAAUHj',NULL);
INSERT INTO PATIENT VALUES (73);
INSERT INTO GENERAL_USER VALUES ('michaelcurtis@carlson-lee.info', 'Armour', 'Gonsalues', 'Millirones', 'F', None 'Millerburgh, SC 88039', 1, '$p5k2$$vtNdTi..$7bX4WjYO.lLHF5KGGnom.R/qz0/hcNfi',NULL);
INSERT INTO PATIENT VALUES (74);
INSERT INTO GENERAL_USER VALUES ('andrea87@hotmail.com', 'Nai', 'Lemoi', 'Dawson', 'M', None 'South Melissa, SD 17823', 1, '$p5k2$$5earT0WJ$OCmmLzaCB6pvgII3nSYIWtnc/K5n65D.',NULL);
INSERT INTO PATIENT VALUES (75);
INSERT INTO GENERAL_USER VALUES ('dberger@casey-kline.com', 'Jasier', 'Radwick', '', 'F', None '92676 Mitchell Stream', 1, '$p5k2$$Qv9rjt.7$TJ19ubwFLLuvnLtQ1xFGHHT81rbnjBS8',NULL);
INSERT INTO PATIENT VALUES (76);
INSERT INTO GENERAL_USER VALUES ('charlesmartin@wheeler.org', 'Canales', 'Arleth', 'Madelin', 'M', None 'APO AE 55137', 1, '$p5k2$$ncPsSUJ/$Ys5zh2QRDbq78IWnGuqbtDiLDWla1acz',NULL);
INSERT INTO PATIENT VALUES (77);
INSERT INTO GENERAL_USER VALUES ('ewhite@hotmail.com', 'Oakerson', 'Copsey', '', 'M', None 'New Karenchester, LA 46825', 1, '$p5k2$$mzEBzs6K$SY65znlc7a0aKYVH3PKNKFhz1DOrinrb',NULL);
INSERT INTO PATIENT VALUES (78);
INSERT INTO GENERAL_USER VALUES ('smithamy@hotmail.com', 'Yarelli', 'Rosenfield', 'Kerek', 'M', None '741 Kara Pass', 1, '$p5k2$$g8S9WvHb$f3GqqLfUc6XQuxYks1Zr1/xSUrE8RBrm',NULL);
INSERT INTO PATIENT VALUES (79);
INSERT INTO GENERAL_USER VALUES ('mark21@riley.com', 'Nahmod', 'Everitt', 'Cassiany', 'F', None '309 Bryant Islands', 1, '$p5k2$$WYVPPet4$BRr5Pv6j60KedS3vG2OuGsVEjztQMO4N',NULL);
INSERT INTO PATIENT VALUES (80);
INSERT INTO GENERAL_USER VALUES ('edavila@gmail.com', 'Mckaylah', 'Portell', '', 'M', None 'Karenville, MT 82125', 1, '$p5k2$$JIf60pwb$18uQ1A3btbyQRUS9VDsYcPzyXBVBJe5Q',NULL);
INSERT INTO PATIENT VALUES (81);
INSERT INTO GENERAL_USER VALUES ('briannaprince@sanford-adams.com', 'Haifa', 'Doshier', '', 'F', None '10417 Molly Coves', 1, '$p5k2$$iI6c90P1$UAUJzFMqKFlR47kA3cQg1.dQ.kHceggy',NULL);
INSERT INTO PATIENT VALUES (82);
INSERT INTO GENERAL_USER VALUES ('andrewhicks@gmail.com', 'Sayoko', 'Speegle', '', 'M', None '1985 David Springs', 1, '$p5k2$$MFnVURch$OOSstKobftCjiX6vY0adbsIJgf.thQD8',NULL);
INSERT INTO PATIENT VALUES (83);
INSERT INTO GENERAL_USER VALUES ('rebeccaford@campbell-fisher.net', 'Kylan-lee', 'Escalona', 'Nora', 'M', None '3225 Fleming Springs Apt. 808', 1, '$p5k2$$jmULz2Pp$2QWOO4Xqj5rTdFsGnubiDUxxb0vrqSEa',NULL);
INSERT INTO PATIENT VALUES (84);
INSERT INTO GENERAL_USER VALUES ('dblake@yahoo.com', 'Kaery', 'Polashek', '', 'F', None 'Maxwellshire, IL 92706', 1, '$p5k2$$ClgHTkQ0$RKjq/FlQPQcgD8uEZmLg5VtgiLYdWD58',NULL);
INSERT INTO PATIENT VALUES (85);
INSERT INTO GENERAL_USER VALUES ('jwatson@keith.com', 'Karyl', 'Gorrindo', 'Nicoară', 'M', None '923 Hunter Club', 1, '$p5k2$$T4JTJ1cM$afTShstol.Yi9iDgEG.JJh7K1ZIipcGr',NULL);
INSERT INTO PATIENT VALUES (86);
INSERT INTO GENERAL_USER VALUES ('cooperronald@gmail.com', 'Isaline', 'Thornbrugh', 'Brinleigh', 'F', None 'West Lonnie, NC 40085', 1, '$p5k2$$jbKRPiWb$WK/n06RkkzMMx4iWHQ5JjjvmmJ40pyos',NULL);
INSERT INTO PATIENT VALUES (87);
INSERT INTO GENERAL_USER VALUES ('javierholmes@haynes.info', 'Laterrance', 'Vennes', 'Myrtille', 'M', None 'Lake Jessicaside, FL 42607', 1, '$p5k2$$PCo/1qNb$V4u5AEQAHe7689aiyOa.xZ8RTvE8ix/l',NULL);
INSERT INTO PATIENT VALUES (88);
INSERT INTO GENERAL_USER VALUES ('destiny87@schroeder.org', 'Ditmir', 'Mosher', '', 'M', None '76227 Allen Cove Apt. 593', 1, '$p5k2$$8GAZ7xOa$1mnU6/IXLY1uhBWCVbIjfvkyIQ2vIN3u',NULL);
INSERT INTO PATIENT VALUES (89);
INSERT INTO GENERAL_USER VALUES ('lisa20@johnson.com', 'Tessia', 'Louder', 'Doneal', 'M', None '2824 Smith Lodge', 1, '$p5k2$$e39nNjzs$et1BxZg2/6TUQ79NKr8XR.te5wLRNRqi',NULL);
INSERT INTO PATIENT VALUES (90);
INSERT INTO GENERAL_USER VALUES ('fisherjohn@yahoo.com', 'Sabur', 'Avelar', '', 'M', None '754 Erin Roads', 1, '$p5k2$$uInU3lXx$EdJeaV8dxpUCT9WGgrR2kYK80Vq4hpYZ',NULL);
INSERT INTO PATIENT VALUES (91);
INSERT INTO GENERAL_USER VALUES ('mharris@hotmail.com', 'Jyn', 'Rivett', '', 'F', None 'Gonzalesview, MO 20727', 1, '$p5k2$$.pFjOskW$DNqN0c6MRiOn1hGK2DbAcvkeU.MWoWSu',NULL);
INSERT INTO PATIENT VALUES (92);
INSERT INTO GENERAL_USER VALUES ('greenian@yahoo.com', 'Jazaniah', 'Jaydurga', '', 'M', None 'Hughesbury, MI 43060', 1, '$p5k2$$t5c.4Cdy$hmJGP506Ae4W5Vixr0WX6EBz4ZuUmtpc',NULL);
INSERT INTO PATIENT VALUES (93);
INSERT INTO GENERAL_USER VALUES ('tiffany41@gray-cruz.com', 'Creggan', 'Preyer', 'Idar', 'M', None '145 Finley Brook', 1, '$p5k2$$EHGpYVtB$sKkPoG1v.aechKCfSr8YqQQVP5cIiIL.',NULL);
INSERT INTO PATIENT VALUES (94);
INSERT INTO GENERAL_USER VALUES ('michaelayala@ramirez.com', 'Sigfinnur', 'Arrey', '', 'M', None 'North Tylermouth, CT 48516', 1, '$p5k2$$0HSOPkUz$Kq88uK4thKpvLWVowbOFVVigEMZlm9D7',NULL);
INSERT INTO PATIENT VALUES (95);
INSERT INTO GENERAL_USER VALUES ('wandawarren@yahoo.com', 'Jed-jnr', 'Pflugh', 'Fajr', 'F', None 'North James, MN 55192', 1, '$p5k2$$3jUshRas$jjQxgi/zkDg5YEJrqiC2uEDfdFP5d/HC',NULL);
INSERT INTO PATIENT VALUES (96);
INSERT INTO GENERAL_USER VALUES ('johnlong@todd.info', 'Danyette', 'Hinojos', '', 'M', None 'Lake Brent, DE 53065', 1, '$p5k2$$x9xy2aY.$H5BXjzyqPTduTXKbIQnv/UG7u0FHXKjU',NULL);
INSERT INTO PATIENT VALUES (97);
INSERT INTO GENERAL_USER VALUES ('connersusan@patton.com', 'Adae', 'Demetrakos', 'Fadim', 'M', None '820 Adam View', 1, '$p5k2$$L9TIIRvU$dIrxq1Ogeluogx18fStrvhs/SviC7xuc',NULL);
INSERT INTO PATIENT VALUES (98);
INSERT INTO GENERAL_USER VALUES ('kylesmith@martin.net', 'Aolaith', 'Nossett', 'Jerimah', 'F', None 'Campbellhaven, MT 45680', 1, '$p5k2$$xUyWddBu$8wfHhZZTg1WjUrdH7b4nZsUh9.HdP3KD',NULL);
INSERT INTO PATIENT VALUES (99);
INSERT INTO GENERAL_USER VALUES ('bridgetsmith@hernandez-conley.com', 'Maverik', 'Feldhake', '', 'F', None 'APO AP 94437', 1, '$p5k2$$ZGwSKzj6$11nHyWstEXA6240AnI5zcRuqJHvkR9ii',NULL);
INSERT INTO PATIENT VALUES (100);
INSERT INTO GENERAL_USER VALUES ('millerjames@friedman.com', 'Yonnie', 'Warters', 'Tika', 'M', None '516 Matthew Meadow Suite 131', 0, '$p5k2$$YX4KAFni$Dw/BAiAhb/YVgDeltdi51VrnBaeR50f8',NULL);
INSERT INTO WORKING_STAFF VALUES(1, 3300, 'Qualification 28');
INSERT INTO STAFF_SCHEDULE VALUES(1, 1);
INSERT INTO STAFF_SCHEDULE VALUES(1, 2);
INSERT INTO STAFF_SCHEDULE VALUES(1, 3);
INSERT INTO STAFF_SCHEDULE VALUES(1, 4);
INSERT INTO STAFF_SCHEDULE VALUES(1, 5);
INSERT INTO DOCTOR VALUES (1, 9);
INSERT INTO GENERAL_USER VALUES ('thomasmadison@gmail.com', 'Myriane', 'Manzella', '', 'F', None 'East Christopherburgh, MT 24197', 0, '$p5k2$$ebHRzffA$vmszDbhoNiT4JXRY78n9rfEq4Z18hYAi',NULL);
INSERT INTO WORKING_STAFF VALUES(2, 2300, 'Qualification 4');
INSERT INTO STAFF_SCHEDULE VALUES(2, 1);
INSERT INTO STAFF_SCHEDULE VALUES(2, 2);
INSERT INTO STAFF_SCHEDULE VALUES(2, 3);
INSERT INTO STAFF_SCHEDULE VALUES(2, 4);
INSERT INTO STAFF_SCHEDULE VALUES(2, 5);
INSERT INTO DOCTOR VALUES (2, 3);
INSERT INTO GENERAL_USER VALUES ('fgreen@morrison-esparza.info', 'Trenasia', 'Shivyalam', 'Lelen', 'F', None 'Fordchester, CO 49738', 0, '$p5k2$$tkfPIxc5$268HdW/xidBovZzsO9pW5avKdhg.Y2TQ',NULL);
INSERT INTO WORKING_STAFF VALUES(3, 4450, 'Qualification 39');
INSERT INTO STAFF_SCHEDULE VALUES(3, 1);
INSERT INTO STAFF_SCHEDULE VALUES(3, 2);
INSERT INTO STAFF_SCHEDULE VALUES(3, 3);
INSERT INTO STAFF_SCHEDULE VALUES(3, 4);
INSERT INTO STAFF_SCHEDULE VALUES(3, 5);
INSERT INTO DOCTOR VALUES (3, 2);
INSERT INTO GENERAL_USER VALUES ('qrobinson@wade.com', 'Cabiria', 'Limke', '', 'F', None '16548 Grimes Mills', 0, '$p5k2$$SRtTDtul$Y/P/VGeNgklZVV64EfL/u6gm6RtNVexu',NULL);
INSERT INTO WORKING_STAFF VALUES(4, 2500, 'Qualification 41');
INSERT INTO STAFF_SCHEDULE VALUES(4, 1);
INSERT INTO STAFF_SCHEDULE VALUES(4, 2);
INSERT INTO STAFF_SCHEDULE VALUES(4, 3);
INSERT INTO STAFF_SCHEDULE VALUES(4, 4);
INSERT INTO STAFF_SCHEDULE VALUES(4, 5);
INSERT INTO DOCTOR VALUES (4, 7);
INSERT INTO GENERAL_USER VALUES ('colehaley@choi.com', 'Kirianna', 'Cumber', 'Yalitza', 'F', None '60651 Nicholas Square Apt. 375', 0, '$p5k2$$41SFFA9J$YNZcorZsVy34RYS9r0LCjPQnqElH0vF1',NULL);
INSERT INTO WORKING_STAFF VALUES(5, 5800, 'Qualification 3');
INSERT INTO STAFF_SCHEDULE VALUES(5, 1);
INSERT INTO STAFF_SCHEDULE VALUES(5, 2);
INSERT INTO STAFF_SCHEDULE VALUES(5, 3);
INSERT INTO STAFF_SCHEDULE VALUES(5, 4);
INSERT INTO STAFF_SCHEDULE VALUES(5, 5);
INSERT INTO DOCTOR VALUES (5, 1);
INSERT INTO GENERAL_USER VALUES ('qhuang@yahoo.com', 'Ceretha', 'Aardema', '', 'F', None '8391 Simpson Squares', 0, '$p5k2$$KQKRRdEM$qZE/z76XoKp7Fd4ulRV18xw8rBuaFh3v',NULL);
INSERT INTO WORKING_STAFF VALUES(6, 5400, 'Qualification 11');
INSERT INTO STAFF_SCHEDULE VALUES(6, 1);
INSERT INTO STAFF_SCHEDULE VALUES(6, 2);
INSERT INTO STAFF_SCHEDULE VALUES(6, 3);
INSERT INTO STAFF_SCHEDULE VALUES(6, 4);
INSERT INTO STAFF_SCHEDULE VALUES(6, 5);
INSERT INTO DOCTOR VALUES (6, 4);
INSERT INTO GENERAL_USER VALUES ('ysullivan@parker.com', 'Shanida', 'Sonnen', 'Winthrop', 'M', None 'Phillipsbury, PA 40444', 0, '$p5k2$$mSfWn1M5$AYdE7ihFpHG6wpPrAQhgo0vQNjfp9B8c',NULL);
INSERT INTO WORKING_STAFF VALUES(7, 4800, 'Qualification 2');
INSERT INTO STAFF_SCHEDULE VALUES(7, 1);
INSERT INTO STAFF_SCHEDULE VALUES(7, 2);
INSERT INTO STAFF_SCHEDULE VALUES(7, 3);
INSERT INTO STAFF_SCHEDULE VALUES(7, 4);
INSERT INTO STAFF_SCHEDULE VALUES(7, 5);
INSERT INTO DOCTOR VALUES (7, 6);
INSERT INTO GENERAL_USER VALUES ('wesley85@yahoo.com', 'Jayson', 'Capestany', 'Kenet', 'M', None 'Patrickstad, MO 88594', 0, '$p5k2$$iErgiWDD$7gvo/8cebfqhI.PHF/ZJDqWTimKS4zCv',NULL);
INSERT INTO WORKING_STAFF VALUES(8, 4550, 'Qualification 43');
INSERT INTO STAFF_SCHEDULE VALUES(8, 1);
INSERT INTO STAFF_SCHEDULE VALUES(8, 2);
INSERT INTO STAFF_SCHEDULE VALUES(8, 3);
INSERT INTO STAFF_SCHEDULE VALUES(8, 4);
INSERT INTO STAFF_SCHEDULE VALUES(8, 5);
INSERT INTO DOCTOR VALUES (8, 8);
INSERT INTO GENERAL_USER VALUES ('blakeleonard@gmail.com', 'Kareemah', 'Prisbrey', '', 'F', None 'Patrickland, NH 79364', 0, '$p5k2$$/AuTGGv.$7eMBy6vFHdonwkJd4QgAby9PrhnLvtmg',NULL);
INSERT INTO WORKING_STAFF VALUES(9, 3400, 'Qualification 32');
INSERT INTO STAFF_SCHEDULE VALUES(9, 1);
INSERT INTO STAFF_SCHEDULE VALUES(9, 2);
INSERT INTO STAFF_SCHEDULE VALUES(9, 3);
INSERT INTO STAFF_SCHEDULE VALUES(9, 4);
INSERT INTO STAFF_SCHEDULE VALUES(9, 5);
INSERT INTO DOCTOR VALUES (9, 5);
INSERT INTO GENERAL_USER VALUES ('garystafford@coleman.com', 'Alika', 'Kressierer', 'Nashton', 'F', None '79565 Melissa Cove Apt. 941', 0, '$p5k2$$1lNyPGOW$4mi.Jf4QUwP7BHeWIkL2pmMJntns2sTJ',NULL);
INSERT INTO WORKING_STAFF VALUES(10, 5800, 'Qualification 24');
INSERT INTO STAFF_SCHEDULE VALUES(10, 1);
INSERT INTO STAFF_SCHEDULE VALUES(10, 2);
INSERT INTO STAFF_SCHEDULE VALUES(10, 3);
INSERT INTO STAFF_SCHEDULE VALUES(10, 4);
INSERT INTO STAFF_SCHEDULE VALUES(10, 5);
INSERT INTO DOCTOR VALUES (10, None);
INSERT INTO GENERAL_USER VALUES ('sarahmorrison@smith.org', 'Tatsyana', 'Ator', 'Agathe', 'F', None 'FPO AA 27826', 0, '$p5k2$$tSODfPes$3TO4sVCgLPmA6W2Q4q/047zk9mGM2xEP',NULL);
INSERT INTO WORKING_STAFF VALUES(1, 5600, 'Qualification 425');
INSERT INTO STAFF_SCHEDULE VALUES(1, 1);
INSERT INTO STAFF_SCHEDULE VALUES(1, 2);
INSERT INTO STAFF_SCHEDULE VALUES(1, 3);
INSERT INTO STAFF_SCHEDULE VALUES(1, 4);
INSERT INTO STAFF_SCHEDULE VALUES(1, 5);
INSERT INTO NURSE VALUES (1, 9);
INSERT INTO GENERAL_USER VALUES ('bartonryan@diaz-boyle.com', 'Lionel', 'Connole', 'Raychael', 'M', None '255 Mary Road', 0, '$p5k2$$v9.Ks1Vm$UCS9DedHVjLuzesLy4RpGa8Non31HeC8',NULL);
INSERT INTO WORKING_STAFF VALUES(2, 2000, 'Qualification 451');
INSERT INTO STAFF_SCHEDULE VALUES(2, 1);
INSERT INTO STAFF_SCHEDULE VALUES(2, 2);
INSERT INTO STAFF_SCHEDULE VALUES(2, 3);
INSERT INTO STAFF_SCHEDULE VALUES(2, 4);
INSERT INTO STAFF_SCHEDULE VALUES(2, 5);
INSERT INTO NURSE VALUES (2, 5);
INSERT INTO GENERAL_USER VALUES ('kari96@brown-johnson.com', 'Antim', 'Diangelo', '', 'M', None 'Salazarberg, CT 06570', 0, '$p5k2$$GQEEJNpm$9aJMDUA443Lfx9smkmpbahn2pdyXrm9W',NULL);
INSERT INTO WORKING_STAFF VALUES(3, 3150, 'Qualification 133');
INSERT INTO STAFF_SCHEDULE VALUES(3, 1);
INSERT INTO STAFF_SCHEDULE VALUES(3, 2);
INSERT INTO STAFF_SCHEDULE VALUES(3, 3);
INSERT INTO STAFF_SCHEDULE VALUES(3, 4);
INSERT INTO STAFF_SCHEDULE VALUES(3, 5);
INSERT INTO NURSE VALUES (3, 9);
INSERT INTO GENERAL_USER VALUES ('terrygilbert@yahoo.com', 'Julisia', 'Ninnemann', '', 'M', None 'Port Evanview, NY 28081', 0, '$p5k2$$4RALZ.Qn$D24tcP2vAr/TAazjvuAZHFKiFCBaXR1E',NULL);
INSERT INTO WORKING_STAFF VALUES(4, 5650, 'Qualification 144');
INSERT INTO STAFF_SCHEDULE VALUES(4, 1);
INSERT INTO STAFF_SCHEDULE VALUES(4, 2);
INSERT INTO STAFF_SCHEDULE VALUES(4, 3);
INSERT INTO STAFF_SCHEDULE VALUES(4, 4);
INSERT INTO STAFF_SCHEDULE VALUES(4, 5);
INSERT INTO NURSE VALUES (4, 5);
INSERT INTO GENERAL_USER VALUES ('russellrenee@yahoo.com', 'Chairity', 'Stambach', '', 'F', None 'North Jonathan, MS 30343', 0, '$p5k2$$1PNyzNuu$EOWqF5c4Mk1ctSOfhd6DNFZmHUEmSYPZ',NULL);
INSERT INTO WORKING_STAFF VALUES(5, 5550, 'Qualification 42');
INSERT INTO STAFF_SCHEDULE VALUES(5, 1);
INSERT INTO STAFF_SCHEDULE VALUES(5, 2);
INSERT INTO STAFF_SCHEDULE VALUES(5, 3);
INSERT INTO STAFF_SCHEDULE VALUES(5, 4);
INSERT INTO STAFF_SCHEDULE VALUES(5, 5);
INSERT INTO NURSE VALUES (5, 1);
INSERT INTO GENERAL_USER VALUES ('mandersen@williams.net', 'Polly-rose', 'Vangalder', 'Ramelle', 'M', None '202 Roberts Cliff Apt. 625', 0, '$p5k2$$iQg.hTrb$S6ho9Cd3H0TpL36mdAAyDtKDNlO7feRN',NULL);
INSERT INTO WORKING_STAFF VALUES(6, 2300, 'Qualification 425');
INSERT INTO STAFF_SCHEDULE VALUES(6, 1);
INSERT INTO STAFF_SCHEDULE VALUES(6, 2);
INSERT INTO STAFF_SCHEDULE VALUES(6, 3);
INSERT INTO STAFF_SCHEDULE VALUES(6, 4);
INSERT INTO STAFF_SCHEDULE VALUES(6, 5);
INSERT INTO NURSE VALUES (6, 4);
INSERT INTO GENERAL_USER VALUES ('stephanieperez@welch.org', 'Orita', 'Rob', 'Jannette', 'M', None 'West Morganfort, DE 76495', 0, '$p5k2$$e8tPBliq$2jCV33Y.cfTLzmN.x9vTT04ehsUPdhRC',NULL);
INSERT INTO WORKING_STAFF VALUES(7, 6000, 'Qualification 1');
INSERT INTO STAFF_SCHEDULE VALUES(7, 1);
INSERT INTO STAFF_SCHEDULE VALUES(7, 2);
INSERT INTO STAFF_SCHEDULE VALUES(7, 3);
INSERT INTO STAFF_SCHEDULE VALUES(7, 4);
INSERT INTO STAFF_SCHEDULE VALUES(7, 5);
INSERT INTO NURSE VALUES (7, 7);
INSERT INTO GENERAL_USER VALUES ('kathleenmason@sandoval-chavez.net', 'Dyran', 'Melandez', 'Darnishia', 'M', None 'Jeffhaven, CO 70657', 0, '$p5k2$$fy1OC/bv$Gsj3Tu2ouh1M.2KM/gh96mIEwsSU/iav',NULL);
INSERT INTO WORKING_STAFF VALUES(8, 2650, 'Qualification 135');
INSERT INTO STAFF_SCHEDULE VALUES(8, 1);
INSERT INTO STAFF_SCHEDULE VALUES(8, 2);
INSERT INTO STAFF_SCHEDULE VALUES(8, 3);
INSERT INTO STAFF_SCHEDULE VALUES(8, 4);
INSERT INTO STAFF_SCHEDULE VALUES(8, 5);
INSERT INTO NURSE VALUES (8, 8);
INSERT INTO GENERAL_USER VALUES ('xgilbert@garcia.com', 'Manzano', 'Lecocq', '', 'F', None '57961 Brown Rapids Suite 493', 0, '$p5k2$$wFAeJNv2$EdyGdr0RK/9sd2T3wfS5xB2yYXamQUvv',NULL);
INSERT INTO WORKING_STAFF VALUES(9, 3850, 'Qualification 489');
INSERT INTO STAFF_SCHEDULE VALUES(9, 1);
INSERT INTO STAFF_SCHEDULE VALUES(9, 2);
INSERT INTO STAFF_SCHEDULE VALUES(9, 3);
INSERT INTO STAFF_SCHEDULE VALUES(9, 4);
INSERT INTO STAFF_SCHEDULE VALUES(9, 5);
INSERT INTO NURSE VALUES (9, 4);
INSERT INTO GENERAL_USER VALUES ('lpratt@hernandez.net', 'Thayden', 'Kanae', '', 'M', None 'New Roy, ME 74684', 0, '$p5k2$$fibVeInW$U0r9gH33t2N.sKgr2jXjSoB/6ELAsqf6',NULL);
INSERT INTO WORKING_STAFF VALUES(10, 5200, 'Qualification 35');
INSERT INTO STAFF_SCHEDULE VALUES(10, 1);
INSERT INTO STAFF_SCHEDULE VALUES(10, 2);
INSERT INTO STAFF_SCHEDULE VALUES(10, 3);
INSERT INTO STAFF_SCHEDULE VALUES(10, 4);
INSERT INTO STAFF_SCHEDULE VALUES(10, 5);
INSERT INTO NURSE VALUES (10, 6);
INSERT INTO GENERAL_USER VALUES ('toddlaurie@gmail.com', 'Bonilla-rivera', 'Donado', '', 'M', None 'West Raymondland, AR 39492', 0, '$p5k2$$MtXbe1.Y$xNiYpEH1B48QNk8A.O7kAxfbct7h7chz',NULL);
INSERT INTO WORKING_STAFF VALUES(11, 4250, 'Qualification 123');
INSERT INTO STAFF_SCHEDULE VALUES(11, 1);
INSERT INTO STAFF_SCHEDULE VALUES(11, 2);
INSERT INTO STAFF_SCHEDULE VALUES(11, 3);
INSERT INTO STAFF_SCHEDULE VALUES(11, 4);
INSERT INTO STAFF_SCHEDULE VALUES(11, 5);
INSERT INTO NURSE VALUES (11, 6);
INSERT INTO GENERAL_USER VALUES ('benderjohnathan@yahoo.com', 'Domico', 'Frenkel', '', 'F', None 'West Donna, TN 20068', 0, '$p5k2$$SVMBSAU2$qNoS9E6F2ZZmuX534QKZn7ypGuHqimNA',NULL);
INSERT INTO WORKING_STAFF VALUES(12, 5050, 'Qualification 283');
INSERT INTO STAFF_SCHEDULE VALUES(12, 1);
INSERT INTO STAFF_SCHEDULE VALUES(12, 2);
INSERT INTO STAFF_SCHEDULE VALUES(12, 3);
INSERT INTO STAFF_SCHEDULE VALUES(12, 4);
INSERT INTO STAFF_SCHEDULE VALUES(12, 5);
INSERT INTO NURSE VALUES (12, 10);
INSERT INTO GENERAL_USER VALUES ('griffinkenneth@gmail.com', 'Alijiah', 'Darrin', '', 'F', None 'Allisonburgh, VA 36713', 0, '$p5k2$$XPlksU8r$IvkEt3ewMoTIOWIVvDHpuOQgSNAxmUuj',NULL);
INSERT INTO WORKING_STAFF VALUES(13, 2200, 'Qualification 347');
INSERT INTO STAFF_SCHEDULE VALUES(13, 1);
INSERT INTO STAFF_SCHEDULE VALUES(13, 2);
INSERT INTO STAFF_SCHEDULE VALUES(13, 3);
INSERT INTO STAFF_SCHEDULE VALUES(13, 4);
INSERT INTO STAFF_SCHEDULE VALUES(13, 5);
INSERT INTO NURSE VALUES (13, 8);
INSERT INTO GENERAL_USER VALUES ('robertsjimmy@hotmail.com', 'Clevester', 'Desnoyer', 'Velita', 'F', None 'New Derekstad, WV 15799', 0, '$p5k2$$uaBepxb8$XXAOLbf6TbPkFPZ27wwV5d/6nZXklx/Q',NULL);
INSERT INTO WORKING_STAFF VALUES(14, 3850, 'Qualification 305');
INSERT INTO STAFF_SCHEDULE VALUES(14, 1);
INSERT INTO STAFF_SCHEDULE VALUES(14, 2);
INSERT INTO STAFF_SCHEDULE VALUES(14, 3);
INSERT INTO STAFF_SCHEDULE VALUES(14, 4);
INSERT INTO STAFF_SCHEDULE VALUES(14, 5);
INSERT INTO NURSE VALUES (14, 3);
INSERT INTO GENERAL_USER VALUES ('rachel65@yahoo.com', 'Mallee', 'Rankins', 'Jabahri', 'F', None 'Loritown, PA 31520', 0, '$p5k2$$WnebDqSQ$1gP.6xHTG3CysafhphbFd1n7sH4w4v11',NULL);
INSERT INTO WORKING_STAFF VALUES(15, 3000, 'Qualification 376');
INSERT INTO STAFF_SCHEDULE VALUES(15, 1);
INSERT INTO STAFF_SCHEDULE VALUES(15, 2);
INSERT INTO STAFF_SCHEDULE VALUES(15, 3);
INSERT INTO STAFF_SCHEDULE VALUES(15, 4);
INSERT INTO STAFF_SCHEDULE VALUES(15, 5);
INSERT INTO NURSE VALUES (15, 4);
INSERT INTO GENERAL_USER VALUES ('fletcherdavid@decker-williams.net', 'Jere', 'Scripps', 'Macarius', 'M', None 'Gibsonburgh, TX 89067', 0, '$p5k2$$w6/3sKBA$3vnPlkP3DP/jYv.oJd.skq8G0qOXBOT2',NULL);
INSERT INTO WORKING_STAFF VALUES(16, 3650, 'Qualification 133');
INSERT INTO STAFF_SCHEDULE VALUES(16, 1);
INSERT INTO STAFF_SCHEDULE VALUES(16, 2);
INSERT INTO STAFF_SCHEDULE VALUES(16, 3);
INSERT INTO STAFF_SCHEDULE VALUES(16, 4);
INSERT INTO STAFF_SCHEDULE VALUES(16, 5);
INSERT INTO NURSE VALUES (16, 7);
INSERT INTO GENERAL_USER VALUES ('ythomas@payne-hayden.com', 'Gaddis', 'Klasen', 'Béranger', 'F', None 'Lake Daniel, MN 46537', 0, '$p5k2$$oY673Bvb$sk2QsPuZl0GNab3wBP.wd3Yw1//wisez',NULL);
INSERT INTO WORKING_STAFF VALUES(17, 5350, 'Qualification 134');
INSERT INTO STAFF_SCHEDULE VALUES(17, 1);
INSERT INTO STAFF_SCHEDULE VALUES(17, 2);
INSERT INTO STAFF_SCHEDULE VALUES(17, 3);
INSERT INTO STAFF_SCHEDULE VALUES(17, 4);
INSERT INTO STAFF_SCHEDULE VALUES(17, 5);
INSERT INTO NURSE VALUES (17, 4);
INSERT INTO GENERAL_USER VALUES ('yhahn@hotmail.com', 'Cadmann', 'Fredette', '', 'F', None 'Garyhaven, VT 83462', 0, '$p5k2$$EKoPWz5T$SEL3FvSg4EQIPy2tqIh.Lk2kin10OGfk',NULL);
INSERT INTO WORKING_STAFF VALUES(18, 2700, 'Qualification 371');
INSERT INTO STAFF_SCHEDULE VALUES(18, 1);
INSERT INTO STAFF_SCHEDULE VALUES(18, 2);
INSERT INTO STAFF_SCHEDULE VALUES(18, 3);
INSERT INTO STAFF_SCHEDULE VALUES(18, 4);
INSERT INTO STAFF_SCHEDULE VALUES(18, 5);
INSERT INTO NURSE VALUES (18, 2);
INSERT INTO GENERAL_USER VALUES ('kenneth83@williams.com', 'Dagney', 'Damini', 'Kolnick', 'F', None '7519 Casey Valleys', 0, '$p5k2$$ch03GDDM$NUpgY8bDQ8ise8b7YnS6u.1OywcQxtKD',NULL);
INSERT INTO WORKING_STAFF VALUES(19, 5650, 'Qualification 55');
INSERT INTO STAFF_SCHEDULE VALUES(19, 1);
INSERT INTO STAFF_SCHEDULE VALUES(19, 2);
INSERT INTO STAFF_SCHEDULE VALUES(19, 3);
INSERT INTO STAFF_SCHEDULE VALUES(19, 4);
INSERT INTO STAFF_SCHEDULE VALUES(19, 5);
INSERT INTO NURSE VALUES (19, 9);
INSERT INTO GENERAL_USER VALUES ('oarnold@diaz.com', 'Jaevon', 'Lariviere', '', 'M', None 'Sethchester, MN 24523', 0, '$p5k2$$RauZEbEs$iRrvz4.PG1pm2WfOca92GbaKbmyDJf1v',NULL);
INSERT INTO WORKING_STAFF VALUES(20, 2700, 'Qualification 478');
INSERT INTO STAFF_SCHEDULE VALUES(20, 1);
INSERT INTO STAFF_SCHEDULE VALUES(20, 2);
INSERT INTO STAFF_SCHEDULE VALUES(20, 3);
INSERT INTO STAFF_SCHEDULE VALUES(20, 4);
INSERT INTO STAFF_SCHEDULE VALUES(20, 5);
INSERT INTO NURSE VALUES (20, 4);
INSERT INTO GENERAL_USER VALUES ('brooksashley@brewer.org', 'Leonne', 'Renshaw', '', 'M', None '871 Cynthia Lodge Apt. 099', 0, '$p5k2$$WSTlZzX9$N/BEZH9nKsVPRQUVvXUDoQfJdMD3ff6N',NULL);
INSERT INTO WORKING_STAFF VALUES(1, None, 'Qualification 259');
INSERT INTO STAFF_SCHEDULE VALUES(1, 1);
INSERT INTO STAFF_SCHEDULE VALUES(1, 2);
INSERT INTO STAFF_SCHEDULE VALUES(1, 3);
INSERT INTO STAFF_SCHEDULE VALUES(1, 4);
INSERT INTO STAFF_SCHEDULE VALUES(1, 5);
INSERT INTO ACCOUNTANT VALUES(1, 751791);
INSERT INTO GENERAL_USER VALUES ('sparkscarol@hotmail.com', 'Keal', 'Totter', '', 'F', None '9557 Novak Valley', 0, '$p5k2$$507bAEQ1$fDG3546oXgx37USbtMMUjNPI003q0C7b',NULL);
INSERT INTO WORKING_STAFF VALUES(2, None, 'Qualification 52');
INSERT INTO STAFF_SCHEDULE VALUES(2, 1);
INSERT INTO STAFF_SCHEDULE VALUES(2, 2);
INSERT INTO STAFF_SCHEDULE VALUES(2, 3);
INSERT INTO STAFF_SCHEDULE VALUES(2, 4);
INSERT INTO STAFF_SCHEDULE VALUES(2, 5);
INSERT INTO ACCOUNTANT VALUES(2, 467890);
INSERT INTO GENERAL_USER VALUES ('sheila87@gmail.com', 'Ghenet', 'Hillman', '', 'F', None 'Barbaraburgh, MT 60167', 0, '$p5k2$$I/pjSHWg$LiTSaDnKgGIVQ5maHXksxyQ6AgRgSd9y',NULL);
INSERT INTO WORKING_STAFF VALUES(3, None, 'Qualification 122');
INSERT INTO STAFF_SCHEDULE VALUES(3, 1);
INSERT INTO STAFF_SCHEDULE VALUES(3, 2);
INSERT INTO STAFF_SCHEDULE VALUES(3, 3);
INSERT INTO STAFF_SCHEDULE VALUES(3, 4);
INSERT INTO STAFF_SCHEDULE VALUES(3, 5);
INSERT INTO ACCOUNTANT VALUES(3, 567449);
INSERT INTO GENERAL_USER VALUES ('svargas@yahoo.com', 'Leahla', 'Stinar', '', 'M', None '8547 Johnson Ridges Suite 106', 0, '$p5k2$$NIwiOiJa$jojviGjXM6akhv7JeGD4ev0gH9ZclC.y',NULL);
INSERT INTO WORKING_STAFF VALUES(4, None, 'Qualification 476');
INSERT INTO STAFF_SCHEDULE VALUES(4, 1);
INSERT INTO STAFF_SCHEDULE VALUES(4, 2);
INSERT INTO STAFF_SCHEDULE VALUES(4, 3);
INSERT INTO STAFF_SCHEDULE VALUES(4, 4);
INSERT INTO STAFF_SCHEDULE VALUES(4, 5);
INSERT INTO ACCOUNTANT VALUES(4, 655078);
INSERT INTO GENERAL_USER VALUES ('zreid@black.org', 'Shukura', 'Mckinnies', '', 'M', None 'Robinsonbury, NM 04743', 0, '$p5k2$$GqJ2x/aa$51juxo6SUmTMNIHj3TdgvTlOTEvDizN9',NULL);
INSERT INTO WORKING_STAFF VALUES(5, None, 'Qualification 487');
INSERT INTO STAFF_SCHEDULE VALUES(5, 1);
INSERT INTO STAFF_SCHEDULE VALUES(5, 2);
INSERT INTO STAFF_SCHEDULE VALUES(5, 3);
INSERT INTO STAFF_SCHEDULE VALUES(5, 4);
INSERT INTO STAFF_SCHEDULE VALUES(5, 5);
INSERT INTO ACCOUNTANT VALUES(5, 583545);
INSERT INTO GENERAL_USER VALUES ('melissa63@yahoo.com', 'Rossie', 'Romine', 'Jahleah', 'M', None 'Weissshire, CT 22421', 0, '$p5k2$$RXMUY6bn$t35RhWgtMm/8Vw6gKyUPfGETk54BD1qu',NULL);
INSERT INTO WORKING_STAFF VALUES(6, None, 'Qualification 75');
INSERT INTO STAFF_SCHEDULE VALUES(6, 1);
INSERT INTO STAFF_SCHEDULE VALUES(6, 2);
INSERT INTO STAFF_SCHEDULE VALUES(6, 3);
INSERT INTO STAFF_SCHEDULE VALUES(6, 4);
INSERT INTO STAFF_SCHEDULE VALUES(6, 5);
INSERT INTO ACCOUNTANT VALUES(6, 738114);
INSERT INTO GENERAL_USER VALUES ('megan07@mckay.org', 'Neston', 'Szady', '', 'M', None 'Garciaborough, MA 95546', 0, '$p5k2$$hGMuAEi/$XNQ0ARGrPGvtLDqWzsrV6ZsbQCc06cNn',NULL);
INSERT INTO WORKING_STAFF VALUES(7, None, 'Qualification 109');
INSERT INTO STAFF_SCHEDULE VALUES(7, 1);
INSERT INTO STAFF_SCHEDULE VALUES(7, 2);
INSERT INTO STAFF_SCHEDULE VALUES(7, 3);
INSERT INTO STAFF_SCHEDULE VALUES(7, 4);
INSERT INTO STAFF_SCHEDULE VALUES(7, 5);
INSERT INTO ACCOUNTANT VALUES(7, 210800);
INSERT INTO GENERAL_USER VALUES ('travisrichard@smith.biz', 'Oppen', 'Missino', 'Bittle', 'M', None 'Jessicatown, NH 17959', 0, '$p5k2$$ll9xGbvD$njtUwyPdmUHw7ZxS3o18z02QvNGUvT1y',NULL);
INSERT INTO WORKING_STAFF VALUES(8, None, 'Qualification 217');
INSERT INTO STAFF_SCHEDULE VALUES(8, 1);
INSERT INTO STAFF_SCHEDULE VALUES(8, 2);
INSERT INTO STAFF_SCHEDULE VALUES(8, 3);
INSERT INTO STAFF_SCHEDULE VALUES(8, 4);
INSERT INTO STAFF_SCHEDULE VALUES(8, 5);
INSERT INTO ACCOUNTANT VALUES(8, 678467);
INSERT INTO GENERAL_USER VALUES ('williambarnett@gmail.com', 'Engrácio', 'Afrina', 'Melivn', 'F', None '461 Rogers Landing', 0, '$p5k2$$dzol71Lo$YWCN.CYlGzDqpngGfwYNIG2gk5jSYSP6',NULL);
INSERT INTO WORKING_STAFF VALUES(9, None, 'Qualification 499');
INSERT INTO STAFF_SCHEDULE VALUES(9, 1);
INSERT INTO STAFF_SCHEDULE VALUES(9, 2);
INSERT INTO STAFF_SCHEDULE VALUES(9, 3);
INSERT INTO STAFF_SCHEDULE VALUES(9, 4);
INSERT INTO STAFF_SCHEDULE VALUES(9, 5);
INSERT INTO ACCOUNTANT VALUES(9, 542745);
INSERT INTO GENERAL_USER VALUES ('howardmiller@james.info', 'Aloria', 'Birkenmeier', 'Maysel', 'M', None 'New Mirandatown, AK 83931', 0, '$p5k2$$iQ91QmTI$KYJgBqP8f0P4LRTyWFDYRkxkrJ97lsEc',NULL);
INSERT INTO WORKING_STAFF VALUES(10, None, 'Qualification 470');
INSERT INTO STAFF_SCHEDULE VALUES(10, 1);
INSERT INTO STAFF_SCHEDULE VALUES(10, 2);
INSERT INTO STAFF_SCHEDULE VALUES(10, 3);
INSERT INTO STAFF_SCHEDULE VALUES(10, 4);
INSERT INTO STAFF_SCHEDULE VALUES(10, 5);
INSERT INTO ACCOUNTANT VALUES(10, 334853);
INSERT INTO GENERAL_USER VALUES ('kenneth54@yahoo.com', 'Shankarlal', 'Martineze', '', 'F', None 'East Kelly, WI 91906', 0, '$p5k2$$DPOLwrol$sSLPiFKRoa6M2slxUj16Zvn5Qq4DiJqe',NULL);
INSERT INTO WORKING_STAFF VALUES(1, None, 'Qualification 119');
INSERT INTO STAFF_SCHEDULE VALUES(1, 1);
INSERT INTO STAFF_SCHEDULE VALUES(1, 2);
INSERT INTO STAFF_SCHEDULE VALUES(1, 3);
INSERT INTO STAFF_SCHEDULE VALUES(1, 4);
INSERT INTO STAFF_SCHEDULE VALUES(1, 5);
INSERT INTO ACCOUNTANT VALUES(1, 830706);
INSERT INTO GENERAL_USER VALUES ('lbrooks@jackson.com', 'Javarious', 'Quintel', 'Andersonjr', 'M', None '4800 Thomas Port Apt. 470', 0, '$p5k2$$vEEPq51x$cnP/lqAwZwgFpewWWwT1ojcmaVIY1W8j',NULL);
INSERT INTO WORKING_STAFF VALUES(2, None, 'Qualification 336');
INSERT INTO STAFF_SCHEDULE VALUES(2, 1);
INSERT INTO STAFF_SCHEDULE VALUES(2, 2);
INSERT INTO STAFF_SCHEDULE VALUES(2, 3);
INSERT INTO STAFF_SCHEDULE VALUES(2, 4);
INSERT INTO STAFF_SCHEDULE VALUES(2, 5);
INSERT INTO ACCOUNTANT VALUES(2, 993893);
INSERT INTO GENERAL_USER VALUES ('bellbethany@gmail.com', 'Ziare', 'Hearnsberger', 'Nijayah', 'F', None '55123 Lori Divide Suite 917', 0, '$p5k2$$OyYtwKMF$jhEex/SH99luIbxJFKcchwsi95c.d0oA',NULL);
INSERT INTO WORKING_STAFF VALUES(3, None, 'Qualification 66');
INSERT INTO STAFF_SCHEDULE VALUES(3, 1);
INSERT INTO STAFF_SCHEDULE VALUES(3, 2);
INSERT INTO STAFF_SCHEDULE VALUES(3, 3);
INSERT INTO STAFF_SCHEDULE VALUES(3, 4);
INSERT INTO STAFF_SCHEDULE VALUES(3, 5);
INSERT INTO ACCOUNTANT VALUES(3, 525651);
INSERT INTO GENERAL_USER VALUES ('jacquelineparker@hotmail.com', 'Lin', 'Bagger', '', 'F', None 'Acostafurt, NM 07935', 0, '$p5k2$$Bmjor08b$tk7dkQTW7kZoQL6pwtpaYNRmIIxvmdga',NULL);
INSERT INTO WORKING_STAFF VALUES(4, None, 'Qualification 174');
INSERT INTO STAFF_SCHEDULE VALUES(4, 1);
INSERT INTO STAFF_SCHEDULE VALUES(4, 2);
INSERT INTO STAFF_SCHEDULE VALUES(4, 3);
INSERT INTO STAFF_SCHEDULE VALUES(4, 4);
INSERT INTO STAFF_SCHEDULE VALUES(4, 5);
INSERT INTO ACCOUNTANT VALUES(4, 187950);
INSERT INTO GENERAL_USER VALUES ('michael00@york.net', 'Zulema', 'Suchocki', 'Gholston', 'F', None 'USCGC Glover', 0, '$p5k2$$0E2NaJcZ$KTHCS1YgxGU0Sa/3UP/EdlXsAlNNBqDH',NULL);
INSERT INTO WORKING_STAFF VALUES(5, None, 'Qualification 383');
INSERT INTO STAFF_SCHEDULE VALUES(5, 1);
INSERT INTO STAFF_SCHEDULE VALUES(5, 2);
INSERT INTO STAFF_SCHEDULE VALUES(5, 3);
INSERT INTO STAFF_SCHEDULE VALUES(5, 4);
INSERT INTO STAFF_SCHEDULE VALUES(5, 5);
INSERT INTO ACCOUNTANT VALUES(5, 654281);
INSERT INTO GENERAL_USER VALUES ('ubarnes@sharp-lynch.com', 'Nithika', 'Niethamer', '', 'M', None '308 Mccall Springs', 0, '$p5k2$$yn0hqwfQ$iV1twFNTCwzNFO/0xASgvfz5CgghwZHz',NULL);
INSERT INTO WORKING_STAFF VALUES(6, None, 'Qualification 234');
INSERT INTO STAFF_SCHEDULE VALUES(6, 1);
INSERT INTO STAFF_SCHEDULE VALUES(6, 2);
INSERT INTO STAFF_SCHEDULE VALUES(6, 3);
INSERT INTO STAFF_SCHEDULE VALUES(6, 4);
INSERT INTO STAFF_SCHEDULE VALUES(6, 5);
INSERT INTO ACCOUNTANT VALUES(6, 131227);
INSERT INTO GENERAL_USER VALUES ('christinetran@hotmail.com', 'Siggerður', 'Kanahele', '', 'F', None 'Cheyenneborough, UT 21127', 0, '$p5k2$$euNbJSC3$BYdiR6VORO/yJOTN/mQxLH7KeUYp70Sq',NULL);
INSERT INTO WORKING_STAFF VALUES(7, None, 'Qualification 252');
INSERT INTO STAFF_SCHEDULE VALUES(7, 1);
INSERT INTO STAFF_SCHEDULE VALUES(7, 2);
INSERT INTO STAFF_SCHEDULE VALUES(7, 3);
INSERT INTO STAFF_SCHEDULE VALUES(7, 4);
INSERT INTO STAFF_SCHEDULE VALUES(7, 5);
INSERT INTO ACCOUNTANT VALUES(7, 524624);
INSERT INTO GENERAL_USER VALUES ('meganjohnson@marsh.org', 'Marycatherine', 'Alcimon', 'Jerrett', 'M', None 'New Garyville, MI 40338', 0, '$p5k2$$jvqhkz5o$75qzMxmUW7B6aaGIbg9hs8TNtfRTwpcJ',NULL);
INSERT INTO WORKING_STAFF VALUES(8, None, 'Qualification 54');
INSERT INTO STAFF_SCHEDULE VALUES(8, 1);
INSERT INTO STAFF_SCHEDULE VALUES(8, 2);
INSERT INTO STAFF_SCHEDULE VALUES(8, 3);
INSERT INTO STAFF_SCHEDULE VALUES(8, 4);
INSERT INTO STAFF_SCHEDULE VALUES(8, 5);
INSERT INTO ACCOUNTANT VALUES(8, 898376);
INSERT INTO GENERAL_USER VALUES ('zwagner@villarreal.org', 'Pereira', 'Pizzaro', 'Anagel', 'F', None 'North Heather, AZ 53865', 0, '$p5k2$$qVuT.6YL$21WDd8ilJ6uklOMREv0xpTxHx6iLs7K0',NULL);
INSERT INTO WORKING_STAFF VALUES(9, None, 'Qualification 499');
INSERT INTO STAFF_SCHEDULE VALUES(9, 1);
INSERT INTO STAFF_SCHEDULE VALUES(9, 2);
INSERT INTO STAFF_SCHEDULE VALUES(9, 3);
INSERT INTO STAFF_SCHEDULE VALUES(9, 4);
INSERT INTO STAFF_SCHEDULE VALUES(9, 5);
INSERT INTO ACCOUNTANT VALUES(9, 154883);
INSERT INTO GENERAL_USER VALUES ('iwatson@williams-tyler.com', 'Khusbhu', 'Hamdan', 'Nakai', 'F', None '720 Salas Ford Apt. 842', 0, '$p5k2$$FDIUwBK3$c7im7Krw5w71afwL5ASB4IV8VDHpQ2Kv',NULL);
INSERT INTO WORKING_STAFF VALUES(10, None, 'Qualification 422');
INSERT INTO STAFF_SCHEDULE VALUES(10, 1);
INSERT INTO STAFF_SCHEDULE VALUES(10, 2);
INSERT INTO STAFF_SCHEDULE VALUES(10, 3);
INSERT INTO STAFF_SCHEDULE VALUES(10, 4);
INSERT INTO STAFF_SCHEDULE VALUES(10, 5);
INSERT INTO ACCOUNTANT VALUES(10, 964595);
INSERT INTO GENERAL_USER VALUES ('andrewswanson@hotmail.com', 'Mailin', 'Pinciaro', 'Bulman', 'F', None '772 Webb Viaduct Suite 376', 0, '$p5k2$$VNEpoyob$aq046Gg/PYbGx5oJ1RCm3HDgsv7AoWcc',NULL);
INSERT INTO WORKING_STAFF VALUES(11, None, 'Qualification 414');
INSERT INTO STAFF_SCHEDULE VALUES(11, 1);
INSERT INTO STAFF_SCHEDULE VALUES(11, 2);
INSERT INTO STAFF_SCHEDULE VALUES(11, 3);
INSERT INTO STAFF_SCHEDULE VALUES(11, 4);
INSERT INTO STAFF_SCHEDULE VALUES(11, 5);
INSERT INTO ACCOUNTANT VALUES(11, 626915);
INSERT INTO GENERAL_USER VALUES ('shannonsteven@gmail.com', 'Isabelita', 'Dietz', '', 'M', None '33821 Carrie Crossroad', 0, '$p5k2$$rIa/ltiL$zfjFq3qUiNenYVn6bvO06wZahYqO8g1S',NULL);
INSERT INTO WORKING_STAFF VALUES(12, None, 'Qualification 206');
INSERT INTO STAFF_SCHEDULE VALUES(12, 1);
INSERT INTO STAFF_SCHEDULE VALUES(12, 2);
INSERT INTO STAFF_SCHEDULE VALUES(12, 3);
INSERT INTO STAFF_SCHEDULE VALUES(12, 4);
INSERT INTO STAFF_SCHEDULE VALUES(12, 5);
INSERT INTO ACCOUNTANT VALUES(12, 458292);
INSERT INTO GENERAL_USER VALUES ('campbelljames@williams.net', 'Giesbert', 'Jochems', 'Asilah', 'F', None 'FPO AP 18303', 0, '$p5k2$$0mg72uhj$Booh42KyY1dqOvt3MRpyhu1qeG8LXS4K',NULL);
INSERT INTO WORKING_STAFF VALUES(13, None, 'Qualification 69');
INSERT INTO STAFF_SCHEDULE VALUES(13, 1);
INSERT INTO STAFF_SCHEDULE VALUES(13, 2);
INSERT INTO STAFF_SCHEDULE VALUES(13, 3);
INSERT INTO STAFF_SCHEDULE VALUES(13, 4);
INSERT INTO STAFF_SCHEDULE VALUES(13, 5);
INSERT INTO ACCOUNTANT VALUES(13, 435677);
INSERT INTO GENERAL_USER VALUES ('idavis@hotmail.com', 'Dearis', 'Henningsen', 'Thandie', 'M', None '9438 Amanda Throughway Apt. 190', 0, '$p5k2$$f8ahleIr$KuFa2QBVtNXhVP3T2RBcWhf3oIeDBdYt',NULL);
INSERT INTO WORKING_STAFF VALUES(14, None, 'Qualification 329');
INSERT INTO STAFF_SCHEDULE VALUES(14, 1);
INSERT INTO STAFF_SCHEDULE VALUES(14, 2);
INSERT INTO STAFF_SCHEDULE VALUES(14, 3);
INSERT INTO STAFF_SCHEDULE VALUES(14, 4);
INSERT INTO STAFF_SCHEDULE VALUES(14, 5);
INSERT INTO ACCOUNTANT VALUES(14, 200955);
INSERT INTO GENERAL_USER VALUES ('keithrichardson@chung.com', 'Nedenia', 'Wawers', '', 'F', None 'Jaredberg, VA 59990', 0, '$p5k2$$tel6QLZZ$tC1PQVEFRzH39VF97dPwNXkRSpNIlcCf',NULL);
INSERT INTO WORKING_STAFF VALUES(15, None, 'Qualification 412');
INSERT INTO STAFF_SCHEDULE VALUES(15, 1);
INSERT INTO STAFF_SCHEDULE VALUES(15, 2);
INSERT INTO STAFF_SCHEDULE VALUES(15, 3);
INSERT INTO STAFF_SCHEDULE VALUES(15, 4);
INSERT INTO STAFF_SCHEDULE VALUES(15, 5);
INSERT INTO ACCOUNTANT VALUES(15, 874892);
INSERT INTO SCHEDULE VALUES(None, 1, '10:00:00', '18:00:00');
INSERT INTO SCHEDULE VALUES(None, 2, '10:00:00', '18:00:00');
INSERT INTO SCHEDULE VALUES(None, 3, '10:00:00', '18:00:00');
INSERT INTO SCHEDULE VALUES(None, 4, '10:00:00', '18:00:00');
INSERT INTO SCHEDULE VALUES(None, 5, '10:00:00', '18:00:00');
INSERT INTO DOCTOR_TEAM VALUES (1, 1);
INSERT INTO DOCTOR_TEAM VALUES (2, 2);
INSERT INTO DOCTOR_TEAM VALUES (3, 3);
INSERT INTO DOCTOR_TEAM VALUES (4, 4);
INSERT INTO DOCTOR_TEAM VALUES (5, 5);
INSERT INTO DOCTOR_TEAM VALUES (6, 6);
INSERT INTO DOCTOR_TEAM VALUES (7, 7);
INSERT INTO DOCTOR_TEAM VALUES (8, 8);
INSERT INTO DOCTOR_TEAM VALUES (9, 9);
INSERT INTO DOCTOR_TEAM VALUES (10, 10);
INSERT INTO APPOINTMENT VALUES(1, 284, 1, '2011-04-14 15:30:00', '2011-04-14 15:45:00', 1, 3, None);
INSERT INTO NOTIFICATION VALUES(None, '2011-04-14 15:15:00', 'Upcoming appointment', 'Do not forget that you have appointment 1 in room 284.', 1);
INSERT INTO NOTIFICATION VALUES(None, '2011-04-14 15:15:00', 'Upcoming appointment', 'Do not forget that you have appointment 1 in room 284.', 1);
INSERT INTO INVOICE_BILL VALUES('2011-04-14 15:45:00', 700, 6, True);
INSERT INTO MEDICAL_RECORD VALUES('Medical record description 711.', '2011-04-14 15:45:00', 1, 3);
INSERT INTO APPOINTMENT VALUES(2, 103, 0, '2010-03-15 13:45:00', '2010-03-15 14:00:00', 1, 3, None);
INSERT INTO NOTIFICATION VALUES(None, '2010-03-15 13:30:00', 'Upcoming appointment', 'Do not forget that you have appointment 2 in room 103.', 1);
INSERT INTO NOTIFICATION VALUES(None, '2010-03-15 13:30:00', 'Upcoming appointment', 'Do not forget that you have appointment 2 in room 103.', 1);
INSERT INTO INVOICE_BILL VALUES('2010-03-15 14:00:00', 100, 4, True);
INSERT INTO MEDICAL_RECORD VALUES('Medical record description 96.', '2010-03-15 14:00:00', 2, 3);
INSERT INTO APPOINTMENT VALUES(3, 444, 0, '2018-12-20 10:45:00', '2018-12-20 11:00:00', 1, 4, None);
INSERT INTO NOTIFICATION VALUES(None, '2018-12-20 10:30:00', 'Upcoming appointment', 'Do not forget that you have appointment 3 in room 444.', 8);
INSERT INTO NOTIFICATION VALUES(None, '2018-12-20 10:30:00', 'Upcoming appointment', 'Do not forget that you have appointment 3 in room 444.', 1);
INSERT INTO INVOICE_BILL VALUES('2018-12-20 11:00:00', 850, 9, True);
INSERT INTO MEDICAL_RECORD VALUES('Medical record description 56.', '2018-12-20 11:00:00', 3, 4);
INSERT INTO APPOINTMENT VALUES(4, 412, 0, '2011-09-23 10:30:00', '2011-09-23 10:45:00', 1, 3, None);
INSERT INTO NOTIFICATION VALUES(None, '2011-09-23 10:15:00', 'Upcoming appointment', 'Do not forget that you have appointment 4 in room 412.', 10);
INSERT INTO NOTIFICATION VALUES(None, '2011-09-23 10:15:00', 'Upcoming appointment', 'Do not forget that you have appointment 4 in room 412.', 1);
INSERT INTO INVOICE_BILL VALUES('2011-09-23 10:45:00', 900, 15, False);
INSERT INTO MEDICAL_RECORD VALUES('Medical record description 361.', '2011-09-23 10:45:00', 4, 3);
INSERT INTO APPOINTMENT VALUES(5, 441, 0, '2018-11-16 14:15:00', '2018-11-16 14:30:00', 1, 1, None);
INSERT INTO NOTIFICATION VALUES(None, '2018-11-16 14:00:00', 'Upcoming appointment', 'Do not forget that you have appointment 5 in room 441.', 7);
INSERT INTO NOTIFICATION VALUES(None, '2018-11-16 14:00:00', 'Upcoming appointment', 'Do not forget that you have appointment 5 in room 441.', 1);
INSERT INTO INVOICE_BILL VALUES('2018-11-16 14:30:00', 650, 10, False);
INSERT INTO MEDICAL_RECORD VALUES('Medical record description 287.', '2018-11-16 14:30:00', 5, 1);
INSERT INTO APPOINTMENT VALUES(6, 395, 1, '2015-06-04 11:15:00', '2015-06-04 11:30:00', 1, 3, None);
INSERT INTO NOTIFICATION VALUES(None, '2015-06-04 11:00:00', 'Upcoming appointment', 'Do not forget that you have appointment 6 in room 395.', 8);
INSERT INTO NOTIFICATION VALUES(None, '2015-06-04 11:00:00', 'Upcoming appointment', 'Do not forget that you have appointment 6 in room 395.', 1);
INSERT INTO INVOICE_BILL VALUES('2015-06-04 11:30:00', 200, 6, True);
INSERT INTO MEDICAL_RECORD VALUES('Medical record description 195.', '2015-06-04 11:30:00', 6, 3);
INSERT INTO APPOINTMENT VALUES(7, 163, 1, '2015-04-30 16:15:00', '2015-04-30 16:30:00', 1, 3, None);
INSERT INTO NOTIFICATION VALUES(None, '2015-04-30 16:00:00', 'Upcoming appointment', 'Do not forget that you have appointment 7 in room 163.', 2);
INSERT INTO NOTIFICATION VALUES(None, '2015-04-30 16:00:00', 'Upcoming appointment', 'Do not forget that you have appointment 7 in room 163.', 1);
INSERT INTO INVOICE_BILL VALUES('2015-04-30 16:30:00', 250, 4, True);
INSERT INTO MEDICAL_RECORD VALUES('Medical record description 278.', '2015-04-30 16:30:00', 7, 3);
INSERT INTO APPOINTMENT VALUES(8, 464, 0, '2018-09-19 11:30:00', '2018-09-19 11:45:00', 1, 1, None);
INSERT INTO NOTIFICATION VALUES(None, '2018-09-19 11:15:00', 'Upcoming appointment', 'Do not forget that you have appointment 8 in room 464.', 3);
INSERT INTO NOTIFICATION VALUES(None, '2018-09-19 11:15:00', 'Upcoming appointment', 'Do not forget that you have appointment 8 in room 464.', 1);
INSERT INTO INVOICE_BILL VALUES('2018-09-19 11:45:00', 900, 9, False);
INSERT INTO MEDICAL_RECORD VALUES('Medical record description 498.', '2018-09-19 11:45:00', 8, 1);
INSERT INTO APPOINTMENT VALUES(9, 180, 0, '2017-08-02 12:00:00', '2017-08-02 12:15:00', 1, 10, None);
INSERT INTO NOTIFICATION VALUES(None, '2017-08-02 11:45:00', 'Upcoming appointment', 'Do not forget that you have appointment 9 in room 180.', 4);
INSERT INTO NOTIFICATION VALUES(None, '2017-08-02 11:45:00', 'Upcoming appointment', 'Do not forget that you have appointment 9 in room 180.', 1);
INSERT INTO INVOICE_BILL VALUES('2017-08-02 12:15:00', 700, 1, False);
INSERT INTO MEDICAL_RECORD VALUES('Medical record description 461.', '2017-08-02 12:15:00', 9, 10);
INSERT INTO APPOINTMENT VALUES(10, 114, 0, '2017-02-07 16:45:00', '2017-02-07 17:00:00', 1, 6, None);
INSERT INTO NOTIFICATION VALUES(None, '2017-02-07 16:30:00', 'Upcoming appointment', 'Do not forget that you have appointment 10 in room 114.', 9);
INSERT INTO NOTIFICATION VALUES(None, '2017-02-07 16:30:00', 'Upcoming appointment', 'Do not forget that you have appointment 10 in room 114.', 1);
INSERT INTO INVOICE_BILL VALUES('2017-02-07 17:00:00', 550, 2, True);
INSERT INTO MEDICAL_RECORD VALUES('Medical record description 256.', '2017-02-07 17:00:00', 10, 6);
INSERT INTO APPOINTMENT VALUES(11, 357, 1, '2019-09-30 12:00:00', '2019-09-30 12:15:00', 1, 7, None);
INSERT INTO NOTIFICATION VALUES(None, '2019-09-30 11:45:00', 'Upcoming appointment', 'Do not forget that you have appointment 11 in room 357.', 6);
INSERT INTO NOTIFICATION VALUES(None, '2019-09-30 11:45:00', 'Upcoming appointment', 'Do not forget that you have appointment 11 in room 357.', 1);
INSERT INTO INVOICE_BILL VALUES('2019-09-30 12:15:00', 900, 8, True);
INSERT INTO MEDICAL_RECORD VALUES('Medical record description 176.', '2019-09-30 12:15:00', 11, 7);
INSERT INTO APPOINTMENT VALUES(12, 462, 1, '2017-05-05 12:15:00', '2017-05-05 12:30:00', 1, 6, None);
INSERT INTO NOTIFICATION VALUES(None, '2017-05-05 12:00:00', 'Upcoming appointment', 'Do not forget that you have appointment 12 in room 462.', 7);
INSERT INTO NOTIFICATION VALUES(None, '2017-05-05 12:00:00', 'Upcoming appointment', 'Do not forget that you have appointment 12 in room 462.', 1);
INSERT INTO INVOICE_BILL VALUES('2017-05-05 12:30:00', 450, 5, True);
INSERT INTO MEDICAL_RECORD VALUES('Medical record description 266.', '2017-05-05 12:30:00', 12, 6);
INSERT INTO APPOINTMENT VALUES(13, 341, 0, '2014-07-23 17:15:00', '2014-07-23 17:30:00', 1, 9, None);
INSERT INTO NOTIFICATION VALUES(None, '2014-07-23 17:00:00', 'Upcoming appointment', 'Do not forget that you have appointment 13 in room 341.', 10);
INSERT INTO NOTIFICATION VALUES(None, '2014-07-23 17:00:00', 'Upcoming appointment', 'Do not forget that you have appointment 13 in room 341.', 1);
INSERT INTO INVOICE_BILL VALUES('2014-07-23 17:30:00', 800, 5, False);
INSERT INTO MEDICAL_RECORD VALUES('Medical record description 296.', '2014-07-23 17:30:00', 13, 9);
INSERT INTO APPOINTMENT VALUES(14, 405, 0, '2015-01-22 16:15:00', '2015-01-22 16:30:00', 1, 3, None);
INSERT INTO NOTIFICATION VALUES(None, '2015-01-22 16:00:00', 'Upcoming appointment', 'Do not forget that you have appointment 14 in room 405.', 6);
INSERT INTO NOTIFICATION VALUES(None, '2015-01-22 16:00:00', 'Upcoming appointment', 'Do not forget that you have appointment 14 in room 405.', 1);
INSERT INTO INVOICE_BILL VALUES('2015-01-22 16:30:00', 350, 15, True);
INSERT INTO MEDICAL_RECORD VALUES('Medical record description 767.', '2015-01-22 16:30:00', 14, 3);
INSERT INTO APPOINTMENT VALUES(15, 337, 0, '2018-04-19 16:15:00', '2018-04-19 16:30:00', 1, 8, None);
INSERT INTO NOTIFICATION VALUES(None, '2018-04-19 16:00:00', 'Upcoming appointment', 'Do not forget that you have appointment 15 in room 337.', 4);
INSERT INTO NOTIFICATION VALUES(None, '2018-04-19 16:00:00', 'Upcoming appointment', 'Do not forget that you have appointment 15 in room 337.', 1);
INSERT INTO INVOICE_BILL VALUES('2018-04-19 16:30:00', 250, 2, False);
INSERT INTO MEDICAL_RECORD VALUES('Medical record description 166.', '2018-04-19 16:30:00', 15, 8);
INSERT INTO APPOINTMENT VALUES(16, 253, 1, '2018-07-13 17:15:00', '2018-07-13 17:30:00', 2, 7, None);
INSERT INTO NOTIFICATION VALUES(None, '2018-07-13 17:00:00', 'Upcoming appointment', 'Do not forget that you have appointment 16 in room 253.', 6);
INSERT INTO NOTIFICATION VALUES(None, '2018-07-13 17:00:00', 'Upcoming appointment', 'Do not forget that you have appointment 16 in room 253.', 2);
INSERT INTO INVOICE_BILL VALUES('2018-07-13 17:30:00', 100, 6, False);
INSERT INTO MEDICAL_RECORD VALUES('Medical record description 152.', '2018-07-13 17:30:00', 16, 7);
INSERT INTO APPOINTMENT VALUES(17, 180, 1, '2014-09-23 14:45:00', '2014-09-23 15:00:00', 2, 3, None);
INSERT INTO NOTIFICATION VALUES(None, '2014-09-23 14:30:00', 'Upcoming appointment', 'Do not forget that you have appointment 17 in room 180.', 1);
INSERT INTO NOTIFICATION VALUES(None, '2014-09-23 14:30:00', 'Upcoming appointment', 'Do not forget that you have appointment 17 in room 180.', 2);
INSERT INTO INVOICE_BILL VALUES('2014-09-23 15:00:00', 400, 9, True);
INSERT INTO MEDICAL_RECORD VALUES('Medical record description 539.', '2014-09-23 15:00:00', 17, 3);
INSERT INTO APPOINTMENT VALUES(18, 348, 1, '2019-08-30 12:15:00', '2019-08-30 12:30:00', 2, 3, None);
INSERT INTO NOTIFICATION VALUES(None, '2019-08-30 12:00:00', 'Upcoming appointment', 'Do not forget that you have appointment 18 in room 348.', 3);
INSERT INTO NOTIFICATION VALUES(None, '2019-08-30 12:00:00', 'Upcoming appointment', 'Do not forget that you have appointment 18 in room 348.', 2);
INSERT INTO INVOICE_BILL VALUES('2019-08-30 12:30:00', 300, 13, False);
INSERT INTO MEDICAL_RECORD VALUES('Medical record description 347.', '2019-08-30 12:30:00', 18, 3);
INSERT INTO APPOINTMENT VALUES(19, 380, 1, '2017-04-28 16:45:00', '2017-04-28 17:00:00', 2, 4, None);
INSERT INTO NOTIFICATION VALUES(None, '2017-04-28 16:30:00', 'Upcoming appointment', 'Do not forget that you have appointment 19 in room 380.', 2);
INSERT INTO NOTIFICATION VALUES(None, '2017-04-28 16:30:00', 'Upcoming appointment', 'Do not forget that you have appointment 19 in room 380.', 2);
INSERT INTO INVOICE_BILL VALUES('2017-04-28 17:00:00', 400, 8, False);
INSERT INTO MEDICAL_RECORD VALUES('Medical record description 375.', '2017-04-28 17:00:00', 19, 4);
INSERT INTO APPOINTMENT VALUES(20, 358, 1, '2012-09-27 14:30:00', '2012-09-27 14:45:00', 2, 3, None);
INSERT INTO NOTIFICATION VALUES(None, '2012-09-27 14:15:00', 'Upcoming appointment', 'Do not forget that you have appointment 20 in room 358.', 3);
INSERT INTO NOTIFICATION VALUES(None, '2012-09-27 14:15:00', 'Upcoming appointment', 'Do not forget that you have appointment 20 in room 358.', 2);
INSERT INTO INVOICE_BILL VALUES('2012-09-27 14:45:00', 350, 9, True);
INSERT INTO MEDICAL_RECORD VALUES('Medical record description 213.', '2012-09-27 14:45:00', 20, 3);
INSERT INTO APPOINTMENT VALUES(21, 350, 1, '2014-07-25 11:00:00', '2014-07-25 11:15:00', 2, 3, None);
INSERT INTO NOTIFICATION VALUES(None, '2014-07-25 10:45:00', 'Upcoming appointment', 'Do not forget that you have appointment 21 in room 350.', 10);
INSERT INTO NOTIFICATION VALUES(None, '2014-07-25 10:45:00', 'Upcoming appointment', 'Do not forget that you have appointment 21 in room 350.', 2);
INSERT INTO INVOICE_BILL VALUES('2014-07-25 11:15:00', 200, 10, False);
INSERT INTO MEDICAL_RECORD VALUES('Medical record description 493.', '2014-07-25 11:15:00', 21, 3);
INSERT INTO APPOINTMENT VALUES(22, 106, 1, '2017-04-07 14:45:00', '2017-04-07 15:00:00', 2, 2, None);
INSERT INTO NOTIFICATION VALUES(None, '2017-04-07 14:30:00', 'Upcoming appointment', 'Do not forget that you have appointment 22 in room 106.', 2);
INSERT INTO NOTIFICATION VALUES(None, '2017-04-07 14:30:00', 'Upcoming appointment', 'Do not forget that you have appointment 22 in room 106.', 2);
INSERT INTO INVOICE_BILL VALUES('2017-04-07 15:00:00', 100, 5, True);
INSERT INTO MEDICAL_RECORD VALUES('Medical record description 296.', '2017-04-07 15:00:00', 22, 2);
INSERT INTO APPOINTMENT VALUES(23, 375, 0, '2017-12-26 15:15:00', '2017-12-26 15:30:00', 2, 10, None);
INSERT INTO NOTIFICATION VALUES(None, '2017-12-26 15:00:00', 'Upcoming appointment', 'Do not forget that you have appointment 23 in room 375.', 6);
INSERT INTO NOTIFICATION VALUES(None, '2017-12-26 15:00:00', 'Upcoming appointment', 'Do not forget that you have appointment 23 in room 375.', 2);
INSERT INTO INVOICE_BILL VALUES('2017-12-26 15:30:00', 450, 7, True);
INSERT INTO MEDICAL_RECORD VALUES('Medical record description 191.', '2017-12-26 15:30:00', 23, 10);
INSERT INTO APPOINTMENT VALUES(24, 469, 0, '2017-08-17 15:00:00', '2017-08-17 15:15:00', 2, 2, None);
INSERT INTO NOTIFICATION VALUES(None, '2017-08-17 14:45:00', 'Upcoming appointment', 'Do not forget that you have appointment 24 in room 469.', 6);
INSERT INTO NOTIFICATION VALUES(None, '2017-08-17 14:45:00', 'Upcoming appointment', 'Do not forget that you have appointment 24 in room 469.', 2);
INSERT INTO INVOICE_BILL VALUES('2017-08-17 15:15:00', 800, 4, False);
INSERT INTO MEDICAL_RECORD VALUES('Medical record description 531.', '2017-08-17 15:15:00', 24, 2);
INSERT INTO APPOINTMENT VALUES(25, 151, 1, '2016-01-08 17:30:00', '2016-01-08 17:45:00', 2, 9, None);
INSERT INTO NOTIFICATION VALUES(None, '2016-01-08 17:15:00', 'Upcoming appointment', 'Do not forget that you have appointment 25 in room 151.', 10);
INSERT INTO NOTIFICATION VALUES(None, '2016-01-08 17:15:00', 'Upcoming appointment', 'Do not forget that you have appointment 25 in room 151.', 2);
INSERT INTO INVOICE_BILL VALUES('2016-01-08 17:45:00', 950, 8, False);
INSERT INTO MEDICAL_RECORD VALUES('Medical record description 696.', '2016-01-08 17:45:00', 25, 9);
INSERT INTO APPOINTMENT VALUES(26, 230, 0, '2018-09-11 16:15:00', '2018-09-11 16:30:00', 2, 4, None);
INSERT INTO NOTIFICATION VALUES(None, '2018-09-11 16:00:00', 'Upcoming appointment', 'Do not forget that you have appointment 26 in room 230.', 9);
INSERT INTO NOTIFICATION VALUES(None, '2018-09-11 16:00:00', 'Upcoming appointment', 'Do not forget that you have appointment 26 in room 230.', 2);
INSERT INTO INVOICE_BILL VALUES('2018-09-11 16:30:00', 550, 10, False);
INSERT INTO MEDICAL_RECORD VALUES('Medical record description 484.', '2018-09-11 16:30:00', 26, 4);
INSERT INTO APPOINTMENT VALUES(27, 156, 1, '2017-02-15 14:45:00', '2017-02-15 15:00:00', 2, 6, None);
INSERT INTO NOTIFICATION VALUES(None, '2017-02-15 14:30:00', 'Upcoming appointment', 'Do not forget that you have appointment 27 in room 156.', 5);
INSERT INTO NOTIFICATION VALUES(None, '2017-02-15 14:30:00', 'Upcoming appointment', 'Do not forget that you have appointment 27 in room 156.', 2);
INSERT INTO INVOICE_BILL VALUES('2017-02-15 15:00:00', 600, 4, True);
INSERT INTO MEDICAL_RECORD VALUES('Medical record description 423.', '2017-02-15 15:00:00', 27, 6);
INSERT INTO APPOINTMENT VALUES(28, 454, 0, '2018-04-18 11:15:00', '2018-04-18 11:30:00', 2, 3, None);
INSERT INTO NOTIFICATION VALUES(None, '2018-04-18 11:00:00', 'Upcoming appointment', 'Do not forget that you have appointment 28 in room 454.', 8);
INSERT INTO NOTIFICATION VALUES(None, '2018-04-18 11:00:00', 'Upcoming appointment', 'Do not forget that you have appointment 28 in room 454.', 2);
INSERT INTO INVOICE_BILL VALUES('2018-04-18 11:30:00', 600, 9, False);
INSERT INTO MEDICAL_RECORD VALUES('Medical record description 894.', '2018-04-18 11:30:00', 28, 3);
INSERT INTO APPOINTMENT VALUES(29, 281, 1, '2015-07-23 17:30:00', '2015-07-23 17:45:00', 2, 4, None);
INSERT INTO NOTIFICATION VALUES(None, '2015-07-23 17:15:00', 'Upcoming appointment', 'Do not forget that you have appointment 29 in room 281.', 4);
INSERT INTO NOTIFICATION VALUES(None, '2015-07-23 17:15:00', 'Upcoming appointment', 'Do not forget that you have appointment 29 in room 281.', 2);
INSERT INTO INVOICE_BILL VALUES('2015-07-23 17:45:00', 800, 14, False);
INSERT INTO MEDICAL_RECORD VALUES('Medical record description 751.', '2015-07-23 17:45:00', 29, 4);
INSERT INTO APPOINTMENT VALUES(30, 485, 1, '2014-09-18 15:30:00', '2014-09-18 15:45:00', 2, 9, None);
INSERT INTO NOTIFICATION VALUES(None, '2014-09-18 15:15:00', 'Upcoming appointment', 'Do not forget that you have appointment 30 in room 485.', 9);
INSERT INTO NOTIFICATION VALUES(None, '2014-09-18 15:15:00', 'Upcoming appointment', 'Do not forget that you have appointment 30 in room 485.', 2);
INSERT INTO INVOICE_BILL VALUES('2014-09-18 15:45:00', 250, 8, True);
INSERT INTO MEDICAL_RECORD VALUES('Medical record description 594.', '2014-09-18 15:45:00', 30, 9);
INSERT INTO APPOINTMENT VALUES(31, 498, 1, '2018-09-04 13:30:00', '2018-09-04 13:45:00', 2, 10, None);
INSERT INTO NOTIFICATION VALUES(None, '2018-09-04 13:15:00', 'Upcoming appointment', 'Do not forget that you have appointment 31 in room 498.', 8);
INSERT INTO NOTIFICATION VALUES(None, '2018-09-04 13:15:00', 'Upcoming appointment', 'Do not forget that you have appointment 31 in room 498.', 2);
INSERT INTO INVOICE_BILL VALUES('2018-09-04 13:45:00', 600, 14, False);
INSERT INTO MEDICAL_RECORD VALUES('Medical record description 359.', '2018-09-04 13:45:00', 31, 10);
INSERT INTO APPOINTMENT VALUES(32, 493, 1, '2013-02-14 17:45:00', '2013-02-14 18:00:00', 2, 1, None);
INSERT INTO NOTIFICATION VALUES(None, '2013-02-14 17:30:00', 'Upcoming appointment', 'Do not forget that you have appointment 32 in room 493.', 10);
INSERT INTO NOTIFICATION VALUES(None, '2013-02-14 17:30:00', 'Upcoming appointment', 'Do not forget that you have appointment 32 in room 493.', 2);
INSERT INTO INVOICE_BILL VALUES('2013-02-14 18:00:00', 950, 2, False);
INSERT INTO MEDICAL_RECORD VALUES('Medical record description 654.', '2013-02-14 18:00:00', 32, 1);
INSERT INTO APPOINTMENT VALUES(33, 303, 1, '2018-12-05 15:15:00', '2018-12-05 15:30:00', 2, 1, None);
INSERT INTO NOTIFICATION VALUES(None, '2018-12-05 15:00:00', 'Upcoming appointment', 'Do not forget that you have appointment 33 in room 303.', 8);
INSERT INTO NOTIFICATION VALUES(None, '2018-12-05 15:00:00', 'Upcoming appointment', 'Do not forget that you have appointment 33 in room 303.', 2);
INSERT INTO INVOICE_BILL VALUES('2018-12-05 15:30:00', 50, 9, True);
INSERT INTO MEDICAL_RECORD VALUES('Medical record description 45.', '2018-12-05 15:30:00', 33, 1);
INSERT INTO APPOINTMENT VALUES(34, 381, 0, '2018-05-29 10:15:00', '2018-05-29 10:30:00', 2, 10, None);
INSERT INTO NOTIFICATION VALUES(None, '2018-05-29 10:00:00', 'Upcoming appointment', 'Do not forget that you have appointment 34 in room 381.', 4);
INSERT INTO NOTIFICATION VALUES(None, '2018-05-29 10:00:00', 'Upcoming appointment', 'Do not forget that you have appointment 34 in room 381.', 2);
INSERT INTO INVOICE_BILL VALUES('2018-05-29 10:30:00', 800, 4, True);
INSERT INTO MEDICAL_RECORD VALUES('Medical record description 252.', '2018-05-29 10:30:00', 34, 10);
INSERT INTO APPOINTMENT VALUES(35, 482, 1, '2019-04-15 10:00:00', '2019-04-15 10:15:00', 2, 8, None);
INSERT INTO NOTIFICATION VALUES(None, '2019-04-15 09:45:00', 'Upcoming appointment', 'Do not forget that you have appointment 35 in room 482.', 3);
INSERT INTO NOTIFICATION VALUES(None, '2019-04-15 09:45:00', 'Upcoming appointment', 'Do not forget that you have appointment 35 in room 482.', 2);
INSERT INTO INVOICE_BILL VALUES('2019-04-15 10:15:00', 200, 14, True);
INSERT INTO MEDICAL_RECORD VALUES('Medical record description 457.', '2019-04-15 10:15:00', 35, 8);
INSERT INTO APPOINTMENT VALUES(36, 449, 1, '2016-12-30 15:00:00', '2016-12-30 15:15:00', 2, 6, None);
INSERT INTO NOTIFICATION VALUES(None, '2016-12-30 14:45:00', 'Upcoming appointment', 'Do not forget that you have appointment 36 in room 449.', 9);
INSERT INTO NOTIFICATION VALUES(None, '2016-12-30 14:45:00', 'Upcoming appointment', 'Do not forget that you have appointment 36 in room 449.', 2);
INSERT INTO INVOICE_BILL VALUES('2016-12-30 15:15:00', 250, 6, True);
INSERT INTO MEDICAL_RECORD VALUES('Medical record description 950.', '2016-12-30 15:15:00', 36, 6);
INSERT INTO APPOINTMENT VALUES(37, 229, 1, '2017-06-23 15:30:00', '2017-06-23 15:45:00', 2, 1, None);
INSERT INTO NOTIFICATION VALUES(None, '2017-06-23 15:15:00', 'Upcoming appointment', 'Do not forget that you have appointment 37 in room 229.', 10);
INSERT INTO NOTIFICATION VALUES(None, '2017-06-23 15:15:00', 'Upcoming appointment', 'Do not forget that you have appointment 37 in room 229.', 2);
INSERT INTO INVOICE_BILL VALUES('2017-06-23 15:45:00', 550, 14, False);
INSERT INTO MEDICAL_RECORD VALUES('Medical record description 787.', '2017-06-23 15:45:00', 37, 1);
INSERT INTO APPOINTMENT VALUES(38, 133, 0, '2019-09-12 14:30:00', '2019-09-12 14:45:00', 2, 3, None);
INSERT INTO NOTIFICATION VALUES(None, '2019-09-12 14:15:00', 'Upcoming appointment', 'Do not forget that you have appointment 38 in room 133.', 5);
INSERT INTO NOTIFICATION VALUES(None, '2019-09-12 14:15:00', 'Upcoming appointment', 'Do not forget that you have appointment 38 in room 133.', 2);
INSERT INTO INVOICE_BILL VALUES('2019-09-12 14:45:00', 900, 6, True);
INSERT INTO MEDICAL_RECORD VALUES('Medical record description 147.', '2019-09-12 14:45:00', 38, 3);
INSERT INTO APPOINTMENT VALUES(39, 430, 1, '2017-09-29 11:15:00', '2017-09-29 11:30:00', 3, 5, None);
INSERT INTO NOTIFICATION VALUES(None, '2017-09-29 11:00:00', 'Upcoming appointment', 'Do not forget that you have appointment 39 in room 430.', 10);
INSERT INTO NOTIFICATION VALUES(None, '2017-09-29 11:00:00', 'Upcoming appointment', 'Do not forget that you have appointment 39 in room 430.', 3);
INSERT INTO INVOICE_BILL VALUES('2017-09-29 11:30:00', 750, 2, False);
INSERT INTO MEDICAL_RECORD VALUES('Medical record description 811.', '2017-09-29 11:30:00', 39, 5);
INSERT INTO APPOINTMENT VALUES(40, 375, 1, '2019-08-27 13:00:00', '2019-08-27 13:15:00', 3, 3, None);
INSERT INTO NOTIFICATION VALUES(None, '2019-08-27 12:45:00', 'Upcoming appointment', 'Do not forget that you have appointment 40 in room 375.', 3);
INSERT INTO NOTIFICATION VALUES(None, '2019-08-27 12:45:00', 'Upcoming appointment', 'Do not forget that you have appointment 40 in room 375.', 3);
INSERT INTO INVOICE_BILL VALUES('2019-08-27 13:15:00', 500, 1, False);
INSERT INTO MEDICAL_RECORD VALUES('Medical record description 858.', '2019-08-27 13:15:00', 40, 3);
INSERT INTO APPOINTMENT VALUES(41, 152, 1, '2016-07-04 14:45:00', '2016-07-04 15:00:00', 3, 4, None);
INSERT INTO NOTIFICATION VALUES(None, '2016-07-04 14:30:00', 'Upcoming appointment', 'Do not forget that you have appointment 41 in room 152.', 1);
INSERT INTO NOTIFICATION VALUES(None, '2016-07-04 14:30:00', 'Upcoming appointment', 'Do not forget that you have appointment 41 in room 152.', 3);
INSERT INTO INVOICE_BILL VALUES('2016-07-04 15:00:00', 350, 11, False);
INSERT INTO MEDICAL_RECORD VALUES('Medical record description 32.', '2016-07-04 15:00:00', 41, 4);
INSERT INTO APPOINTMENT VALUES(42, 447, 1, '2011-03-15 12:45:00', '2011-03-15 13:00:00', 3, 3, None);
INSERT INTO NOTIFICATION VALUES(None, '2011-03-15 12:30:00', 'Upcoming appointment', 'Do not forget that you have appointment 42 in room 447.', 6);
INSERT INTO NOTIFICATION VALUES(None, '2011-03-15 12:30:00', 'Upcoming appointment', 'Do not forget that you have appointment 42 in room 447.', 3);
INSERT INTO INVOICE_BILL VALUES('2011-03-15 13:00:00', 900, 1, False);
INSERT INTO MEDICAL_RECORD VALUES('Medical record description 37.', '2011-03-15 13:00:00', 42, 3);
INSERT INTO APPOINTMENT VALUES(43, 307, 0, '2015-03-19 11:00:00', '2015-03-19 11:15:00', 3, 3, None);
INSERT INTO NOTIFICATION VALUES(None, '2015-03-19 10:45:00', 'Upcoming appointment', 'Do not forget that you have appointment 43 in room 307.', 1);
INSERT INTO NOTIFICATION VALUES(None, '2015-03-19 10:45:00', 'Upcoming appointment', 'Do not forget that you have appointment 43 in room 307.', 3);
INSERT INTO INVOICE_BILL VALUES('2015-03-19 11:15:00', 100, 14, True);
INSERT INTO MEDICAL_RECORD VALUES('Medical record description 238.', '2015-03-19 11:15:00', 43, 3);
INSERT INTO APPOINTMENT VALUES(44, 323, 0, '2012-02-02 14:15:00', '2012-02-02 14:30:00', 3, 3, None);
INSERT INTO NOTIFICATION VALUES(None, '2012-02-02 14:00:00', 'Upcoming appointment', 'Do not forget that you have appointment 44 in room 323.', 2);
INSERT INTO NOTIFICATION VALUES(None, '2012-02-02 14:00:00', 'Upcoming appointment', 'Do not forget that you have appointment 44 in room 323.', 3);
INSERT INTO INVOICE_BILL VALUES('2012-02-02 14:30:00', 450, 13, False);
INSERT INTO MEDICAL_RECORD VALUES('Medical record description 496.', '2012-02-02 14:30:00', 44, 3);
INSERT INTO APPOINTMENT VALUES(45, 207, 0, '2015-01-05 15:00:00', '2015-01-05 15:15:00', 3, 3, None);
INSERT INTO NOTIFICATION VALUES(None, '2015-01-05 14:45:00', 'Upcoming appointment', 'Do not forget that you have appointment 45 in room 207.', 1);
INSERT INTO NOTIFICATION VALUES(None, '2015-01-05 14:45:00', 'Upcoming appointment', 'Do not forget that you have appointment 45 in room 207.', 3);
INSERT INTO INVOICE_BILL VALUES('2015-01-05 15:15:00', 250, 2, False);
INSERT INTO MEDICAL_RECORD VALUES('Medical record description 127.', '2015-01-05 15:15:00', 45, 3);
INSERT INTO APPOINTMENT VALUES(46, 437, 1, '2017-11-27 14:00:00', '2017-11-27 14:15:00', 3, 9, None);
INSERT INTO NOTIFICATION VALUES(None, '2017-11-27 13:45:00', 'Upcoming appointment', 'Do not forget that you have appointment 46 in room 437.', 7);
INSERT INTO NOTIFICATION VALUES(None, '2017-11-27 13:45:00', 'Upcoming appointment', 'Do not forget that you have appointment 46 in room 437.', 3);
INSERT INTO INVOICE_BILL VALUES('2017-11-27 14:15:00', 350, 6, False);
INSERT INTO MEDICAL_RECORD VALUES('Medical record description 321.', '2017-11-27 14:15:00', 46, 9);
INSERT INTO APPOINTMENT VALUES(47, 334, 1, '2017-11-28 16:00:00', '2017-11-28 16:15:00', 3, 7, None);
INSERT INTO NOTIFICATION VALUES(None, '2017-11-28 15:45:00', 'Upcoming appointment', 'Do not forget that you have appointment 47 in room 334.', 1);
INSERT INTO NOTIFICATION VALUES(None, '2017-11-28 15:45:00', 'Upcoming appointment', 'Do not forget that you have appointment 47 in room 334.', 3);
INSERT INTO INVOICE_BILL VALUES('2017-11-28 16:15:00', 300, 11, False);
INSERT INTO MEDICAL_RECORD VALUES('Medical record description 341.', '2017-11-28 16:15:00', 47, 7);
INSERT INTO APPOINTMENT VALUES(48, 102, 1, '2017-05-19 13:15:00', '2017-05-19 13:30:00', 3, 1, None);
INSERT INTO NOTIFICATION VALUES(None, '2017-05-19 13:00:00', 'Upcoming appointment', 'Do not forget that you have appointment 48 in room 102.', 4);
INSERT INTO NOTIFICATION VALUES(None, '2017-05-19 13:00:00', 'Upcoming appointment', 'Do not forget that you have appointment 48 in room 102.', 3);
INSERT INTO INVOICE_BILL VALUES('2017-05-19 13:30:00', 100, 3, False);
INSERT INTO MEDICAL_RECORD VALUES('Medical record description 863.', '2017-05-19 13:30:00', 48, 1);
INSERT INTO APPOINTMENT VALUES(49, 474, 0, '2012-11-02 10:00:00', '2012-11-02 10:15:00', 3, 3, None);
INSERT INTO NOTIFICATION VALUES(None, '2012-11-02 09:45:00', 'Upcoming appointment', 'Do not forget that you have appointment 49 in room 474.', 9);
INSERT INTO NOTIFICATION VALUES(None, '2012-11-02 09:45:00', 'Upcoming appointment', 'Do not forget that you have appointment 49 in room 474.', 3);
INSERT INTO INVOICE_BILL VALUES('2012-11-02 10:15:00', 350, 10, False);
INSERT INTO MEDICAL_RECORD VALUES('Medical record description 787.', '2012-11-02 10:15:00', 49, 3);
INSERT INTO APPOINTMENT VALUES(50, 402, 1, '2012-11-23 14:45:00', '2012-11-23 15:00:00', 3, 1, None);
INSERT INTO NOTIFICATION VALUES(None, '2012-11-23 14:30:00', 'Upcoming appointment', 'Do not forget that you have appointment 50 in room 402.', 5);
INSERT INTO NOTIFICATION VALUES(None, '2012-11-23 14:30:00', 'Upcoming appointment', 'Do not forget that you have appointment 50 in room 402.', 3);
INSERT INTO INVOICE_BILL VALUES('2012-11-23 15:00:00', 950, 3, False);
INSERT INTO MEDICAL_RECORD VALUES('Medical record description 585.', '2012-11-23 15:00:00', 50, 1);
INSERT INTO APPOINTMENT VALUES(51, 378, 0, '2019-04-24 16:30:00', '2019-04-24 16:45:00', 3, 8, None);
INSERT INTO NOTIFICATION VALUES(None, '2019-04-24 16:15:00', 'Upcoming appointment', 'Do not forget that you have appointment 51 in room 378.', 9);
INSERT INTO NOTIFICATION VALUES(None, '2019-04-24 16:15:00', 'Upcoming appointment', 'Do not forget that you have appointment 51 in room 378.', 3);
INSERT INTO INVOICE_BILL VALUES('2019-04-24 16:45:00', 650, 3, False);
INSERT INTO MEDICAL_RECORD VALUES('Medical record description 59.', '2019-04-24 16:45:00', 51, 8);
INSERT INTO APPOINTMENT VALUES(52, 385, 1, '2017-09-08 15:30:00', '2017-09-08 15:45:00', 3, 9, None);
INSERT INTO NOTIFICATION VALUES(None, '2017-09-08 15:15:00', 'Upcoming appointment', 'Do not forget that you have appointment 52 in room 385.', 10);
INSERT INTO NOTIFICATION VALUES(None, '2017-09-08 15:15:00', 'Upcoming appointment', 'Do not forget that you have appointment 52 in room 385.', 3);
INSERT INTO INVOICE_BILL VALUES('2017-09-08 15:45:00', 700, 6, False);
INSERT INTO MEDICAL_RECORD VALUES('Medical record description 637.', '2017-09-08 15:45:00', 52, 9);
INSERT INTO APPOINTMENT VALUES(53, 256, 0, '2018-07-30 17:30:00', '2018-07-30 17:45:00', 3, 4, None);
INSERT INTO NOTIFICATION VALUES(None, '2018-07-30 17:15:00', 'Upcoming appointment', 'Do not forget that you have appointment 53 in room 256.', 4);
INSERT INTO NOTIFICATION VALUES(None, '2018-07-30 17:15:00', 'Upcoming appointment', 'Do not forget that you have appointment 53 in room 256.', 3);
INSERT INTO INVOICE_BILL VALUES('2018-07-30 17:45:00', 850, 6, False);
INSERT INTO MEDICAL_RECORD VALUES('Medical record description 457.', '2018-07-30 17:45:00', 53, 4);
INSERT INTO APPOINTMENT VALUES(54, 189, 0, '2019-07-04 10:00:00', '2019-07-04 10:15:00', 3, 3, None);
INSERT INTO NOTIFICATION VALUES(None, '2019-07-04 09:45:00', 'Upcoming appointment', 'Do not forget that you have appointment 54 in room 189.', 9);
INSERT INTO NOTIFICATION VALUES(None, '2019-07-04 09:45:00', 'Upcoming appointment', 'Do not forget that you have appointment 54 in room 189.', 3);
INSERT INTO INVOICE_BILL VALUES('2019-07-04 10:15:00', 950, 13, False);
INSERT INTO MEDICAL_RECORD VALUES('Medical record description 216.', '2019-07-04 10:15:00', 54, 3);
INSERT INTO APPOINTMENT VALUES(55, 238, 1, '2017-03-08 14:15:00', '2017-03-08 14:30:00', 3, 9, None);
INSERT INTO NOTIFICATION VALUES(None, '2017-03-08 14:00:00', 'Upcoming appointment', 'Do not forget that you have appointment 55 in room 238.', 8);
INSERT INTO NOTIFICATION VALUES(None, '2017-03-08 14:00:00', 'Upcoming appointment', 'Do not forget that you have appointment 55 in room 238.', 3);
INSERT INTO INVOICE_BILL VALUES('2017-03-08 14:30:00', 100, 15, True);
INSERT INTO MEDICAL_RECORD VALUES('Medical record description 416.', '2017-03-08 14:30:00', 55, 9);
INSERT INTO APPOINTMENT VALUES(56, 157, 1, '2018-08-10 12:30:00', '2018-08-10 12:45:00', 3, 9, None);
INSERT INTO NOTIFICATION VALUES(None, '2018-08-10 12:15:00', 'Upcoming appointment', 'Do not forget that you have appointment 56 in room 157.', 8);
INSERT INTO NOTIFICATION VALUES(None, '2018-08-10 12:15:00', 'Upcoming appointment', 'Do not forget that you have appointment 56 in room 157.', 3);
INSERT INTO INVOICE_BILL VALUES('2018-08-10 12:45:00', 250, 14, True);
INSERT INTO MEDICAL_RECORD VALUES('Medical record description 130.', '2018-08-10 12:45:00', 56, 9);
INSERT INTO APPOINTMENT VALUES(57, 282, 1, '2019-04-25 15:30:00', '2019-04-25 15:45:00', 3, 5, None);
INSERT INTO NOTIFICATION VALUES(None, '2019-04-25 15:15:00', 'Upcoming appointment', 'Do not forget that you have appointment 57 in room 282.', 3);
INSERT INTO NOTIFICATION VALUES(None, '2019-04-25 15:15:00', 'Upcoming appointment', 'Do not forget that you have appointment 57 in room 282.', 3);
INSERT INTO INVOICE_BILL VALUES('2019-04-25 15:45:00', 100, 6, True);
INSERT INTO MEDICAL_RECORD VALUES('Medical record description 62.', '2019-04-25 15:45:00', 57, 5);
INSERT INTO APPOINTMENT VALUES(58, 264, 1, '2015-10-21 10:00:00', '2015-10-21 10:15:00', 3, 9, None);
INSERT INTO NOTIFICATION VALUES(None, '2015-10-21 09:45:00', 'Upcoming appointment', 'Do not forget that you have appointment 58 in room 264.', 5);
INSERT INTO NOTIFICATION VALUES(None, '2015-10-21 09:45:00', 'Upcoming appointment', 'Do not forget that you have appointment 58 in room 264.', 3);
INSERT INTO INVOICE_BILL VALUES('2015-10-21 10:15:00', 850, 13, True);
INSERT INTO MEDICAL_RECORD VALUES('Medical record description 819.', '2015-10-21 10:15:00', 58, 9);
INSERT INTO APPOINTMENT VALUES(59, 270, 0, '2018-08-30 11:15:00', '2018-08-30 11:30:00', 3, 9, None);
INSERT INTO NOTIFICATION VALUES(None, '2018-08-30 11:00:00', 'Upcoming appointment', 'Do not forget that you have appointment 59 in room 270.', 1);
INSERT INTO NOTIFICATION VALUES(None, '2018-08-30 11:00:00', 'Upcoming appointment', 'Do not forget that you have appointment 59 in room 270.', 3);
INSERT INTO INVOICE_BILL VALUES('2018-08-30 11:30:00', 800, 2, False);
INSERT INTO MEDICAL_RECORD VALUES('Medical record description 350.', '2018-08-30 11:30:00', 59, 9);
INSERT INTO APPOINTMENT VALUES(60, 487, 0, '2015-10-14 11:15:00', '2015-10-14 11:30:00', 3, 3, None);
INSERT INTO NOTIFICATION VALUES(None, '2015-10-14 11:00:00', 'Upcoming appointment', 'Do not forget that you have appointment 60 in room 487.', 7);
INSERT INTO NOTIFICATION VALUES(None, '2015-10-14 11:00:00', 'Upcoming appointment', 'Do not forget that you have appointment 60 in room 487.', 3);
INSERT INTO INVOICE_BILL VALUES('2015-10-14 11:30:00', 700, 8, True);
INSERT INTO MEDICAL_RECORD VALUES('Medical record description 949.', '2015-10-14 11:30:00', 60, 3);
INSERT INTO APPOINTMENT VALUES(61, 365, 1, '2019-10-28 16:30:00', '2019-10-28 16:45:00', 3, 10, None);
INSERT INTO NOTIFICATION VALUES(None, '2019-10-28 16:15:00', 'Upcoming appointment', 'Do not forget that you have appointment 61 in room 365.', 9);
INSERT INTO NOTIFICATION VALUES(None, '2019-10-28 16:15:00', 'Upcoming appointment', 'Do not forget that you have appointment 61 in room 365.', 3);
INSERT INTO INVOICE_BILL VALUES('2019-10-28 16:45:00', 350, 4, False);
INSERT INTO MEDICAL_RECORD VALUES('Medical record description 746.', '2019-10-28 16:45:00', 61, 10);
INSERT INTO APPOINTMENT VALUES(62, 449, 1, '2019-07-17 17:15:00', '2019-07-17 17:30:00', 3, 8, None);
INSERT INTO NOTIFICATION VALUES(None, '2019-07-17 17:00:00', 'Upcoming appointment', 'Do not forget that you have appointment 62 in room 449.', 6);
INSERT INTO NOTIFICATION VALUES(None, '2019-07-17 17:00:00', 'Upcoming appointment', 'Do not forget that you have appointment 62 in room 449.', 3);
INSERT INTO INVOICE_BILL VALUES('2019-07-17 17:30:00', 150, 5, True);
INSERT INTO MEDICAL_RECORD VALUES('Medical record description 841.', '2019-07-17 17:30:00', 62, 8);
INSERT INTO APPOINTMENT VALUES(63, 387, 1, '2015-08-21 14:00:00', '2015-08-21 14:15:00', 3, 2, None);
INSERT INTO NOTIFICATION VALUES(None, '2015-08-21 13:45:00', 'Upcoming appointment', 'Do not forget that you have appointment 63 in room 387.', 7);
INSERT INTO NOTIFICATION VALUES(None, '2015-08-21 13:45:00', 'Upcoming appointment', 'Do not forget that you have appointment 63 in room 387.', 3);
INSERT INTO INVOICE_BILL VALUES('2015-08-21 14:15:00', 450, 5, False);
INSERT INTO MEDICAL_RECORD VALUES('Medical record description 502.', '2015-08-21 14:15:00', 63, 2);
INSERT INTO APPOINTMENT VALUES(64, 192, 0, '2019-11-08 13:45:00', '2019-11-08 14:00:00', 3, 1, None);
INSERT INTO NOTIFICATION VALUES(None, '2019-11-08 13:30:00', 'Upcoming appointment', 'Do not forget that you have appointment 64 in room 192.', 10);
INSERT INTO NOTIFICATION VALUES(None, '2019-11-08 13:30:00', 'Upcoming appointment', 'Do not forget that you have appointment 64 in room 192.', 3);
INSERT INTO INVOICE_BILL VALUES('2019-11-08 14:00:00', 600, 13, True);
INSERT INTO MEDICAL_RECORD VALUES('Medical record description 590.', '2019-11-08 14:00:00', 64, 1);
INSERT INTO APPOINTMENT VALUES(65, 384, 1, '2014-01-03 12:30:00', '2014-01-03 12:45:00', 4, 3, None);
INSERT INTO NOTIFICATION VALUES(None, '2014-01-03 12:15:00', 'Upcoming appointment', 'Do not forget that you have appointment 65 in room 384.', 1);
INSERT INTO NOTIFICATION VALUES(None, '2014-01-03 12:15:00', 'Upcoming appointment', 'Do not forget that you have appointment 65 in room 384.', 4);
INSERT INTO INVOICE_BILL VALUES('2014-01-03 12:45:00', 800, 5, True);
INSERT INTO MEDICAL_RECORD VALUES('Medical record description 405.', '2014-01-03 12:45:00', 65, 3);
INSERT INTO APPOINTMENT VALUES(66, 425, 0, '2016-10-21 13:15:00', '2016-10-21 13:30:00', 4, 6, None);
INSERT INTO NOTIFICATION VALUES(None, '2016-10-21 13:00:00', 'Upcoming appointment', 'Do not forget that you have appointment 66 in room 425.', 6);
INSERT INTO NOTIFICATION VALUES(None, '2016-10-21 13:00:00', 'Upcoming appointment', 'Do not forget that you have appointment 66 in room 425.', 4);
INSERT INTO INVOICE_BILL VALUES('2016-10-21 13:30:00', 750, 9, False);
INSERT INTO MEDICAL_RECORD VALUES('Medical record description 809.', '2016-10-21 13:30:00', 66, 6);
INSERT INTO APPOINTMENT VALUES(67, 367, 0, '2018-05-01 15:00:00', '2018-05-01 15:15:00', 4, 2, None);
INSERT INTO NOTIFICATION VALUES(None, '2018-05-01 14:45:00', 'Upcoming appointment', 'Do not forget that you have appointment 67 in room 367.', 4);
INSERT INTO NOTIFICATION VALUES(None, '2018-05-01 14:45:00', 'Upcoming appointment', 'Do not forget that you have appointment 67 in room 367.', 4);
INSERT INTO INVOICE_BILL VALUES('2018-05-01 15:15:00', 300, 15, True);
INSERT INTO MEDICAL_RECORD VALUES('Medical record description 507.', '2018-05-01 15:15:00', 67, 2);
INSERT INTO APPOINTMENT VALUES(68, 194, 0, '2018-05-23 13:00:00', '2018-05-23 13:15:00', 4, 1, None);
INSERT INTO NOTIFICATION VALUES(None, '2018-05-23 12:45:00', 'Upcoming appointment', 'Do not forget that you have appointment 68 in room 194.', 2);
INSERT INTO NOTIFICATION VALUES(None, '2018-05-23 12:45:00', 'Upcoming appointment', 'Do not forget that you have appointment 68 in room 194.', 4);
INSERT INTO INVOICE_BILL VALUES('2018-05-23 13:15:00', 450, 3, False);
INSERT INTO MEDICAL_RECORD VALUES('Medical record description 860.', '2018-05-23 13:15:00', 68, 1);
INSERT INTO APPOINTMENT VALUES(69, 382, 0, '2010-03-03 13:00:00', '2010-03-03 13:15:00', 4, 3, None);
INSERT INTO NOTIFICATION VALUES(None, '2010-03-03 12:45:00', 'Upcoming appointment', 'Do not forget that you have appointment 69 in room 382.', 2);
INSERT INTO NOTIFICATION VALUES(None, '2010-03-03 12:45:00', 'Upcoming appointment', 'Do not forget that you have appointment 69 in room 382.', 4);
INSERT INTO INVOICE_BILL VALUES('2010-03-03 13:15:00', 600, 9, False);
INSERT INTO MEDICAL_RECORD VALUES('Medical record description 268.', '2010-03-03 13:15:00', 69, 3);
INSERT INTO APPOINTMENT VALUES(70, 196, 0, '2019-08-14 12:45:00', '2019-08-14 13:00:00', 4, 3, None);
INSERT INTO NOTIFICATION VALUES(None, '2019-08-14 12:30:00', 'Upcoming appointment', 'Do not forget that you have appointment 70 in room 196.', 10);
INSERT INTO NOTIFICATION VALUES(None, '2019-08-14 12:30:00', 'Upcoming appointment', 'Do not forget that you have appointment 70 in room 196.', 4);
INSERT INTO INVOICE_BILL VALUES('2019-08-14 13:00:00', 200, 13, False);
INSERT INTO MEDICAL_RECORD VALUES('Medical record description 44.', '2019-08-14 13:00:00', 70, 3);
INSERT INTO APPOINTMENT VALUES(71, 316, 1, '2018-09-14 11:15:00', '2018-09-14 11:30:00', 4, 4, None);
INSERT INTO NOTIFICATION VALUES(None, '2018-09-14 11:00:00', 'Upcoming appointment', 'Do not forget that you have appointment 71 in room 316.', 10);
INSERT INTO NOTIFICATION VALUES(None, '2018-09-14 11:00:00', 'Upcoming appointment', 'Do not forget that you have appointment 71 in room 316.', 4);
INSERT INTO INVOICE_BILL VALUES('2018-09-14 11:30:00', 800, 11, True);
INSERT INTO MEDICAL_RECORD VALUES('Medical record description 985.', '2018-09-14 11:30:00', 71, 4);
INSERT INTO APPOINTMENT VALUES(72, 155, 1, '2015-09-18 13:00:00', '2015-09-18 13:15:00', 4, 9, None);
INSERT INTO NOTIFICATION VALUES(None, '2015-09-18 12:45:00', 'Upcoming appointment', 'Do not forget that you have appointment 72 in room 155.', 5);
INSERT INTO NOTIFICATION VALUES(None, '2015-09-18 12:45:00', 'Upcoming appointment', 'Do not forget that you have appointment 72 in room 155.', 4);
INSERT INTO INVOICE_BILL VALUES('2015-09-18 13:15:00', 350, 5, True);
INSERT INTO MEDICAL_RECORD VALUES('Medical record description 141.', '2015-09-18 13:15:00', 72, 9);
INSERT INTO APPOINTMENT VALUES(73, 402, 0, '2018-12-05 13:45:00', '2018-12-05 14:00:00', 4, 10, None);
INSERT INTO NOTIFICATION VALUES(None, '2018-12-05 13:30:00', 'Upcoming appointment', 'Do not forget that you have appointment 73 in room 402.', 7);
INSERT INTO NOTIFICATION VALUES(None, '2018-12-05 13:30:00', 'Upcoming appointment', 'Do not forget that you have appointment 73 in room 402.', 4);
INSERT INTO INVOICE_BILL VALUES('2018-12-05 14:00:00', 950, 4, True);
INSERT INTO MEDICAL_RECORD VALUES('Medical record description 146.', '2018-12-05 14:00:00', 73, 10);
INSERT INTO APPOINTMENT VALUES(74, 218, 1, '2016-06-06 12:15:00', '2016-06-06 12:30:00', 4, 9, None);
INSERT INTO NOTIFICATION VALUES(None, '2016-06-06 12:00:00', 'Upcoming appointment', 'Do not forget that you have appointment 74 in room 218.', 10);
INSERT INTO NOTIFICATION VALUES(None, '2016-06-06 12:00:00', 'Upcoming appointment', 'Do not forget that you have appointment 74 in room 218.', 4);
INSERT INTO INVOICE_BILL VALUES('2016-06-06 12:30:00', 300, 11, False);
INSERT INTO MEDICAL_RECORD VALUES('Medical record description 816.', '2016-06-06 12:30:00', 74, 9);
INSERT INTO APPOINTMENT VALUES(75, 226, 0, '2017-05-11 15:30:00', '2017-05-11 15:45:00', 4, 2, None);
INSERT INTO NOTIFICATION VALUES(None, '2017-05-11 15:15:00', 'Upcoming appointment', 'Do not forget that you have appointment 75 in room 226.', 3);
INSERT INTO NOTIFICATION VALUES(None, '2017-05-11 15:15:00', 'Upcoming appointment', 'Do not forget that you have appointment 75 in room 226.', 4);
INSERT INTO INVOICE_BILL VALUES('2017-05-11 15:45:00', 500, 12, True);
INSERT INTO MEDICAL_RECORD VALUES('Medical record description 285.', '2017-05-11 15:45:00', 75, 2);
INSERT INTO APPOINTMENT VALUES(76, 478, 0, '2012-05-28 11:45:00', '2012-05-28 12:00:00', 4, 3, None);
INSERT INTO NOTIFICATION VALUES(None, '2012-05-28 11:30:00', 'Upcoming appointment', 'Do not forget that you have appointment 76 in room 478.', 1);
INSERT INTO NOTIFICATION VALUES(None, '2012-05-28 11:30:00', 'Upcoming appointment', 'Do not forget that you have appointment 76 in room 478.', 4);
INSERT INTO INVOICE_BILL VALUES('2012-05-28 12:00:00', 500, 4, False);
INSERT INTO MEDICAL_RECORD VALUES('Medical record description 568.', '2012-05-28 12:00:00', 76, 3);
INSERT INTO APPOINTMENT VALUES(77, 103, 0, '2018-04-23 10:30:00', '2018-04-23 10:45:00', 4, 4, None);
INSERT INTO NOTIFICATION VALUES(None, '2018-04-23 10:15:00', 'Upcoming appointment', 'Do not forget that you have appointment 77 in room 103.', 6);
INSERT INTO NOTIFICATION VALUES(None, '2018-04-23 10:15:00', 'Upcoming appointment', 'Do not forget that you have appointment 77 in room 103.', 4);
INSERT INTO INVOICE_BILL VALUES('2018-04-23 10:45:00', 450, 4, False);
INSERT INTO MEDICAL_RECORD VALUES('Medical record description 793.', '2018-04-23 10:45:00', 77, 4);
INSERT INTO APPOINTMENT VALUES(78, 305, 1, '2018-08-30 12:45:00', '2018-08-30 13:00:00', 4, 10, None);
INSERT INTO NOTIFICATION VALUES(None, '2018-08-30 12:30:00', 'Upcoming appointment', 'Do not forget that you have appointment 78 in room 305.', 1);
INSERT INTO NOTIFICATION VALUES(None, '2018-08-30 12:30:00', 'Upcoming appointment', 'Do not forget that you have appointment 78 in room 305.', 4);
INSERT INTO INVOICE_BILL VALUES('2018-08-30 13:00:00', 950, 14, False);
INSERT INTO MEDICAL_RECORD VALUES('Medical record description 488.', '2018-08-30 13:00:00', 78, 10);
INSERT INTO APPOINTMENT VALUES(79, 221, 1, '2017-07-24 12:30:00', '2017-07-24 12:45:00', 4, 8, None);
INSERT INTO NOTIFICATION VALUES(None, '2017-07-24 12:15:00', 'Upcoming appointment', 'Do not forget that you have appointment 79 in room 221.', 7);
INSERT INTO NOTIFICATION VALUES(None, '2017-07-24 12:15:00', 'Upcoming appointment', 'Do not forget that you have appointment 79 in room 221.', 4);
INSERT INTO INVOICE_BILL VALUES('2017-07-24 12:45:00', 150, 5, False);
INSERT INTO MEDICAL_RECORD VALUES('Medical record description 466.', '2017-07-24 12:45:00', 79, 8);
INSERT INTO APPOINTMENT VALUES(80, 206, 1, '2019-05-17 15:15:00', '2019-05-17 15:30:00', 4, 4, None);
INSERT INTO NOTIFICATION VALUES(None, '2019-05-17 15:00:00', 'Upcoming appointment', 'Do not forget that you have appointment 80 in room 206.', 3);
INSERT INTO NOTIFICATION VALUES(None, '2019-05-17 15:00:00', 'Upcoming appointment', 'Do not forget that you have appointment 80 in room 206.', 4);
INSERT INTO INVOICE_BILL VALUES('2019-05-17 15:30:00', 350, 3, True);
INSERT INTO MEDICAL_RECORD VALUES('Medical record description 665.', '2019-05-17 15:30:00', 80, 4);
INSERT INTO APPOINTMENT VALUES(81, 250, 0, '2018-12-12 17:30:00', '2018-12-12 17:45:00', 4, 1, None);
INSERT INTO NOTIFICATION VALUES(None, '2018-12-12 17:15:00', 'Upcoming appointment', 'Do not forget that you have appointment 81 in room 250.', 1);
INSERT INTO NOTIFICATION VALUES(None, '2018-12-12 17:15:00', 'Upcoming appointment', 'Do not forget that you have appointment 81 in room 250.', 4);
INSERT INTO INVOICE_BILL VALUES('2018-12-12 17:45:00', 800, 13, False);
INSERT INTO MEDICAL_RECORD VALUES('Medical record description 743.', '2018-12-12 17:45:00', 81, 1);
INSERT INTO APPOINTMENT VALUES(82, 426, 0, '2011-11-24 17:15:00', '2011-11-24 17:30:00', 4, 3, None);
INSERT INTO NOTIFICATION VALUES(None, '2011-11-24 17:00:00', 'Upcoming appointment', 'Do not forget that you have appointment 82 in room 426.', 9);
INSERT INTO NOTIFICATION VALUES(None, '2011-11-24 17:00:00', 'Upcoming appointment', 'Do not forget that you have appointment 82 in room 426.', 4);
INSERT INTO INVOICE_BILL VALUES('2011-11-24 17:30:00', 1000, 6, False);
INSERT INTO MEDICAL_RECORD VALUES('Medical record description 382.', '2011-11-24 17:30:00', 82, 3);
INSERT INTO APPOINTMENT VALUES(83, 331, 0, '2019-01-11 12:00:00', '2019-01-11 12:15:00', 4, 3, None);
INSERT INTO NOTIFICATION VALUES(None, '2019-01-11 11:45:00', 'Upcoming appointment', 'Do not forget that you have appointment 83 in room 331.', 6);
INSERT INTO NOTIFICATION VALUES(None, '2019-01-11 11:45:00', 'Upcoming appointment', 'Do not forget that you have appointment 83 in room 331.', 4);
INSERT INTO INVOICE_BILL VALUES('2019-01-11 12:15:00', 150, 13, False);
INSERT INTO MEDICAL_RECORD VALUES('Medical record description 879.', '2019-01-11 12:15:00', 83, 3);
INSERT INTO APPOINTMENT VALUES(84, 219, 0, '2013-10-09 14:30:00', '2013-10-09 14:45:00', 4, 1, None);
INSERT INTO NOTIFICATION VALUES(None, '2013-10-09 14:15:00', 'Upcoming appointment', 'Do not forget that you have appointment 84 in room 219.', 7);
INSERT INTO NOTIFICATION VALUES(None, '2013-10-09 14:15:00', 'Upcoming appointment', 'Do not forget that you have appointment 84 in room 219.', 4);
INSERT INTO INVOICE_BILL VALUES('2013-10-09 14:45:00', 500, 4, False);
INSERT INTO MEDICAL_RECORD VALUES('Medical record description 678.', '2013-10-09 14:45:00', 84, 1);
INSERT INTO APPOINTMENT VALUES(85, 439, 1, '2018-02-01 15:45:00', '2018-02-01 16:00:00', 4, 10, None);
INSERT INTO NOTIFICATION VALUES(None, '2018-02-01 15:30:00', 'Upcoming appointment', 'Do not forget that you have appointment 85 in room 439.', 2);
INSERT INTO NOTIFICATION VALUES(None, '2018-02-01 15:30:00', 'Upcoming appointment', 'Do not forget that you have appointment 85 in room 439.', 4);
INSERT INTO INVOICE_BILL VALUES('2018-02-01 16:00:00', 450, 6, False);
INSERT INTO MEDICAL_RECORD VALUES('Medical record description 503.', '2018-02-01 16:00:00', 85, 10);
INSERT INTO APPOINTMENT VALUES(86, 266, 1, '2015-05-01 11:15:00', '2015-05-01 11:30:00', 4, 2, None);
INSERT INTO NOTIFICATION VALUES(None, '2015-05-01 11:00:00', 'Upcoming appointment', 'Do not forget that you have appointment 86 in room 266.', 1);
INSERT INTO NOTIFICATION VALUES(None, '2015-05-01 11:00:00', 'Upcoming appointment', 'Do not forget that you have appointment 86 in room 266.', 4);
INSERT INTO INVOICE_BILL VALUES('2015-05-01 11:30:00', 950, 15, False);
INSERT INTO MEDICAL_RECORD VALUES('Medical record description 157.', '2015-05-01 11:30:00', 86, 2);
INSERT INTO APPOINTMENT VALUES(87, 272, 0, '2019-06-04 16:45:00', '2019-06-04 17:00:00', 4, 1, None);
INSERT INTO NOTIFICATION VALUES(None, '2019-06-04 16:30:00', 'Upcoming appointment', 'Do not forget that you have appointment 87 in room 272.', 6);
INSERT INTO NOTIFICATION VALUES(None, '2019-06-04 16:30:00', 'Upcoming appointment', 'Do not forget that you have appointment 87 in room 272.', 4);
INSERT INTO INVOICE_BILL VALUES('2019-06-04 17:00:00', 500, 1, False);
INSERT INTO MEDICAL_RECORD VALUES('Medical record description 764.', '2019-06-04 17:00:00', 87, 1);
INSERT INTO APPOINTMENT VALUES(88, 241, 0, '2019-05-02 17:30:00', '2019-05-02 17:45:00', 4, 2, None);
INSERT INTO NOTIFICATION VALUES(None, '2019-05-02 17:15:00', 'Upcoming appointment', 'Do not forget that you have appointment 88 in room 241.', 10);
INSERT INTO NOTIFICATION VALUES(None, '2019-05-02 17:15:00', 'Upcoming appointment', 'Do not forget that you have appointment 88 in room 241.', 4);
INSERT INTO INVOICE_BILL VALUES('2019-05-02 17:45:00', 600, 12, True);
INSERT INTO MEDICAL_RECORD VALUES('Medical record description 18.', '2019-05-02 17:45:00', 88, 2);
INSERT INTO APPOINTMENT VALUES(89, 376, 1, '2019-01-25 13:45:00', '2019-01-25 14:00:00', 4, 10, None);
INSERT INTO NOTIFICATION VALUES(None, '2019-01-25 13:30:00', 'Upcoming appointment', 'Do not forget that you have appointment 89 in room 376.', 3);
INSERT INTO NOTIFICATION VALUES(None, '2019-01-25 13:30:00', 'Upcoming appointment', 'Do not forget that you have appointment 89 in room 376.', 4);
INSERT INTO INVOICE_BILL VALUES('2019-01-25 14:00:00', 150, 5, True);
INSERT INTO MEDICAL_RECORD VALUES('Medical record description 713.', '2019-01-25 14:00:00', 89, 10);
INSERT INTO APPOINTMENT VALUES(90, 473, 1, '2018-11-23 14:45:00', '2018-11-23 15:00:00', 5, 4, None);
INSERT INTO NOTIFICATION VALUES(None, '2018-11-23 14:30:00', 'Upcoming appointment', 'Do not forget that you have appointment 90 in room 473.', 1);
INSERT INTO NOTIFICATION VALUES(None, '2018-11-23 14:30:00', 'Upcoming appointment', 'Do not forget that you have appointment 90 in room 473.', 5);
INSERT INTO INVOICE_BILL VALUES('2018-11-23 15:00:00', 500, 4, True);
INSERT INTO MEDICAL_RECORD VALUES('Medical record description 258.', '2018-11-23 15:00:00', 90, 4);
INSERT INTO APPOINTMENT VALUES(91, 285, 0, '2010-06-18 12:45:00', '2010-06-18 13:00:00', 5, 3, None);
INSERT INTO NOTIFICATION VALUES(None, '2010-06-18 12:30:00', 'Upcoming appointment', 'Do not forget that you have appointment 91 in room 285.', 3);
INSERT INTO NOTIFICATION VALUES(None, '2010-06-18 12:30:00', 'Upcoming appointment', 'Do not forget that you have appointment 91 in room 285.', 5);
INSERT INTO INVOICE_BILL VALUES('2010-06-18 13:00:00', 500, 5, False);
INSERT INTO MEDICAL_RECORD VALUES('Medical record description 37.', '2010-06-18 13:00:00', 91, 3);
INSERT INTO APPOINTMENT VALUES(92, 373, 1, '2016-12-01 14:00:00', '2016-12-01 14:15:00', 5, 3, None);
INSERT INTO NOTIFICATION VALUES(None, '2016-12-01 13:45:00', 'Upcoming appointment', 'Do not forget that you have appointment 92 in room 373.', 8);
INSERT INTO NOTIFICATION VALUES(None, '2016-12-01 13:45:00', 'Upcoming appointment', 'Do not forget that you have appointment 92 in room 373.', 5);
INSERT INTO INVOICE_BILL VALUES('2016-12-01 14:15:00', 400, 14, False);
INSERT INTO MEDICAL_RECORD VALUES('Medical record description 733.', '2016-12-01 14:15:00', 92, 3);
INSERT INTO APPOINTMENT VALUES(93, 259, 1, '2019-07-29 12:45:00', '2019-07-29 13:00:00', 5, 10, None);
INSERT INTO NOTIFICATION VALUES(None, '2019-07-29 12:30:00', 'Upcoming appointment', 'Do not forget that you have appointment 93 in room 259.', 9);
INSERT INTO NOTIFICATION VALUES(None, '2019-07-29 12:30:00', 'Upcoming appointment', 'Do not forget that you have appointment 93 in room 259.', 5);
INSERT INTO INVOICE_BILL VALUES('2019-07-29 13:00:00', 150, 3, True);
INSERT INTO MEDICAL_RECORD VALUES('Medical record description 406.', '2019-07-29 13:00:00', 93, 10);
INSERT INTO APPOINTMENT VALUES(94, 227, 1, '2018-09-10 16:00:00', '2018-09-10 16:15:00', 5, 1, None);
INSERT INTO NOTIFICATION VALUES(None, '2018-09-10 15:45:00', 'Upcoming appointment', 'Do not forget that you have appointment 94 in room 227.', 4);
INSERT INTO NOTIFICATION VALUES(None, '2018-09-10 15:45:00', 'Upcoming appointment', 'Do not forget that you have appointment 94 in room 227.', 5);
INSERT INTO INVOICE_BILL VALUES('2018-09-10 16:15:00', 400, 2, False);
INSERT INTO MEDICAL_RECORD VALUES('Medical record description 688.', '2018-09-10 16:15:00', 94, 1);
INSERT INTO APPOINTMENT VALUES(95, 354, 0, '2017-03-02 13:45:00', '2017-03-02 14:00:00', 5, 9, None);
INSERT INTO NOTIFICATION VALUES(None, '2017-03-02 13:30:00', 'Upcoming appointment', 'Do not forget that you have appointment 95 in room 354.', 3);
INSERT INTO NOTIFICATION VALUES(None, '2017-03-02 13:30:00', 'Upcoming appointment', 'Do not forget that you have appointment 95 in room 354.', 5);
INSERT INTO INVOICE_BILL VALUES('2017-03-02 14:00:00', 850, 14, False);
INSERT INTO MEDICAL_RECORD VALUES('Medical record description 634.', '2017-03-02 14:00:00', 95, 9);
INSERT INTO APPOINTMENT VALUES(96, 392, 0, '2018-05-02 14:00:00', '2018-05-02 14:15:00', 5, 9, None);
INSERT INTO NOTIFICATION VALUES(None, '2018-05-02 13:45:00', 'Upcoming appointment', 'Do not forget that you have appointment 96 in room 392.', 2);
INSERT INTO NOTIFICATION VALUES(None, '2018-05-02 13:45:00', 'Upcoming appointment', 'Do not forget that you have appointment 96 in room 392.', 5);
INSERT INTO INVOICE_BILL VALUES('2018-05-02 14:15:00', 450, 6, False);
INSERT INTO MEDICAL_RECORD VALUES('Medical record description 508.', '2018-05-02 14:15:00', 96, 9);
INSERT INTO APPOINTMENT VALUES(97, 119, 0, '2011-11-30 10:00:00', '2011-11-30 10:15:00', 5, 3, None);
INSERT INTO NOTIFICATION VALUES(None, '2011-11-30 09:45:00', 'Upcoming appointment', 'Do not forget that you have appointment 97 in room 119.', 10);
INSERT INTO NOTIFICATION VALUES(None, '2011-11-30 09:45:00', 'Upcoming appointment', 'Do not forget that you have appointment 97 in room 119.', 5);
INSERT INTO INVOICE_BILL VALUES('2011-11-30 10:15:00', 250, 11, True);
INSERT INTO MEDICAL_RECORD VALUES('Medical record description 71.', '2011-11-30 10:15:00', 97, 3);
INSERT INTO APPOINTMENT VALUES(98, 269, 0, '2017-05-24 15:00:00', '2017-05-24 15:15:00', 5, 9, None);
INSERT INTO NOTIFICATION VALUES(None, '2017-05-24 14:45:00', 'Upcoming appointment', 'Do not forget that you have appointment 98 in room 269.', 7);
INSERT INTO NOTIFICATION VALUES(None, '2017-05-24 14:45:00', 'Upcoming appointment', 'Do not forget that you have appointment 98 in room 269.', 5);
INSERT INTO INVOICE_BILL VALUES('2017-05-24 15:15:00', 700, 14, True);
INSERT INTO MEDICAL_RECORD VALUES('Medical record description 800.', '2017-05-24 15:15:00', 98, 9);
INSERT INTO APPOINTMENT VALUES(99, 195, 1, '2017-08-25 13:15:00', '2017-08-25 13:30:00', 5, 7, None);
INSERT INTO NOTIFICATION VALUES(None, '2017-08-25 13:00:00', 'Upcoming appointment', 'Do not forget that you have appointment 99 in room 195.', 3);
INSERT INTO NOTIFICATION VALUES(None, '2017-08-25 13:00:00', 'Upcoming appointment', 'Do not forget that you have appointment 99 in room 195.', 5);
INSERT INTO INVOICE_BILL VALUES('2017-08-25 13:30:00', 50, 14, True);
INSERT INTO MEDICAL_RECORD VALUES('Medical record description 692.', '2017-08-25 13:30:00', 99, 7);
INSERT INTO APPOINTMENT VALUES(100, 373, 1, '2009-10-06 14:00:00', '2009-10-06 14:15:00', 5, 3, None);
INSERT INTO NOTIFICATION VALUES(None, '2009-10-06 13:45:00', 'Upcoming appointment', 'Do not forget that you have appointment 100 in room 373.', 8);
INSERT INTO NOTIFICATION VALUES(None, '2009-10-06 13:45:00', 'Upcoming appointment', 'Do not forget that you have appointment 100 in room 373.', 5);
INSERT INTO INVOICE_BILL VALUES('2009-10-06 14:15:00', 100, 9, True);
INSERT INTO MEDICAL_RECORD VALUES('Medical record description 967.', '2009-10-06 14:15:00', 100, 3);
INSERT INTO APPOINTMENT VALUES(101, 484, 0, '2017-03-22 13:30:00', '2017-03-22 13:45:00', 6, 4, None);
INSERT INTO NOTIFICATION VALUES(None, '2017-03-22 13:15:00', 'Upcoming appointment', 'Do not forget that you have appointment 101 in room 484.', 6);
INSERT INTO NOTIFICATION VALUES(None, '2017-03-22 13:15:00', 'Upcoming appointment', 'Do not forget that you have appointment 101 in room 484.', 6);
INSERT INTO INVOICE_BILL VALUES('2017-03-22 13:45:00', 100, 3, True);
INSERT INTO MEDICAL_RECORD VALUES('Medical record description 932.', '2017-03-22 13:45:00', 101, 4);
INSERT INTO APPOINTMENT VALUES(102, 384, 0, '2013-11-08 17:30:00', '2013-11-08 17:45:00', 6, 1, None);
INSERT INTO NOTIFICATION VALUES(None, '2013-11-08 17:15:00', 'Upcoming appointment', 'Do not forget that you have appointment 102 in room 384.', 2);
INSERT INTO NOTIFICATION VALUES(None, '2013-11-08 17:15:00', 'Upcoming appointment', 'Do not forget that you have appointment 102 in room 384.', 6);
INSERT INTO INVOICE_BILL VALUES('2013-11-08 17:45:00', 400, 4, True);
INSERT INTO MEDICAL_RECORD VALUES('Medical record description 270.', '2013-11-08 17:45:00', 102, 1);
INSERT INTO APPOINTMENT VALUES(103, 110, 1, '2018-10-31 12:30:00', '2018-10-31 12:45:00', 6, 5, None);
INSERT INTO NOTIFICATION VALUES(None, '2018-10-31 12:15:00', 'Upcoming appointment', 'Do not forget that you have appointment 103 in room 110.', 4);
INSERT INTO NOTIFICATION VALUES(None, '2018-10-31 12:15:00', 'Upcoming appointment', 'Do not forget that you have appointment 103 in room 110.', 6);
INSERT INTO INVOICE_BILL VALUES('2018-10-31 12:45:00', 500, 6, True);
INSERT INTO MEDICAL_RECORD VALUES('Medical record description 965.', '2018-10-31 12:45:00', 103, 5);
INSERT INTO APPOINTMENT VALUES(104, 104, 1, '2019-05-16 11:00:00', '2019-05-16 11:15:00', 6, 1, None);
INSERT INTO NOTIFICATION VALUES(None, '2019-05-16 10:45:00', 'Upcoming appointment', 'Do not forget that you have appointment 104 in room 104.', 10);
INSERT INTO NOTIFICATION VALUES(None, '2019-05-16 10:45:00', 'Upcoming appointment', 'Do not forget that you have appointment 104 in room 104.', 6);
INSERT INTO INVOICE_BILL VALUES('2019-05-16 11:15:00', 550, 7, True);
INSERT INTO MEDICAL_RECORD VALUES('Medical record description 862.', '2019-05-16 11:15:00', 104, 1);
INSERT INTO APPOINTMENT VALUES(105, 150, 0, '2019-02-20 14:45:00', '2019-02-20 15:00:00', 6, 4, None);
INSERT INTO NOTIFICATION VALUES(None, '2019-02-20 14:30:00', 'Upcoming appointment', 'Do not forget that you have appointment 105 in room 150.', 2);
INSERT INTO NOTIFICATION VALUES(None, '2019-02-20 14:30:00', 'Upcoming appointment', 'Do not forget that you have appointment 105 in room 150.', 6);
INSERT INTO INVOICE_BILL VALUES('2019-02-20 15:00:00', 600, 7, True);
INSERT INTO MEDICAL_RECORD VALUES('Medical record description 203.', '2019-02-20 15:00:00', 105, 4);
INSERT INTO APPOINTMENT VALUES(106, 121, 0, '2015-09-18 17:00:00', '2015-09-18 17:15:00', 6, 1, None);
INSERT INTO NOTIFICATION VALUES(None, '2015-09-18 16:45:00', 'Upcoming appointment', 'Do not forget that you have appointment 106 in room 121.', 3);
INSERT INTO NOTIFICATION VALUES(None, '2015-09-18 16:45:00', 'Upcoming appointment', 'Do not forget that you have appointment 106 in room 121.', 6);
INSERT INTO INVOICE_BILL VALUES('2015-09-18 17:15:00', 300, 4, False);
INSERT INTO MEDICAL_RECORD VALUES('Medical record description 571.', '2015-09-18 17:15:00', 106, 1);
INSERT INTO APPOINTMENT VALUES(107, 291, 0, '2018-04-18 16:00:00', '2018-04-18 16:15:00', 6, 10, None);
INSERT INTO NOTIFICATION VALUES(None, '2018-04-18 15:45:00', 'Upcoming appointment', 'Do not forget that you have appointment 107 in room 291.', 5);
INSERT INTO NOTIFICATION VALUES(None, '2018-04-18 15:45:00', 'Upcoming appointment', 'Do not forget that you have appointment 107 in room 291.', 6);
INSERT INTO INVOICE_BILL VALUES('2018-04-18 16:15:00', 600, 6, False);
INSERT INTO MEDICAL_RECORD VALUES('Medical record description 416.', '2018-04-18 16:15:00', 107, 10);
INSERT INTO APPOINTMENT VALUES(108, 216, 1, '2018-10-23 13:00:00', '2018-10-23 13:15:00', 6, 4, None);
INSERT INTO NOTIFICATION VALUES(None, '2018-10-23 12:45:00', 'Upcoming appointment', 'Do not forget that you have appointment 108 in room 216.', 2);
INSERT INTO NOTIFICATION VALUES(None, '2018-10-23 12:45:00', 'Upcoming appointment', 'Do not forget that you have appointment 108 in room 216.', 6);
INSERT INTO INVOICE_BILL VALUES('2018-10-23 13:15:00', 750, 6, True);
INSERT INTO MEDICAL_RECORD VALUES('Medical record description 896.', '2018-10-23 13:15:00', 108, 4);
INSERT INTO APPOINTMENT VALUES(109, 139, 0, '2017-11-08 15:15:00', '2017-11-08 15:30:00', 6, 7, None);
INSERT INTO NOTIFICATION VALUES(None, '2017-11-08 15:00:00', 'Upcoming appointment', 'Do not forget that you have appointment 109 in room 139.', 2);
INSERT INTO NOTIFICATION VALUES(None, '2017-11-08 15:00:00', 'Upcoming appointment', 'Do not forget that you have appointment 109 in room 139.', 6);
INSERT INTO INVOICE_BILL VALUES('2017-11-08 15:30:00', 300, 14, True);
INSERT INTO MEDICAL_RECORD VALUES('Medical record description 972.', '2017-11-08 15:30:00', 109, 7);
INSERT INTO APPOINTMENT VALUES(110, 416, 0, '2017-10-16 17:00:00', '2017-10-16 17:15:00', 6, 3, None);
INSERT INTO NOTIFICATION VALUES(None, '2017-10-16 16:45:00', 'Upcoming appointment', 'Do not forget that you have appointment 110 in room 416.', 6);
INSERT INTO NOTIFICATION VALUES(None, '2017-10-16 16:45:00', 'Upcoming appointment', 'Do not forget that you have appointment 110 in room 416.', 6);
INSERT INTO INVOICE_BILL VALUES('2017-10-16 17:15:00', 250, 12, True);
INSERT INTO MEDICAL_RECORD VALUES('Medical record description 870.', '2017-10-16 17:15:00', 110, 3);
INSERT INTO APPOINTMENT VALUES(111, 228, 0, '2010-02-11 13:45:00', '2010-02-11 14:00:00', 6, 3, None);
INSERT INTO NOTIFICATION VALUES(None, '2010-02-11 13:30:00', 'Upcoming appointment', 'Do not forget that you have appointment 111 in room 228.', 3);
INSERT INTO NOTIFICATION VALUES(None, '2010-02-11 13:30:00', 'Upcoming appointment', 'Do not forget that you have appointment 111 in room 228.', 6);
INSERT INTO INVOICE_BILL VALUES('2010-02-11 14:00:00', 500, 5, False);
INSERT INTO MEDICAL_RECORD VALUES('Medical record description 972.', '2010-02-11 14:00:00', 111, 3);
INSERT INTO APPOINTMENT VALUES(112, 279, 1, '2018-12-24 17:00:00', '2018-12-24 17:15:00', 6, 7, None);
INSERT INTO NOTIFICATION VALUES(None, '2018-12-24 16:45:00', 'Upcoming appointment', 'Do not forget that you have appointment 112 in room 279.', 9);
INSERT INTO NOTIFICATION VALUES(None, '2018-12-24 16:45:00', 'Upcoming appointment', 'Do not forget that you have appointment 112 in room 279.', 6);
INSERT INTO INVOICE_BILL VALUES('2018-12-24 17:15:00', 400, 6, False);
INSERT INTO MEDICAL_RECORD VALUES('Medical record description 709.', '2018-12-24 17:15:00', 112, 7);
INSERT INTO APPOINTMENT VALUES(113, 191, 1, '2019-04-29 15:45:00', '2019-04-29 16:00:00', 6, 2, None);
INSERT INTO NOTIFICATION VALUES(None, '2019-04-29 15:30:00', 'Upcoming appointment', 'Do not forget that you have appointment 113 in room 191.', 4);
INSERT INTO NOTIFICATION VALUES(None, '2019-04-29 15:30:00', 'Upcoming appointment', 'Do not forget that you have appointment 113 in room 191.', 6);
INSERT INTO INVOICE_BILL VALUES('2019-04-29 16:00:00', 150, 7, False);
INSERT INTO MEDICAL_RECORD VALUES('Medical record description 570.', '2019-04-29 16:00:00', 113, 2);
INSERT INTO APPOINTMENT VALUES(114, 389, 0, '2015-06-29 17:15:00', '2015-06-29 17:30:00', 6, 9, None);
INSERT INTO NOTIFICATION VALUES(None, '2015-06-29 17:00:00', 'Upcoming appointment', 'Do not forget that you have appointment 114 in room 389.', 6);
INSERT INTO NOTIFICATION VALUES(None, '2015-06-29 17:00:00', 'Upcoming appointment', 'Do not forget that you have appointment 114 in room 389.', 6);
INSERT INTO INVOICE_BILL VALUES('2015-06-29 17:30:00', 900, 15, True);
INSERT INTO MEDICAL_RECORD VALUES('Medical record description 510.', '2015-06-29 17:30:00', 114, 9);
INSERT INTO APPOINTMENT VALUES(115, 232, 1, '2018-11-02 17:00:00', '2018-11-02 17:15:00', 6, 3, None);
INSERT INTO NOTIFICATION VALUES(None, '2018-11-02 16:45:00', 'Upcoming appointment', 'Do not forget that you have appointment 115 in room 232.', 6);
INSERT INTO NOTIFICATION VALUES(None, '2018-11-02 16:45:00', 'Upcoming appointment', 'Do not forget that you have appointment 115 in room 232.', 6);
INSERT INTO INVOICE_BILL VALUES('2018-11-02 17:15:00', 200, 7, False);
INSERT INTO MEDICAL_RECORD VALUES('Medical record description 625.', '2018-11-02 17:15:00', 115, 3);
INSERT INTO APPOINTMENT VALUES(116, 322, 0, '2018-02-01 12:15:00', '2018-02-01 12:30:00', 6, 4, None);
INSERT INTO NOTIFICATION VALUES(None, '2018-02-01 12:00:00', 'Upcoming appointment', 'Do not forget that you have appointment 116 in room 322.', 9);
INSERT INTO NOTIFICATION VALUES(None, '2018-02-01 12:00:00', 'Upcoming appointment', 'Do not forget that you have appointment 116 in room 322.', 6);
INSERT INTO INVOICE_BILL VALUES('2018-02-01 12:30:00', 700, 4, True);
INSERT INTO MEDICAL_RECORD VALUES('Medical record description 459.', '2018-02-01 12:30:00', 116, 4);
INSERT INTO APPOINTMENT VALUES(117, 344, 1, '2018-02-07 13:15:00', '2018-02-07 13:30:00', 6, 8, None);
INSERT INTO NOTIFICATION VALUES(None, '2018-02-07 13:00:00', 'Upcoming appointment', 'Do not forget that you have appointment 117 in room 344.', 3);
INSERT INTO NOTIFICATION VALUES(None, '2018-02-07 13:00:00', 'Upcoming appointment', 'Do not forget that you have appointment 117 in room 344.', 6);
INSERT INTO INVOICE_BILL VALUES('2018-02-07 13:30:00', 50, 2, False);
INSERT INTO MEDICAL_RECORD VALUES('Medical record description 863.', '2018-02-07 13:30:00', 117, 8);
INSERT INTO APPOINTMENT VALUES(118, 151, 1, '2018-10-02 10:30:00', '2018-10-02 10:45:00', 6, 8, None);
INSERT INTO NOTIFICATION VALUES(None, '2018-10-02 10:15:00', 'Upcoming appointment', 'Do not forget that you have appointment 118 in room 151.', 7);
INSERT INTO NOTIFICATION VALUES(None, '2018-10-02 10:15:00', 'Upcoming appointment', 'Do not forget that you have appointment 118 in room 151.', 6);
INSERT INTO INVOICE_BILL VALUES('2018-10-02 10:45:00', 100, 1, False);
INSERT INTO MEDICAL_RECORD VALUES('Medical record description 779.', '2018-10-02 10:45:00', 118, 8);
INSERT INTO APPOINTMENT VALUES(119, 465, 0, '2016-11-29 17:30:00', '2016-11-29 17:45:00', 6, 4, None);
INSERT INTO NOTIFICATION VALUES(None, '2016-11-29 17:15:00', 'Upcoming appointment', 'Do not forget that you have appointment 119 in room 465.', 1);
INSERT INTO NOTIFICATION VALUES(None, '2016-11-29 17:15:00', 'Upcoming appointment', 'Do not forget that you have appointment 119 in room 465.', 6);
INSERT INTO INVOICE_BILL VALUES('2016-11-29 17:45:00', 550, 9, False);
INSERT INTO MEDICAL_RECORD VALUES('Medical record description 870.', '2016-11-29 17:45:00', 119, 4);
INSERT INTO APPOINTMENT VALUES(120, 205, 0, '2017-01-23 16:30:00', '2017-01-23 16:45:00', 6, 4, None);
INSERT INTO NOTIFICATION VALUES(None, '2017-01-23 16:15:00', 'Upcoming appointment', 'Do not forget that you have appointment 120 in room 205.', 9);
INSERT INTO NOTIFICATION VALUES(None, '2017-01-23 16:15:00', 'Upcoming appointment', 'Do not forget that you have appointment 120 in room 205.', 6);
INSERT INTO INVOICE_BILL VALUES('2017-01-23 16:45:00', 750, 3, False);
INSERT INTO MEDICAL_RECORD VALUES('Medical record description 572.', '2017-01-23 16:45:00', 120, 4);
INSERT INTO APPOINTMENT VALUES(121, 435, 0, '2017-12-21 10:30:00', '2017-12-21 10:45:00', 6, 5, None);
INSERT INTO NOTIFICATION VALUES(None, '2017-12-21 10:15:00', 'Upcoming appointment', 'Do not forget that you have appointment 121 in room 435.', 10);
INSERT INTO NOTIFICATION VALUES(None, '2017-12-21 10:15:00', 'Upcoming appointment', 'Do not forget that you have appointment 121 in room 435.', 6);
INSERT INTO INVOICE_BILL VALUES('2017-12-21 10:45:00', 800, 14, True);
INSERT INTO MEDICAL_RECORD VALUES('Medical record description 696.', '2017-12-21 10:45:00', 121, 5);
INSERT INTO APPOINTMENT VALUES(122, 238, 0, '2019-08-02 13:00:00', '2019-08-02 13:15:00', 6, 6, None);
INSERT INTO NOTIFICATION VALUES(None, '2019-08-02 12:45:00', 'Upcoming appointment', 'Do not forget that you have appointment 122 in room 238.', 6);
INSERT INTO NOTIFICATION VALUES(None, '2019-08-02 12:45:00', 'Upcoming appointment', 'Do not forget that you have appointment 122 in room 238.', 6);
INSERT INTO INVOICE_BILL VALUES('2019-08-02 13:15:00', 700, 12, True);
INSERT INTO MEDICAL_RECORD VALUES('Medical record description 511.', '2019-08-02 13:15:00', 122, 6);
INSERT INTO APPOINTMENT VALUES(123, 296, 0, '2017-03-24 11:30:00', '2017-03-24 11:45:00', 6, 4, None);
INSERT INTO NOTIFICATION VALUES(None, '2017-03-24 11:15:00', 'Upcoming appointment', 'Do not forget that you have appointment 123 in room 296.', 1);
INSERT INTO NOTIFICATION VALUES(None, '2017-03-24 11:15:00', 'Upcoming appointment', 'Do not forget that you have appointment 123 in room 296.', 6);
INSERT INTO INVOICE_BILL VALUES('2017-03-24 11:45:00', 900, 9, False);
INSERT INTO MEDICAL_RECORD VALUES('Medical record description 298.', '2017-03-24 11:45:00', 123, 4);
INSERT INTO APPOINTMENT VALUES(124, 351, 0, '2017-03-07 12:00:00', '2017-03-07 12:15:00', 6, 2, None);
INSERT INTO NOTIFICATION VALUES(None, '2017-03-07 11:45:00', 'Upcoming appointment', 'Do not forget that you have appointment 124 in room 351.', 4);
INSERT INTO NOTIFICATION VALUES(None, '2017-03-07 11:45:00', 'Upcoming appointment', 'Do not forget that you have appointment 124 in room 351.', 6);
INSERT INTO INVOICE_BILL VALUES('2017-03-07 12:15:00', 300, 1, True);
INSERT INTO MEDICAL_RECORD VALUES('Medical record description 408.', '2017-03-07 12:15:00', 124, 2);
INSERT INTO APPOINTMENT VALUES(125, 350, 1, '2018-09-19 14:30:00', '2018-09-19 14:45:00', 6, 8, None);
INSERT INTO NOTIFICATION VALUES(None, '2018-09-19 14:15:00', 'Upcoming appointment', 'Do not forget that you have appointment 125 in room 350.', 3);
INSERT INTO NOTIFICATION VALUES(None, '2018-09-19 14:15:00', 'Upcoming appointment', 'Do not forget that you have appointment 125 in room 350.', 6);
INSERT INTO INVOICE_BILL VALUES('2018-09-19 14:45:00', 500, 3, True);
INSERT INTO MEDICAL_RECORD VALUES('Medical record description 617.', '2018-09-19 14:45:00', 125, 8);
INSERT INTO APPOINTMENT VALUES(126, 403, 1, '2019-05-29 16:15:00', '2019-05-29 16:30:00', 6, 6, None);
INSERT INTO NOTIFICATION VALUES(None, '2019-05-29 16:00:00', 'Upcoming appointment', 'Do not forget that you have appointment 126 in room 403.', 9);
INSERT INTO NOTIFICATION VALUES(None, '2019-05-29 16:00:00', 'Upcoming appointment', 'Do not forget that you have appointment 126 in room 403.', 6);
INSERT INTO INVOICE_BILL VALUES('2019-05-29 16:30:00', 400, 1, True);
INSERT INTO MEDICAL_RECORD VALUES('Medical record description 20.', '2019-05-29 16:30:00', 126, 6);
INSERT INTO APPOINTMENT VALUES(127, 327, 0, '2018-09-24 16:15:00', '2018-09-24 16:30:00', 6, 3, None);
INSERT INTO NOTIFICATION VALUES(None, '2018-09-24 16:00:00', 'Upcoming appointment', 'Do not forget that you have appointment 127 in room 327.', 2);
INSERT INTO NOTIFICATION VALUES(None, '2018-09-24 16:00:00', 'Upcoming appointment', 'Do not forget that you have appointment 127 in room 327.', 6);
INSERT INTO INVOICE_BILL VALUES('2018-09-24 16:30:00', 950, 15, True);
INSERT INTO MEDICAL_RECORD VALUES('Medical record description 501.', '2018-09-24 16:30:00', 127, 3);
INSERT INTO APPOINTMENT VALUES(128, 370, 1, '2011-10-12 16:45:00', '2011-10-12 17:00:00', 6, 3, None);
INSERT INTO NOTIFICATION VALUES(None, '2011-10-12 16:30:00', 'Upcoming appointment', 'Do not forget that you have appointment 128 in room 370.', 2);
INSERT INTO NOTIFICATION VALUES(None, '2011-10-12 16:30:00', 'Upcoming appointment', 'Do not forget that you have appointment 128 in room 370.', 6);
INSERT INTO INVOICE_BILL VALUES('2011-10-12 17:00:00', 150, 11, False);
INSERT INTO MEDICAL_RECORD VALUES('Medical record description 100.', '2011-10-12 17:00:00', 128, 3);
INSERT INTO APPOINTMENT VALUES(129, 298, 0, '2011-01-10 11:15:00', '2011-01-10 11:30:00', 6, 3, None);
INSERT INTO NOTIFICATION VALUES(None, '2011-01-10 11:00:00', 'Upcoming appointment', 'Do not forget that you have appointment 129 in room 298.', 4);
INSERT INTO NOTIFICATION VALUES(None, '2011-01-10 11:00:00', 'Upcoming appointment', 'Do not forget that you have appointment 129 in room 298.', 6);
INSERT INTO INVOICE_BILL VALUES('2011-01-10 11:30:00', 750, 10, True);
INSERT INTO MEDICAL_RECORD VALUES('Medical record description 74.', '2011-01-10 11:30:00', 129, 3);
INSERT INTO APPOINTMENT VALUES(130, 224, 1, '2017-07-24 15:00:00', '2017-07-24 15:15:00', 6, 4, None);
INSERT INTO NOTIFICATION VALUES(None, '2017-07-24 14:45:00', 'Upcoming appointment', 'Do not forget that you have appointment 130 in room 224.', 6);
INSERT INTO NOTIFICATION VALUES(None, '2017-07-24 14:45:00', 'Upcoming appointment', 'Do not forget that you have appointment 130 in room 224.', 6);
INSERT INTO INVOICE_BILL VALUES('2017-07-24 15:15:00', 800, 5, True);
INSERT INTO MEDICAL_RECORD VALUES('Medical record description 256.', '2017-07-24 15:15:00', 130, 4);
INSERT INTO APPOINTMENT VALUES(131, 255, 1, '2019-09-17 15:15:00', '2019-09-17 15:30:00', 7, 2, None);
INSERT INTO NOTIFICATION VALUES(None, '2019-09-17 15:00:00', 'Upcoming appointment', 'Do not forget that you have appointment 131 in room 255.', 6);
INSERT INTO NOTIFICATION VALUES(None, '2019-09-17 15:00:00', 'Upcoming appointment', 'Do not forget that you have appointment 131 in room 255.', 7);
INSERT INTO INVOICE_BILL VALUES('2019-09-17 15:30:00', 600, 14, True);
INSERT INTO MEDICAL_RECORD VALUES('Medical record description 168.', '2019-09-17 15:30:00', 131, 2);
INSERT INTO APPOINTMENT VALUES(132, 134, 0, '2017-08-23 10:00:00', '2017-08-23 10:15:00', 7, 8, None);
INSERT INTO NOTIFICATION VALUES(None, '2017-08-23 09:45:00', 'Upcoming appointment', 'Do not forget that you have appointment 132 in room 134.', 2);
INSERT INTO NOTIFICATION VALUES(None, '2017-08-23 09:45:00', 'Upcoming appointment', 'Do not forget that you have appointment 132 in room 134.', 7);
INSERT INTO INVOICE_BILL VALUES('2017-08-23 10:15:00', 850, 6, False);
INSERT INTO MEDICAL_RECORD VALUES('Medical record description 120.', '2017-08-23 10:15:00', 132, 8);
INSERT INTO APPOINTMENT VALUES(133, 475, 0, '2013-03-26 11:00:00', '2013-03-26 11:15:00', 7, 3, None);
INSERT INTO NOTIFICATION VALUES(None, '2013-03-26 10:45:00', 'Upcoming appointment', 'Do not forget that you have appointment 133 in room 475.', 2);
INSERT INTO NOTIFICATION VALUES(None, '2013-03-26 10:45:00', 'Upcoming appointment', 'Do not forget that you have appointment 133 in room 475.', 7);
INSERT INTO INVOICE_BILL VALUES('2013-03-26 11:15:00', 50, 6, False);
INSERT INTO MEDICAL_RECORD VALUES('Medical record description 610.', '2013-03-26 11:15:00', 133, 3);
INSERT INTO APPOINTMENT VALUES(134, 133, 0, '2018-01-30 10:45:00', '2018-01-30 11:00:00', 7, 8, None);
INSERT INTO NOTIFICATION VALUES(None, '2018-01-30 10:30:00', 'Upcoming appointment', 'Do not forget that you have appointment 134 in room 133.', 7);
INSERT INTO NOTIFICATION VALUES(None, '2018-01-30 10:30:00', 'Upcoming appointment', 'Do not forget that you have appointment 134 in room 133.', 7);
INSERT INTO INVOICE_BILL VALUES('2018-01-30 11:00:00', 450, 14, False);
INSERT INTO MEDICAL_RECORD VALUES('Medical record description 327.', '2018-01-30 11:00:00', 134, 8);
INSERT INTO APPOINTMENT VALUES(135, 409, 0, '2015-11-03 15:15:00', '2015-11-03 15:30:00', 7, 4, None);
INSERT INTO NOTIFICATION VALUES(None, '2015-11-03 15:00:00', 'Upcoming appointment', 'Do not forget that you have appointment 135 in room 409.', 8);
INSERT INTO NOTIFICATION VALUES(None, '2015-11-03 15:00:00', 'Upcoming appointment', 'Do not forget that you have appointment 135 in room 409.', 7);
INSERT INTO INVOICE_BILL VALUES('2015-11-03 15:30:00', 200, 13, True);
INSERT INTO MEDICAL_RECORD VALUES('Medical record description 179.', '2015-11-03 15:30:00', 135, 4);
INSERT INTO APPOINTMENT VALUES(136, 365, 1, '2013-10-03 17:45:00', '2013-10-03 18:00:00', 7, 3, None);
INSERT INTO NOTIFICATION VALUES(None, '2013-10-03 17:30:00', 'Upcoming appointment', 'Do not forget that you have appointment 136 in room 365.', 5);
INSERT INTO NOTIFICATION VALUES(None, '2013-10-03 17:30:00', 'Upcoming appointment', 'Do not forget that you have appointment 136 in room 365.', 7);
INSERT INTO INVOICE_BILL VALUES('2013-10-03 18:00:00', 150, 3, False);
INSERT INTO MEDICAL_RECORD VALUES('Medical record description 250.', '2013-10-03 18:00:00', 136, 3);
INSERT INTO APPOINTMENT VALUES(137, 105, 1, '2019-09-06 17:45:00', '2019-09-06 18:00:00', 7, 4, None);
INSERT INTO NOTIFICATION VALUES(None, '2019-09-06 17:30:00', 'Upcoming appointment', 'Do not forget that you have appointment 137 in room 105.', 4);
INSERT INTO NOTIFICATION VALUES(None, '2019-09-06 17:30:00', 'Upcoming appointment', 'Do not forget that you have appointment 137 in room 105.', 7);
INSERT INTO INVOICE_BILL VALUES('2019-09-06 18:00:00', 850, 3, True);
INSERT INTO MEDICAL_RECORD VALUES('Medical record description 355.', '2019-09-06 18:00:00', 137, 4);
INSERT INTO APPOINTMENT VALUES(138, 130, 1, '2019-10-30 14:45:00', '2019-10-30 15:00:00', 7, 3, None);
INSERT INTO NOTIFICATION VALUES(None, '2019-10-30 14:30:00', 'Upcoming appointment', 'Do not forget that you have appointment 138 in room 130.', 8);
INSERT INTO NOTIFICATION VALUES(None, '2019-10-30 14:30:00', 'Upcoming appointment', 'Do not forget that you have appointment 138 in room 130.', 7);
INSERT INTO INVOICE_BILL VALUES('2019-10-30 15:00:00', 350, 2, False);
INSERT INTO MEDICAL_RECORD VALUES('Medical record description 926.', '2019-10-30 15:00:00', 138, 3);
INSERT INTO APPOINTMENT VALUES(139, 158, 1, '2017-06-02 17:45:00', '2017-06-02 18:00:00', 7, 9, None);
INSERT INTO NOTIFICATION VALUES(None, '2017-06-02 17:30:00', 'Upcoming appointment', 'Do not forget that you have appointment 139 in room 158.', 1);
INSERT INTO NOTIFICATION VALUES(None, '2017-06-02 17:30:00', 'Upcoming appointment', 'Do not forget that you have appointment 139 in room 158.', 7);
INSERT INTO INVOICE_BILL VALUES('2017-06-02 18:00:00', 850, 6, True);
INSERT INTO MEDICAL_RECORD VALUES('Medical record description 459.', '2017-06-02 18:00:00', 139, 9);
INSERT INTO APPOINTMENT VALUES(140, 367, 1, '2019-11-21 14:45:00', '2019-11-21 15:00:00', 7, 8, None);
INSERT INTO NOTIFICATION VALUES(None, '2019-11-21 14:30:00', 'Upcoming appointment', 'Do not forget that you have appointment 140 in room 367.', 5);
INSERT INTO NOTIFICATION VALUES(None, '2019-11-21 14:30:00', 'Upcoming appointment', 'Do not forget that you have appointment 140 in room 367.', 7);
INSERT INTO INVOICE_BILL VALUES('2019-11-21 15:00:00', 1000, 2, True);
INSERT INTO MEDICAL_RECORD VALUES('Medical record description 383.', '2019-11-21 15:00:00', 140, 8);
INSERT INTO APPOINTMENT VALUES(141, 373, 0, '2013-01-28 17:30:00', '2013-01-28 17:45:00', 7, 3, None);
INSERT INTO NOTIFICATION VALUES(None, '2013-01-28 17:15:00', 'Upcoming appointment', 'Do not forget that you have appointment 141 in room 373.', 8);
INSERT INTO NOTIFICATION VALUES(None, '2013-01-28 17:15:00', 'Upcoming appointment', 'Do not forget that you have appointment 141 in room 373.', 7);
INSERT INTO INVOICE_BILL VALUES('2013-01-28 17:45:00', 900, 14, True);
INSERT INTO MEDICAL_RECORD VALUES('Medical record description 581.', '2013-01-28 17:45:00', 141, 3);
INSERT INTO APPOINTMENT VALUES(142, 439, 0, '2018-12-06 11:30:00', '2018-12-06 11:45:00', 7, 6, None);
INSERT INTO NOTIFICATION VALUES(None, '2018-12-06 11:15:00', 'Upcoming appointment', 'Do not forget that you have appointment 142 in room 439.', 7);
INSERT INTO NOTIFICATION VALUES(None, '2018-12-06 11:15:00', 'Upcoming appointment', 'Do not forget that you have appointment 142 in room 439.', 7);
INSERT INTO INVOICE_BILL VALUES('2018-12-06 11:45:00', 550, 1, False);
INSERT INTO MEDICAL_RECORD VALUES('Medical record description 248.', '2018-12-06 11:45:00', 142, 6);
INSERT INTO APPOINTMENT VALUES(143, 137, 1, '2014-01-17 13:30:00', '2014-01-17 13:45:00', 7, 3, None);
INSERT INTO NOTIFICATION VALUES(None, '2014-01-17 13:15:00', 'Upcoming appointment', 'Do not forget that you have appointment 143 in room 137.', 7);
INSERT INTO NOTIFICATION VALUES(None, '2014-01-17 13:15:00', 'Upcoming appointment', 'Do not forget that you have appointment 143 in room 137.', 7);
INSERT INTO INVOICE_BILL VALUES('2014-01-17 13:45:00', 550, 5, False);
INSERT INTO MEDICAL_RECORD VALUES('Medical record description 960.', '2014-01-17 13:45:00', 143, 3);
INSERT INTO APPOINTMENT VALUES(144, 283, 0, '2011-03-08 16:45:00', '2011-03-08 17:00:00', 7, 3, None);
INSERT INTO NOTIFICATION VALUES(None, '2011-03-08 16:30:00', 'Upcoming appointment', 'Do not forget that you have appointment 144 in room 283.', 9);
INSERT INTO NOTIFICATION VALUES(None, '2011-03-08 16:30:00', 'Upcoming appointment', 'Do not forget that you have appointment 144 in room 283.', 7);
INSERT INTO INVOICE_BILL VALUES('2011-03-08 17:00:00', 850, 12, True);
INSERT INTO MEDICAL_RECORD VALUES('Medical record description 640.', '2011-03-08 17:00:00', 144, 3);
INSERT INTO APPOINTMENT VALUES(145, 261, 1, '2018-03-30 11:45:00', '2018-03-30 12:00:00', 7, 9, None);
INSERT INTO NOTIFICATION VALUES(None, '2018-03-30 11:30:00', 'Upcoming appointment', 'Do not forget that you have appointment 145 in room 261.', 8);
INSERT INTO NOTIFICATION VALUES(None, '2018-03-30 11:30:00', 'Upcoming appointment', 'Do not forget that you have appointment 145 in room 261.', 7);
INSERT INTO INVOICE_BILL VALUES('2018-03-30 12:00:00', 450, 15, False);
INSERT INTO MEDICAL_RECORD VALUES('Medical record description 596.', '2018-03-30 12:00:00', 145, 9);
INSERT INTO APPOINTMENT VALUES(146, 257, 1, '2017-01-31 13:45:00', '2017-01-31 14:00:00', 7, 4, None);
INSERT INTO NOTIFICATION VALUES(None, '2017-01-31 13:30:00', 'Upcoming appointment', 'Do not forget that you have appointment 146 in room 257.', 10);
INSERT INTO NOTIFICATION VALUES(None, '2017-01-31 13:30:00', 'Upcoming appointment', 'Do not forget that you have appointment 146 in room 257.', 7);
INSERT INTO INVOICE_BILL VALUES('2017-01-31 14:00:00', 600, 2, True);
INSERT INTO MEDICAL_RECORD VALUES('Medical record description 406.', '2017-01-31 14:00:00', 146, 4);
INSERT INTO APPOINTMENT VALUES(147, 376, 1, '2018-02-05 14:45:00', '2018-02-05 15:00:00', 7, 4, None);
INSERT INTO NOTIFICATION VALUES(None, '2018-02-05 14:30:00', 'Upcoming appointment', 'Do not forget that you have appointment 147 in room 376.', 4);
INSERT INTO NOTIFICATION VALUES(None, '2018-02-05 14:30:00', 'Upcoming appointment', 'Do not forget that you have appointment 147 in room 376.', 7);
INSERT INTO INVOICE_BILL VALUES('2018-02-05 15:00:00', 450, 2, True);
INSERT INTO MEDICAL_RECORD VALUES('Medical record description 451.', '2018-02-05 15:00:00', 147, 4);
INSERT INTO APPOINTMENT VALUES(148, 234, 0, '2016-11-02 13:00:00', '2016-11-02 13:15:00', 7, 4, None);
INSERT INTO NOTIFICATION VALUES(None, '2016-11-02 12:45:00', 'Upcoming appointment', 'Do not forget that you have appointment 148 in room 234.', 7);
INSERT INTO NOTIFICATION VALUES(None, '2016-11-02 12:45:00', 'Upcoming appointment', 'Do not forget that you have appointment 148 in room 234.', 7);
INSERT INTO INVOICE_BILL VALUES('2016-11-02 13:15:00', 1000, 2, False);
INSERT INTO MEDICAL_RECORD VALUES('Medical record description 417.', '2016-11-02 13:15:00', 148, 4);
INSERT INTO APPOINTMENT VALUES(149, 336, 1, '2015-12-02 10:30:00', '2015-12-02 10:45:00', 7, 2, None);
INSERT INTO NOTIFICATION VALUES(None, '2015-12-02 10:15:00', 'Upcoming appointment', 'Do not forget that you have appointment 149 in room 336.', 8);
INSERT INTO NOTIFICATION VALUES(None, '2015-12-02 10:15:00', 'Upcoming appointment', 'Do not forget that you have appointment 149 in room 336.', 7);
INSERT INTO INVOICE_BILL VALUES('2015-12-02 10:45:00', 850, 11, False);
INSERT INTO MEDICAL_RECORD VALUES('Medical record description 353.', '2015-12-02 10:45:00', 149, 2);
INSERT INTO APPOINTMENT VALUES(150, 112, 0, '2017-10-31 17:45:00', '2017-10-31 18:00:00', 7, 1, None);
INSERT INTO NOTIFICATION VALUES(None, '2017-10-31 17:30:00', 'Upcoming appointment', 'Do not forget that you have appointment 150 in room 112.', 10);
INSERT INTO NOTIFICATION VALUES(None, '2017-10-31 17:30:00', 'Upcoming appointment', 'Do not forget that you have appointment 150 in room 112.', 7);
INSERT INTO INVOICE_BILL VALUES('2017-10-31 18:00:00', 850, 10, True);
INSERT INTO MEDICAL_RECORD VALUES('Medical record description 627.', '2017-10-31 18:00:00', 150, 1);
INSERT INTO APPOINTMENT VALUES(151, 240, 1, '2017-08-11 10:00:00', '2017-08-11 10:15:00', 7, 6, None);
INSERT INTO NOTIFICATION VALUES(None, '2017-08-11 09:45:00', 'Upcoming appointment', 'Do not forget that you have appointment 151 in room 240.', 3);
INSERT INTO NOTIFICATION VALUES(None, '2017-08-11 09:45:00', 'Upcoming appointment', 'Do not forget that you have appointment 151 in room 240.', 7);
INSERT INTO INVOICE_BILL VALUES('2017-08-11 10:15:00', 50, 7, True);
INSERT INTO MEDICAL_RECORD VALUES('Medical record description 745.', '2017-08-11 10:15:00', 151, 6);
INSERT INTO APPOINTMENT VALUES(152, 231, 0, '2019-09-17 17:45:00', '2019-09-17 18:00:00', 7, 10, None);
INSERT INTO NOTIFICATION VALUES(None, '2019-09-17 17:30:00', 'Upcoming appointment', 'Do not forget that you have appointment 152 in room 231.', 5);
INSERT INTO NOTIFICATION VALUES(None, '2019-09-17 17:30:00', 'Upcoming appointment', 'Do not forget that you have appointment 152 in room 231.', 7);
INSERT INTO INVOICE_BILL VALUES('2019-09-17 18:00:00', 300, 6, False);
INSERT INTO MEDICAL_RECORD VALUES('Medical record description 184.', '2019-09-17 18:00:00', 152, 10);
INSERT INTO APPOINTMENT VALUES(153, 394, 0, '2019-09-25 16:30:00', '2019-09-25 16:45:00', 7, 6, None);
INSERT INTO NOTIFICATION VALUES(None, '2019-09-25 16:15:00', 'Upcoming appointment', 'Do not forget that you have appointment 153 in room 394.', 7);
INSERT INTO NOTIFICATION VALUES(None, '2019-09-25 16:15:00', 'Upcoming appointment', 'Do not forget that you have appointment 153 in room 394.', 7);
INSERT INTO INVOICE_BILL VALUES('2019-09-25 16:45:00', 450, 1, False);
INSERT INTO MEDICAL_RECORD VALUES('Medical record description 503.', '2019-09-25 16:45:00', 153, 6);
INSERT INTO APPOINTMENT VALUES(154, 127, 0, '2018-09-10 14:15:00', '2018-09-10 14:30:00', 7, 4, None);
INSERT INTO NOTIFICATION VALUES(None, '2018-09-10 14:00:00', 'Upcoming appointment', 'Do not forget that you have appointment 154 in room 127.', 7);
INSERT INTO NOTIFICATION VALUES(None, '2018-09-10 14:00:00', 'Upcoming appointment', 'Do not forget that you have appointment 154 in room 127.', 7);
INSERT INTO INVOICE_BILL VALUES('2018-09-10 14:30:00', 500, 8, True);
INSERT INTO MEDICAL_RECORD VALUES('Medical record description 220.', '2018-09-10 14:30:00', 154, 4);
INSERT INTO APPOINTMENT VALUES(155, 356, 0, '2015-05-21 11:00:00', '2015-05-21 11:15:00', 8, 2, None);
INSERT INTO NOTIFICATION VALUES(None, '2015-05-21 10:45:00', 'Upcoming appointment', 'Do not forget that you have appointment 155 in room 356.', 10);
INSERT INTO NOTIFICATION VALUES(None, '2015-05-21 10:45:00', 'Upcoming appointment', 'Do not forget that you have appointment 155 in room 356.', 8);
INSERT INTO INVOICE_BILL VALUES('2015-05-21 11:15:00', 300, 1, False);
INSERT INTO MEDICAL_RECORD VALUES('Medical record description 762.', '2015-05-21 11:15:00', 155, 2);
INSERT INTO APPOINTMENT VALUES(156, 126, 0, '2017-08-10 16:00:00', '2017-08-10 16:15:00', 8, 1, None);
INSERT INTO NOTIFICATION VALUES(None, '2017-08-10 15:45:00', 'Upcoming appointment', 'Do not forget that you have appointment 156 in room 126.', 8);
INSERT INTO NOTIFICATION VALUES(None, '2017-08-10 15:45:00', 'Upcoming appointment', 'Do not forget that you have appointment 156 in room 126.', 8);
INSERT INTO INVOICE_BILL VALUES('2017-08-10 16:15:00', 550, 10, False);
INSERT INTO MEDICAL_RECORD VALUES('Medical record description 600.', '2017-08-10 16:15:00', 156, 1);
INSERT INTO APPOINTMENT VALUES(157, 139, 0, '2018-07-12 11:15:00', '2018-07-12 11:30:00', 8, 6, None);
INSERT INTO NOTIFICATION VALUES(None, '2018-07-12 11:00:00', 'Upcoming appointment', 'Do not forget that you have appointment 157 in room 139.', 1);
INSERT INTO NOTIFICATION VALUES(None, '2018-07-12 11:00:00', 'Upcoming appointment', 'Do not forget that you have appointment 157 in room 139.', 8);
INSERT INTO INVOICE_BILL VALUES('2018-07-12 11:30:00', 200, 2, False);
INSERT INTO MEDICAL_RECORD VALUES('Medical record description 83.', '2018-07-12 11:30:00', 157, 6);
INSERT INTO APPOINTMENT VALUES(158, 326, 1, '2018-06-22 12:45:00', '2018-06-22 13:00:00', 8, 3, None);
INSERT INTO NOTIFICATION VALUES(None, '2018-06-22 12:30:00', 'Upcoming appointment', 'Do not forget that you have appointment 158 in room 326.', 2);
INSERT INTO NOTIFICATION VALUES(None, '2018-06-22 12:30:00', 'Upcoming appointment', 'Do not forget that you have appointment 158 in room 326.', 8);
INSERT INTO INVOICE_BILL VALUES('2018-06-22 13:00:00', 50, 2, True);
INSERT INTO MEDICAL_RECORD VALUES('Medical record description 827.', '2018-06-22 13:00:00', 158, 3);
INSERT INTO APPOINTMENT VALUES(159, 358, 0, '2019-05-21 11:30:00', '2019-05-21 11:45:00', 8, 8, None);
INSERT INTO NOTIFICATION VALUES(None, '2019-05-21 11:15:00', 'Upcoming appointment', 'Do not forget that you have appointment 159 in room 358.', 10);
INSERT INTO NOTIFICATION VALUES(None, '2019-05-21 11:15:00', 'Upcoming appointment', 'Do not forget that you have appointment 159 in room 358.', 8);
INSERT INTO INVOICE_BILL VALUES('2019-05-21 11:45:00', 50, 7, True);
INSERT INTO MEDICAL_RECORD VALUES('Medical record description 744.', '2019-05-21 11:45:00', 159, 8);
INSERT INTO APPOINTMENT VALUES(160, 258, 0, '2018-01-18 12:45:00', '2018-01-18 13:00:00', 8, 3, None);
INSERT INTO NOTIFICATION VALUES(None, '2018-01-18 12:30:00', 'Upcoming appointment', 'Do not forget that you have appointment 160 in room 258.', 5);
INSERT INTO NOTIFICATION VALUES(None, '2018-01-18 12:30:00', 'Upcoming appointment', 'Do not forget that you have appointment 160 in room 258.', 8);
INSERT INTO INVOICE_BILL VALUES('2018-01-18 13:00:00', 100, 14, False);
INSERT INTO MEDICAL_RECORD VALUES('Medical record description 177.', '2018-01-18 13:00:00', 160, 3);
INSERT INTO APPOINTMENT VALUES(161, 189, 0, '2010-08-27 16:00:00', '2010-08-27 16:15:00', 8, 3, None);
INSERT INTO NOTIFICATION VALUES(None, '2010-08-27 15:45:00', 'Upcoming appointment', 'Do not forget that you have appointment 161 in room 189.', 4);
INSERT INTO NOTIFICATION VALUES(None, '2010-08-27 15:45:00', 'Upcoming appointment', 'Do not forget that you have appointment 161 in room 189.', 8);
INSERT INTO INVOICE_BILL VALUES('2010-08-27 16:15:00', 800, 7, False);
INSERT INTO MEDICAL_RECORD VALUES('Medical record description 104.', '2010-08-27 16:15:00', 161, 3);
INSERT INTO APPOINTMENT VALUES(162, 471, 0, '2017-08-30 11:15:00', '2017-08-30 11:30:00', 8, 6, None);
INSERT INTO NOTIFICATION VALUES(None, '2017-08-30 11:00:00', 'Upcoming appointment', 'Do not forget that you have appointment 162 in room 471.', 4);
INSERT INTO NOTIFICATION VALUES(None, '2017-08-30 11:00:00', 'Upcoming appointment', 'Do not forget that you have appointment 162 in room 471.', 8);
INSERT INTO INVOICE_BILL VALUES('2017-08-30 11:30:00', 150, 3, False);
INSERT INTO MEDICAL_RECORD VALUES('Medical record description 730.', '2017-08-30 11:30:00', 162, 6);
INSERT INTO APPOINTMENT VALUES(163, 382, 1, '2018-06-06 15:00:00', '2018-06-06 15:15:00', 8, 3, None);
INSERT INTO NOTIFICATION VALUES(None, '2018-06-06 14:45:00', 'Upcoming appointment', 'Do not forget that you have appointment 163 in room 382.', 10);
INSERT INTO NOTIFICATION VALUES(None, '2018-06-06 14:45:00', 'Upcoming appointment', 'Do not forget that you have appointment 163 in room 382.', 8);
INSERT INTO INVOICE_BILL VALUES('2018-06-06 15:15:00', 400, 6, False);
INSERT INTO MEDICAL_RECORD VALUES('Medical record description 262.', '2018-06-06 15:15:00', 163, 3);
INSERT INTO APPOINTMENT VALUES(164, 347, 0, '2019-02-06 12:15:00', '2019-02-06 12:30:00', 8, 8, None);
INSERT INTO NOTIFICATION VALUES(None, '2019-02-06 12:00:00', 'Upcoming appointment', 'Do not forget that you have appointment 164 in room 347.', 3);
INSERT INTO NOTIFICATION VALUES(None, '2019-02-06 12:00:00', 'Upcoming appointment', 'Do not forget that you have appointment 164 in room 347.', 8);
INSERT INTO INVOICE_BILL VALUES('2019-02-06 12:30:00', 900, 10, False);
INSERT INTO MEDICAL_RECORD VALUES('Medical record description 71.', '2019-02-06 12:30:00', 164, 8);
INSERT INTO APPOINTMENT VALUES(165, 461, 0, '2018-05-16 11:15:00', '2018-05-16 11:30:00', 8, 6, None);
INSERT INTO NOTIFICATION VALUES(None, '2018-05-16 11:00:00', 'Upcoming appointment', 'Do not forget that you have appointment 165 in room 461.', 7);
INSERT INTO NOTIFICATION VALUES(None, '2018-05-16 11:00:00', 'Upcoming appointment', 'Do not forget that you have appointment 165 in room 461.', 8);
INSERT INTO INVOICE_BILL VALUES('2018-05-16 11:30:00', 950, 11, True);
INSERT INTO MEDICAL_RECORD VALUES('Medical record description 755.', '2018-05-16 11:30:00', 165, 6);
INSERT INTO APPOINTMENT VALUES(166, 371, 1, '2016-06-06 15:30:00', '2016-06-06 15:45:00', 8, 6, None);
INSERT INTO NOTIFICATION VALUES(None, '2016-06-06 15:15:00', 'Upcoming appointment', 'Do not forget that you have appointment 166 in room 371.', 10);
INSERT INTO NOTIFICATION VALUES(None, '2016-06-06 15:15:00', 'Upcoming appointment', 'Do not forget that you have appointment 166 in room 371.', 8);
INSERT INTO INVOICE_BILL VALUES('2016-06-06 15:45:00', 650, 12, True);
INSERT INTO MEDICAL_RECORD VALUES('Medical record description 318.', '2016-06-06 15:45:00', 166, 6);
INSERT INTO APPOINTMENT VALUES(167, 216, 0, '2018-05-30 13:30:00', '2018-05-30 13:45:00', 8, 7, None);
INSERT INTO NOTIFICATION VALUES(None, '2018-05-30 13:15:00', 'Upcoming appointment', 'Do not forget that you have appointment 167 in room 216.', 10);
INSERT INTO NOTIFICATION VALUES(None, '2018-05-30 13:15:00', 'Upcoming appointment', 'Do not forget that you have appointment 167 in room 216.', 8);
INSERT INTO INVOICE_BILL VALUES('2018-05-30 13:45:00', 300, 9, True);
INSERT INTO MEDICAL_RECORD VALUES('Medical record description 382.', '2018-05-30 13:45:00', 167, 7);
INSERT INTO APPOINTMENT VALUES(168, 383, 1, '2015-11-16 13:00:00', '2015-11-16 13:15:00', 8, 4, None);
INSERT INTO NOTIFICATION VALUES(None, '2015-11-16 12:45:00', 'Upcoming appointment', 'Do not forget that you have appointment 168 in room 383.', 5);
INSERT INTO NOTIFICATION VALUES(None, '2015-11-16 12:45:00', 'Upcoming appointment', 'Do not forget that you have appointment 168 in room 383.', 8);
INSERT INTO INVOICE_BILL VALUES('2015-11-16 13:15:00', 150, 5, False);
INSERT INTO MEDICAL_RECORD VALUES('Medical record description 450.', '2015-11-16 13:15:00', 168, 4);
INSERT INTO APPOINTMENT VALUES(169, 263, 0, '2017-09-07 17:15:00', '2017-09-07 17:30:00', 8, 2, None);
INSERT INTO NOTIFICATION VALUES(None, '2017-09-07 17:00:00', 'Upcoming appointment', 'Do not forget that you have appointment 169 in room 263.', 7);
INSERT INTO NOTIFICATION VALUES(None, '2017-09-07 17:00:00', 'Upcoming appointment', 'Do not forget that you have appointment 169 in room 263.', 8);
INSERT INTO INVOICE_BILL VALUES('2017-09-07 17:30:00', 100, 10, False);
INSERT INTO MEDICAL_RECORD VALUES('Medical record description 183.', '2017-09-07 17:30:00', 169, 2);
INSERT INTO APPOINTMENT VALUES(170, 373, 0, '2015-11-26 11:30:00', '2015-11-26 11:45:00', 8, 1, None);
INSERT INTO NOTIFICATION VALUES(None, '2015-11-26 11:15:00', 'Upcoming appointment', 'Do not forget that you have appointment 170 in room 373.', 4);
INSERT INTO NOTIFICATION VALUES(None, '2015-11-26 11:15:00', 'Upcoming appointment', 'Do not forget that you have appointment 170 in room 373.', 8);
INSERT INTO INVOICE_BILL VALUES('2015-11-26 11:45:00', 200, 13, False);
INSERT INTO MEDICAL_RECORD VALUES('Medical record description 162.', '2015-11-26 11:45:00', 170, 1);
INSERT INTO APPOINTMENT VALUES(171, 194, 0, '2015-11-23 14:30:00', '2015-11-23 14:45:00', 8, 4, None);
INSERT INTO NOTIFICATION VALUES(None, '2015-11-23 14:15:00', 'Upcoming appointment', 'Do not forget that you have appointment 171 in room 194.', 6);
INSERT INTO NOTIFICATION VALUES(None, '2015-11-23 14:15:00', 'Upcoming appointment', 'Do not forget that you have appointment 171 in room 194.', 8);
INSERT INTO INVOICE_BILL VALUES('2015-11-23 14:45:00', 600, 15, True);
INSERT INTO MEDICAL_RECORD VALUES('Medical record description 353.', '2015-11-23 14:45:00', 171, 4);
INSERT INTO APPOINTMENT VALUES(172, 281, 1, '2019-11-05 17:15:00', '2019-11-05 17:30:00', 8, 8, None);
INSERT INTO NOTIFICATION VALUES(None, '2019-11-05 17:00:00', 'Upcoming appointment', 'Do not forget that you have appointment 172 in room 281.', 1);
INSERT INTO NOTIFICATION VALUES(None, '2019-11-05 17:00:00', 'Upcoming appointment', 'Do not forget that you have appointment 172 in room 281.', 8);
INSERT INTO INVOICE_BILL VALUES('2019-11-05 17:30:00', 850, 6, False);
INSERT INTO MEDICAL_RECORD VALUES('Medical record description 346.', '2019-11-05 17:30:00', 172, 8);
INSERT INTO APPOINTMENT VALUES(173, 274, 1, '2018-06-18 11:30:00', '2018-06-18 11:45:00', 8, 8, None);
INSERT INTO NOTIFICATION VALUES(None, '2018-06-18 11:15:00', 'Upcoming appointment', 'Do not forget that you have appointment 173 in room 274.', 5);
INSERT INTO NOTIFICATION VALUES(None, '2018-06-18 11:15:00', 'Upcoming appointment', 'Do not forget that you have appointment 173 in room 274.', 8);
INSERT INTO INVOICE_BILL VALUES('2018-06-18 11:45:00', 700, 9, True);
INSERT INTO MEDICAL_RECORD VALUES('Medical record description 731.', '2018-06-18 11:45:00', 173, 8);
INSERT INTO APPOINTMENT VALUES(174, 468, 1, '2019-04-16 12:30:00', '2019-04-16 12:45:00', 8, 9, None);
INSERT INTO NOTIFICATION VALUES(None, '2019-04-16 12:15:00', 'Upcoming appointment', 'Do not forget that you have appointment 174 in room 468.', 7);
INSERT INTO NOTIFICATION VALUES(None, '2019-04-16 12:15:00', 'Upcoming appointment', 'Do not forget that you have appointment 174 in room 468.', 8);
INSERT INTO INVOICE_BILL VALUES('2019-04-16 12:45:00', 400, 8, True);
INSERT INTO MEDICAL_RECORD VALUES('Medical record description 374.', '2019-04-16 12:45:00', 174, 9);
INSERT INTO APPOINTMENT VALUES(175, 277, 0, '2016-06-23 12:15:00', '2016-06-23 12:30:00', 8, 3, None);
INSERT INTO NOTIFICATION VALUES(None, '2016-06-23 12:00:00', 'Upcoming appointment', 'Do not forget that you have appointment 175 in room 277.', 8);
INSERT INTO NOTIFICATION VALUES(None, '2016-06-23 12:00:00', 'Upcoming appointment', 'Do not forget that you have appointment 175 in room 277.', 8);
INSERT INTO INVOICE_BILL VALUES('2016-06-23 12:30:00', 100, 10, False);
INSERT INTO MEDICAL_RECORD VALUES('Medical record description 884.', '2016-06-23 12:30:00', 175, 3);
INSERT INTO APPOINTMENT VALUES(176, 433, 1, '2013-01-17 12:15:00', '2013-01-17 12:30:00', 8, 3, None);
INSERT INTO NOTIFICATION VALUES(None, '2013-01-17 12:00:00', 'Upcoming appointment', 'Do not forget that you have appointment 176 in room 433.', 5);
INSERT INTO NOTIFICATION VALUES(None, '2013-01-17 12:00:00', 'Upcoming appointment', 'Do not forget that you have appointment 176 in room 433.', 8);
INSERT INTO INVOICE_BILL VALUES('2013-01-17 12:30:00', 50, 2, True);
INSERT INTO MEDICAL_RECORD VALUES('Medical record description 223.', '2013-01-17 12:30:00', 176, 3);
INSERT INTO APPOINTMENT VALUES(177, 205, 0, '2014-01-07 12:15:00', '2014-01-07 12:30:00', 9, 1, None);
INSERT INTO NOTIFICATION VALUES(None, '2014-01-07 12:00:00', 'Upcoming appointment', 'Do not forget that you have appointment 177 in room 205.', 1);
INSERT INTO NOTIFICATION VALUES(None, '2014-01-07 12:00:00', 'Upcoming appointment', 'Do not forget that you have appointment 177 in room 205.', 9);
INSERT INTO INVOICE_BILL VALUES('2014-01-07 12:30:00', 150, 3, True);
INSERT INTO MEDICAL_RECORD VALUES('Medical record description 380.', '2014-01-07 12:30:00', 177, 1);
INSERT INTO APPOINTMENT VALUES(178, 174, 0, '2012-04-04 12:15:00', '2012-04-04 12:30:00', 9, 3, None);
INSERT INTO NOTIFICATION VALUES(None, '2012-04-04 12:00:00', 'Upcoming appointment', 'Do not forget that you have appointment 178 in room 174.', 7);
INSERT INTO NOTIFICATION VALUES(None, '2012-04-04 12:00:00', 'Upcoming appointment', 'Do not forget that you have appointment 178 in room 174.', 9);
INSERT INTO INVOICE_BILL VALUES('2012-04-04 12:30:00', 750, 2, False);
INSERT INTO MEDICAL_RECORD VALUES('Medical record description 54.', '2012-04-04 12:30:00', 178, 3);
INSERT INTO APPOINTMENT VALUES(179, 324, 1, '2010-04-15 13:15:00', '2010-04-15 13:30:00', 9, 3, None);
INSERT INTO NOTIFICATION VALUES(None, '2010-04-15 13:00:00', 'Upcoming appointment', 'Do not forget that you have appointment 179 in room 324.', 1);
INSERT INTO NOTIFICATION VALUES(None, '2010-04-15 13:00:00', 'Upcoming appointment', 'Do not forget that you have appointment 179 in room 324.', 9);
INSERT INTO INVOICE_BILL VALUES('2010-04-15 13:30:00', 950, 2, False);
INSERT INTO MEDICAL_RECORD VALUES('Medical record description 887.', '2010-04-15 13:30:00', 179, 3);
INSERT INTO APPOINTMENT VALUES(180, 274, 1, '2018-05-17 17:00:00', '2018-05-17 17:15:00', 9, 1, None);
INSERT INTO NOTIFICATION VALUES(None, '2018-05-17 16:45:00', 'Upcoming appointment', 'Do not forget that you have appointment 180 in room 274.', 2);
INSERT INTO NOTIFICATION VALUES(None, '2018-05-17 16:45:00', 'Upcoming appointment', 'Do not forget that you have appointment 180 in room 274.', 9);
INSERT INTO INVOICE_BILL VALUES('2018-05-17 17:15:00', 800, 5, False);
INSERT INTO MEDICAL_RECORD VALUES('Medical record description 295.', '2018-05-17 17:15:00', 180, 1);
INSERT INTO APPOINTMENT VALUES(181, 133, 0, '2014-03-28 15:30:00', '2014-03-28 15:45:00', 9, 1, None);
INSERT INTO NOTIFICATION VALUES(None, '2014-03-28 15:15:00', 'Upcoming appointment', 'Do not forget that you have appointment 181 in room 133.', 8);
INSERT INTO NOTIFICATION VALUES(None, '2014-03-28 15:15:00', 'Upcoming appointment', 'Do not forget that you have appointment 181 in room 133.', 9);
INSERT INTO INVOICE_BILL VALUES('2014-03-28 15:45:00', 350, 10, True);
INSERT INTO MEDICAL_RECORD VALUES('Medical record description 230.', '2014-03-28 15:45:00', 181, 1);
INSERT INTO APPOINTMENT VALUES(182, 446, 1, '2018-12-25 11:30:00', '2018-12-25 11:45:00', 9, 5, None);
INSERT INTO NOTIFICATION VALUES(None, '2018-12-25 11:15:00', 'Upcoming appointment', 'Do not forget that you have appointment 182 in room 446.', 3);
INSERT INTO NOTIFICATION VALUES(None, '2018-12-25 11:15:00', 'Upcoming appointment', 'Do not forget that you have appointment 182 in room 446.', 9);
INSERT INTO INVOICE_BILL VALUES('2018-12-25 11:45:00', 200, 4, False);
INSERT INTO MEDICAL_RECORD VALUES('Medical record description 645.', '2018-12-25 11:45:00', 182, 5);
INSERT INTO APPOINTMENT VALUES(183, 243, 1, '2019-03-22 12:00:00', '2019-03-22 12:15:00', 9, 8, None);
INSERT INTO NOTIFICATION VALUES(None, '2019-03-22 11:45:00', 'Upcoming appointment', 'Do not forget that you have appointment 183 in room 243.', 4);
INSERT INTO NOTIFICATION VALUES(None, '2019-03-22 11:45:00', 'Upcoming appointment', 'Do not forget that you have appointment 183 in room 243.', 9);
INSERT INTO INVOICE_BILL VALUES('2019-03-22 12:15:00', 450, 8, False);
INSERT INTO MEDICAL_RECORD VALUES('Medical record description 299.', '2019-03-22 12:15:00', 183, 8);
INSERT INTO APPOINTMENT VALUES(184, 473, 1, '2018-01-03 14:00:00', '2018-01-03 14:15:00', 9, 1, None);
INSERT INTO NOTIFICATION VALUES(None, '2018-01-03 13:45:00', 'Upcoming appointment', 'Do not forget that you have appointment 184 in room 473.', 1);
INSERT INTO NOTIFICATION VALUES(None, '2018-01-03 13:45:00', 'Upcoming appointment', 'Do not forget that you have appointment 184 in room 473.', 9);
INSERT INTO INVOICE_BILL VALUES('2018-01-03 14:15:00', 600, 15, False);
INSERT INTO MEDICAL_RECORD VALUES('Medical record description 947.', '2018-01-03 14:15:00', 184, 1);
INSERT INTO APPOINTMENT VALUES(185, 335, 0, '2016-03-15 12:15:00', '2016-03-15 12:30:00', 9, 6, None);
INSERT INTO NOTIFICATION VALUES(None, '2016-03-15 12:00:00', 'Upcoming appointment', 'Do not forget that you have appointment 185 in room 335.', 8);
INSERT INTO NOTIFICATION VALUES(None, '2016-03-15 12:00:00', 'Upcoming appointment', 'Do not forget that you have appointment 185 in room 335.', 9);
INSERT INTO INVOICE_BILL VALUES('2016-03-15 12:30:00', 650, 6, True);
INSERT INTO MEDICAL_RECORD VALUES('Medical record description 391.', '2016-03-15 12:30:00', 185, 6);
INSERT INTO APPOINTMENT VALUES(186, 480, 1, '2017-09-11 13:00:00', '2017-09-11 13:15:00', 9, 1, None);
INSERT INTO NOTIFICATION VALUES(None, '2017-09-11 12:45:00', 'Upcoming appointment', 'Do not forget that you have appointment 186 in room 480.', 10);
INSERT INTO NOTIFICATION VALUES(None, '2017-09-11 12:45:00', 'Upcoming appointment', 'Do not forget that you have appointment 186 in room 480.', 9);
INSERT INTO INVOICE_BILL VALUES('2017-09-11 13:15:00', 200, 12, True);
INSERT INTO MEDICAL_RECORD VALUES('Medical record description 884.', '2017-09-11 13:15:00', 186, 1);
INSERT INTO APPOINTMENT VALUES(187, 306, 0, '2011-01-07 16:45:00', '2011-01-07 17:00:00', 9, 3, None);
INSERT INTO NOTIFICATION VALUES(None, '2011-01-07 16:30:00', 'Upcoming appointment', 'Do not forget that you have appointment 187 in room 306.', 2);
INSERT INTO NOTIFICATION VALUES(None, '2011-01-07 16:30:00', 'Upcoming appointment', 'Do not forget that you have appointment 187 in room 306.', 9);
INSERT INTO INVOICE_BILL VALUES('2011-01-07 17:00:00', 900, 2, True);
INSERT INTO MEDICAL_RECORD VALUES('Medical record description 53.', '2011-01-07 17:00:00', 187, 3);
INSERT INTO APPOINTMENT VALUES(188, 250, 1, '2010-12-21 11:00:00', '2010-12-21 11:15:00', 9, 3, None);
INSERT INTO NOTIFICATION VALUES(None, '2010-12-21 10:45:00', 'Upcoming appointment', 'Do not forget that you have appointment 188 in room 250.', 5);
INSERT INTO NOTIFICATION VALUES(None, '2010-12-21 10:45:00', 'Upcoming appointment', 'Do not forget that you have appointment 188 in room 250.', 9);
INSERT INTO INVOICE_BILL VALUES('2010-12-21 11:15:00', 550, 15, False);
INSERT INTO MEDICAL_RECORD VALUES('Medical record description 413.', '2010-12-21 11:15:00', 188, 3);
INSERT INTO APPOINTMENT VALUES(189, 239, 1, '2019-01-28 16:45:00', '2019-01-28 17:00:00', 9, 8, None);
INSERT INTO NOTIFICATION VALUES(None, '2019-01-28 16:30:00', 'Upcoming appointment', 'Do not forget that you have appointment 189 in room 239.', 3);
INSERT INTO NOTIFICATION VALUES(None, '2019-01-28 16:30:00', 'Upcoming appointment', 'Do not forget that you have appointment 189 in room 239.', 9);
INSERT INTO INVOICE_BILL VALUES('2019-01-28 17:00:00', 150, 7, True);
INSERT INTO MEDICAL_RECORD VALUES('Medical record description 43.', '2019-01-28 17:00:00', 189, 8);
INSERT INTO APPOINTMENT VALUES(190, 356, 1, '2017-04-19 15:30:00', '2017-04-19 15:45:00', 9, 10, None);
INSERT INTO NOTIFICATION VALUES(None, '2017-04-19 15:15:00', 'Upcoming appointment', 'Do not forget that you have appointment 190 in room 356.', 7);
INSERT INTO NOTIFICATION VALUES(None, '2017-04-19 15:15:00', 'Upcoming appointment', 'Do not forget that you have appointment 190 in room 356.', 9);
INSERT INTO INVOICE_BILL VALUES('2017-04-19 15:45:00', 800, 5, False);
INSERT INTO MEDICAL_RECORD VALUES('Medical record description 785.', '2017-04-19 15:45:00', 190, 10);
INSERT INTO APPOINTMENT VALUES(191, 323, 1, '2013-10-11 15:30:00', '2013-10-11 15:45:00', 9, 1, None);
INSERT INTO NOTIFICATION VALUES(None, '2013-10-11 15:15:00', 'Upcoming appointment', 'Do not forget that you have appointment 191 in room 323.', 4);
INSERT INTO NOTIFICATION VALUES(None, '2013-10-11 15:15:00', 'Upcoming appointment', 'Do not forget that you have appointment 191 in room 323.', 9);
INSERT INTO INVOICE_BILL VALUES('2013-10-11 15:45:00', 100, 9, False);
INSERT INTO MEDICAL_RECORD VALUES('Medical record description 997.', '2013-10-11 15:45:00', 191, 1);
INSERT INTO APPOINTMENT VALUES(192, 488, 1, '2018-06-28 10:45:00', '2018-06-28 11:00:00', 9, 7, None);
INSERT INTO NOTIFICATION VALUES(None, '2018-06-28 10:30:00', 'Upcoming appointment', 'Do not forget that you have appointment 192 in room 488.', 5);
INSERT INTO NOTIFICATION VALUES(None, '2018-06-28 10:30:00', 'Upcoming appointment', 'Do not forget that you have appointment 192 in room 488.', 9);
INSERT INTO INVOICE_BILL VALUES('2018-06-28 11:00:00', 350, 14, True);
INSERT INTO MEDICAL_RECORD VALUES('Medical record description 34.', '2018-06-28 11:00:00', 192, 7);
INSERT INTO APPOINTMENT VALUES(193, 252, 0, '2011-12-14 14:15:00', '2011-12-14 14:30:00', 9, 3, None);
INSERT INTO NOTIFICATION VALUES(None, '2011-12-14 14:00:00', 'Upcoming appointment', 'Do not forget that you have appointment 193 in room 252.', 3);
INSERT INTO NOTIFICATION VALUES(None, '2011-12-14 14:00:00', 'Upcoming appointment', 'Do not forget that you have appointment 193 in room 252.', 9);
INSERT INTO INVOICE_BILL VALUES('2011-12-14 14:30:00', 500, 3, True);
INSERT INTO MEDICAL_RECORD VALUES('Medical record description 499.', '2011-12-14 14:30:00', 193, 3);
INSERT INTO APPOINTMENT VALUES(194, 219, 1, '2017-02-27 12:00:00', '2017-02-27 12:15:00', 9, 6, None);
INSERT INTO NOTIFICATION VALUES(None, '2017-02-27 11:45:00', 'Upcoming appointment', 'Do not forget that you have appointment 194 in room 219.', 9);
INSERT INTO NOTIFICATION VALUES(None, '2017-02-27 11:45:00', 'Upcoming appointment', 'Do not forget that you have appointment 194 in room 219.', 9);
INSERT INTO INVOICE_BILL VALUES('2017-02-27 12:15:00', 450, 2, False);
INSERT INTO MEDICAL_RECORD VALUES('Medical record description 578.', '2017-02-27 12:15:00', 194, 6);
INSERT INTO APPOINTMENT VALUES(195, 188, 1, '2018-06-07 17:45:00', '2018-06-07 18:00:00', 9, 9, None);
INSERT INTO NOTIFICATION VALUES(None, '2018-06-07 17:30:00', 'Upcoming appointment', 'Do not forget that you have appointment 195 in room 188.', 4);
INSERT INTO NOTIFICATION VALUES(None, '2018-06-07 17:30:00', 'Upcoming appointment', 'Do not forget that you have appointment 195 in room 188.', 9);
INSERT INTO INVOICE_BILL VALUES('2018-06-07 18:00:00', 50, 10, True);
INSERT INTO MEDICAL_RECORD VALUES('Medical record description 96.', '2018-06-07 18:00:00', 195, 9);
INSERT INTO APPOINTMENT VALUES(196, 442, 0, '2019-02-18 11:45:00', '2019-02-18 12:00:00', 9, 7, None);
INSERT INTO NOTIFICATION VALUES(None, '2019-02-18 11:30:00', 'Upcoming appointment', 'Do not forget that you have appointment 196 in room 442.', 7);
INSERT INTO NOTIFICATION VALUES(None, '2019-02-18 11:30:00', 'Upcoming appointment', 'Do not forget that you have appointment 196 in room 442.', 9);
INSERT INTO INVOICE_BILL VALUES('2019-02-18 12:00:00', 150, 6, False);
INSERT INTO MEDICAL_RECORD VALUES('Medical record description 836.', '2019-02-18 12:00:00', 196, 7);
INSERT INTO APPOINTMENT VALUES(197, 344, 1, '2019-11-20 16:30:00', '2019-11-20 16:45:00', 9, 4, None);
INSERT INTO NOTIFICATION VALUES(None, '2019-11-20 16:15:00', 'Upcoming appointment', 'Do not forget that you have appointment 197 in room 344.', 7);
INSERT INTO NOTIFICATION VALUES(None, '2019-11-20 16:15:00', 'Upcoming appointment', 'Do not forget that you have appointment 197 in room 344.', 9);
INSERT INTO INVOICE_BILL VALUES('2019-11-20 16:45:00', 650, 8, True);
INSERT INTO MEDICAL_RECORD VALUES('Medical record description 191.', '2019-11-20 16:45:00', 197, 4);
INSERT INTO APPOINTMENT VALUES(198, 356, 0, '2017-06-16 11:15:00', '2017-06-16 11:30:00', 9, 10, None);
INSERT INTO NOTIFICATION VALUES(None, '2017-06-16 11:00:00', 'Upcoming appointment', 'Do not forget that you have appointment 198 in room 356.', 3);
INSERT INTO NOTIFICATION VALUES(None, '2017-06-16 11:00:00', 'Upcoming appointment', 'Do not forget that you have appointment 198 in room 356.', 9);
INSERT INTO INVOICE_BILL VALUES('2017-06-16 11:30:00', 100, 10, False);
INSERT INTO MEDICAL_RECORD VALUES('Medical record description 708.', '2017-06-16 11:30:00', 198, 10);
INSERT INTO APPOINTMENT VALUES(199, 415, 1, '2017-08-02 17:45:00', '2017-08-02 18:00:00', 9, 8, None);
INSERT INTO NOTIFICATION VALUES(None, '2017-08-02 17:30:00', 'Upcoming appointment', 'Do not forget that you have appointment 199 in room 415.', 3);
INSERT INTO NOTIFICATION VALUES(None, '2017-08-02 17:30:00', 'Upcoming appointment', 'Do not forget that you have appointment 199 in room 415.', 9);
INSERT INTO INVOICE_BILL VALUES('2017-08-02 18:00:00', 150, 15, False);
INSERT INTO MEDICAL_RECORD VALUES('Medical record description 541.', '2017-08-02 18:00:00', 199, 8);
INSERT INTO APPOINTMENT VALUES(200, 481, 0, '2015-06-10 14:30:00', '2015-06-10 14:45:00', 9, 4, None);
INSERT INTO NOTIFICATION VALUES(None, '2015-06-10 14:15:00', 'Upcoming appointment', 'Do not forget that you have appointment 200 in room 481.', 5);
INSERT INTO NOTIFICATION VALUES(None, '2015-06-10 14:15:00', 'Upcoming appointment', 'Do not forget that you have appointment 200 in room 481.', 9);
INSERT INTO INVOICE_BILL VALUES('2015-06-10 14:45:00', 450, 13, False);
INSERT INTO MEDICAL_RECORD VALUES('Medical record description 915.', '2015-06-10 14:45:00', 200, 4);
INSERT INTO APPOINTMENT VALUES(201, 235, 1, '2015-11-18 17:45:00', '2015-11-18 18:00:00', 9, 1, None);
INSERT INTO NOTIFICATION VALUES(None, '2015-11-18 17:30:00', 'Upcoming appointment', 'Do not forget that you have appointment 201 in room 235.', 7);
INSERT INTO NOTIFICATION VALUES(None, '2015-11-18 17:30:00', 'Upcoming appointment', 'Do not forget that you have appointment 201 in room 235.', 9);
INSERT INTO INVOICE_BILL VALUES('2015-11-18 18:00:00', 600, 10, False);
INSERT INTO MEDICAL_RECORD VALUES('Medical record description 824.', '2015-11-18 18:00:00', 201, 1);
INSERT INTO APPOINTMENT VALUES(202, 413, 1, '2016-07-07 17:15:00', '2016-07-07 17:30:00', 9, 2, None);
INSERT INTO NOTIFICATION VALUES(None, '2016-07-07 17:00:00', 'Upcoming appointment', 'Do not forget that you have appointment 202 in room 413.', 3);
INSERT INTO NOTIFICATION VALUES(None, '2016-07-07 17:00:00', 'Upcoming appointment', 'Do not forget that you have appointment 202 in room 413.', 9);
INSERT INTO INVOICE_BILL VALUES('2016-07-07 17:30:00', 100, 8, False);
INSERT INTO MEDICAL_RECORD VALUES('Medical record description 147.', '2016-07-07 17:30:00', 202, 2);
INSERT INTO APPOINTMENT VALUES(203, 356, 1, '2011-11-23 17:45:00', '2011-11-23 18:00:00', 9, 3, None);
INSERT INTO NOTIFICATION VALUES(None, '2011-11-23 17:30:00', 'Upcoming appointment', 'Do not forget that you have appointment 203 in room 356.', 8);
INSERT INTO NOTIFICATION VALUES(None, '2011-11-23 17:30:00', 'Upcoming appointment', 'Do not forget that you have appointment 203 in room 356.', 9);
INSERT INTO INVOICE_BILL VALUES('2011-11-23 18:00:00', 900, 10, True);
INSERT INTO MEDICAL_RECORD VALUES('Medical record description 915.', '2011-11-23 18:00:00', 203, 3);
INSERT INTO APPOINTMENT VALUES(204, 127, 1, '2017-06-06 14:30:00', '2017-06-06 14:45:00', 9, 10, None);
INSERT INTO NOTIFICATION VALUES(None, '2017-06-06 14:15:00', 'Upcoming appointment', 'Do not forget that you have appointment 204 in room 127.', 1);
INSERT INTO NOTIFICATION VALUES(None, '2017-06-06 14:15:00', 'Upcoming appointment', 'Do not forget that you have appointment 204 in room 127.', 9);
INSERT INTO INVOICE_BILL VALUES('2017-06-06 14:45:00', 200, 8, False);
INSERT INTO MEDICAL_RECORD VALUES('Medical record description 404.', '2017-06-06 14:45:00', 204, 10);
INSERT INTO APPOINTMENT VALUES(205, 362, 1, '2016-11-11 13:30:00', '2016-11-11 13:45:00', 9, 3, None);
INSERT INTO NOTIFICATION VALUES(None, '2016-11-11 13:15:00', 'Upcoming appointment', 'Do not forget that you have appointment 205 in room 362.', 1);
INSERT INTO NOTIFICATION VALUES(None, '2016-11-11 13:15:00', 'Upcoming appointment', 'Do not forget that you have appointment 205 in room 362.', 9);
INSERT INTO INVOICE_BILL VALUES('2016-11-11 13:45:00', 500, 2, True);
INSERT INTO MEDICAL_RECORD VALUES('Medical record description 261.', '2016-11-11 13:45:00', 205, 3);
INSERT INTO APPOINTMENT VALUES(206, 249, 1, '2018-10-11 15:15:00', '2018-10-11 15:30:00', 10, 6, None);
INSERT INTO NOTIFICATION VALUES(None, '2018-10-11 15:00:00', 'Upcoming appointment', 'Do not forget that you have appointment 206 in room 249.', 10);
INSERT INTO NOTIFICATION VALUES(None, '2018-10-11 15:00:00', 'Upcoming appointment', 'Do not forget that you have appointment 206 in room 249.', 10);
INSERT INTO INVOICE_BILL VALUES('2018-10-11 15:30:00', 800, 12, True);
INSERT INTO MEDICAL_RECORD VALUES('Medical record description 367.', '2018-10-11 15:30:00', 206, 6);
INSERT INTO APPOINTMENT VALUES(207, 246, 0, '2018-01-10 15:30:00', '2018-01-10 15:45:00', 10, 8, None);
INSERT INTO NOTIFICATION VALUES(None, '2018-01-10 15:15:00', 'Upcoming appointment', 'Do not forget that you have appointment 207 in room 246.', 7);
INSERT INTO NOTIFICATION VALUES(None, '2018-01-10 15:15:00', 'Upcoming appointment', 'Do not forget that you have appointment 207 in room 246.', 10);
INSERT INTO INVOICE_BILL VALUES('2018-01-10 15:45:00', 600, 12, False);
INSERT INTO MEDICAL_RECORD VALUES('Medical record description 309.', '2018-01-10 15:45:00', 207, 8);
INSERT INTO APPOINTMENT VALUES(208, 261, 0, '2017-04-18 11:15:00', '2017-04-18 11:30:00', 10, 9, None);
INSERT INTO NOTIFICATION VALUES(None, '2017-04-18 11:00:00', 'Upcoming appointment', 'Do not forget that you have appointment 208 in room 261.', 8);
INSERT INTO NOTIFICATION VALUES(None, '2017-04-18 11:00:00', 'Upcoming appointment', 'Do not forget that you have appointment 208 in room 261.', 10);
INSERT INTO INVOICE_BILL VALUES('2017-04-18 11:30:00', 700, 12, False);
INSERT INTO MEDICAL_RECORD VALUES('Medical record description 152.', '2017-04-18 11:30:00', 208, 9);
INSERT INTO APPOINTMENT VALUES(209, 226, 1, '2018-02-12 10:00:00', '2018-02-12 10:15:00', 10, 10, None);
INSERT INTO NOTIFICATION VALUES(None, '2018-02-12 09:45:00', 'Upcoming appointment', 'Do not forget that you have appointment 209 in room 226.', 10);
INSERT INTO NOTIFICATION VALUES(None, '2018-02-12 09:45:00', 'Upcoming appointment', 'Do not forget that you have appointment 209 in room 226.', 10);
INSERT INTO INVOICE_BILL VALUES('2018-02-12 10:15:00', 450, 11, True);
INSERT INTO MEDICAL_RECORD VALUES('Medical record description 594.', '2018-02-12 10:15:00', 209, 10);
INSERT INTO APPOINTMENT VALUES(210, 363, 1, '2019-08-08 10:45:00', '2019-08-08 11:00:00', 10, 6, None);
INSERT INTO NOTIFICATION VALUES(None, '2019-08-08 10:30:00', 'Upcoming appointment', 'Do not forget that you have appointment 210 in room 363.', 1);
INSERT INTO NOTIFICATION VALUES(None, '2019-08-08 10:30:00', 'Upcoming appointment', 'Do not forget that you have appointment 210 in room 363.', 10);
INSERT INTO INVOICE_BILL VALUES('2019-08-08 11:00:00', 800, 8, False);
INSERT INTO MEDICAL_RECORD VALUES('Medical record description 276.', '2019-08-08 11:00:00', 210, 6);
INSERT INTO APPOINTMENT VALUES(211, 367, 0, '2010-09-28 15:30:00', '2010-09-28 15:45:00', 10, 3, None);
INSERT INTO NOTIFICATION VALUES(None, '2010-09-28 15:15:00', 'Upcoming appointment', 'Do not forget that you have appointment 211 in room 367.', 2);
INSERT INTO NOTIFICATION VALUES(None, '2010-09-28 15:15:00', 'Upcoming appointment', 'Do not forget that you have appointment 211 in room 367.', 10);
INSERT INTO INVOICE_BILL VALUES('2010-09-28 15:45:00', 450, 14, True);
INSERT INTO MEDICAL_RECORD VALUES('Medical record description 342.', '2010-09-28 15:45:00', 211, 3);
INSERT INTO APPOINTMENT VALUES(212, 114, 1, '2017-10-10 10:00:00', '2017-10-10 10:15:00', 10, 7, None);
INSERT INTO NOTIFICATION VALUES(None, '2017-10-10 09:45:00', 'Upcoming appointment', 'Do not forget that you have appointment 212 in room 114.', 4);
INSERT INTO NOTIFICATION VALUES(None, '2017-10-10 09:45:00', 'Upcoming appointment', 'Do not forget that you have appointment 212 in room 114.', 10);
INSERT INTO INVOICE_BILL VALUES('2017-10-10 10:15:00', 100, 5, False);
INSERT INTO MEDICAL_RECORD VALUES('Medical record description 904.', '2017-10-10 10:15:00', 212, 7);
INSERT INTO APPOINTMENT VALUES(213, 168, 0, '2016-07-12 11:45:00', '2016-07-12 12:00:00', 10, 1, None);
INSERT INTO NOTIFICATION VALUES(None, '2016-07-12 11:30:00', 'Upcoming appointment', 'Do not forget that you have appointment 213 in room 168.', 5);
INSERT INTO NOTIFICATION VALUES(None, '2016-07-12 11:30:00', 'Upcoming appointment', 'Do not forget that you have appointment 213 in room 168.', 10);
INSERT INTO INVOICE_BILL VALUES('2016-07-12 12:00:00', 600, 3, True);
INSERT INTO MEDICAL_RECORD VALUES('Medical record description 421.', '2016-07-12 12:00:00', 213, 1);
INSERT INTO APPOINTMENT VALUES(214, 106, 0, '2010-02-17 10:00:00', '2010-02-17 10:15:00', 10, 3, None);
INSERT INTO NOTIFICATION VALUES(None, '2010-02-17 09:45:00', 'Upcoming appointment', 'Do not forget that you have appointment 214 in room 106.', 3);
INSERT INTO NOTIFICATION VALUES(None, '2010-02-17 09:45:00', 'Upcoming appointment', 'Do not forget that you have appointment 214 in room 106.', 10);
INSERT INTO INVOICE_BILL VALUES('2010-02-17 10:15:00', 450, 7, True);
INSERT INTO MEDICAL_RECORD VALUES('Medical record description 627.', '2010-02-17 10:15:00', 214, 3);
INSERT INTO APPOINTMENT VALUES(215, 146, 0, '2019-09-04 13:00:00', '2019-09-04 13:15:00', 10, 7, None);
INSERT INTO NOTIFICATION VALUES(None, '2019-09-04 12:45:00', 'Upcoming appointment', 'Do not forget that you have appointment 215 in room 146.', 2);
INSERT INTO NOTIFICATION VALUES(None, '2019-09-04 12:45:00', 'Upcoming appointment', 'Do not forget that you have appointment 215 in room 146.', 10);
INSERT INTO INVOICE_BILL VALUES('2019-09-04 13:15:00', 650, 4, True);
INSERT INTO MEDICAL_RECORD VALUES('Medical record description 164.', '2019-09-04 13:15:00', 215, 7);
INSERT INTO APPOINTMENT VALUES(216, 103, 0, '2017-05-29 14:45:00', '2017-05-29 15:00:00', 10, 2, None);
INSERT INTO NOTIFICATION VALUES(None, '2017-05-29 14:30:00', 'Upcoming appointment', 'Do not forget that you have appointment 216 in room 103.', 2);
INSERT INTO NOTIFICATION VALUES(None, '2017-05-29 14:30:00', 'Upcoming appointment', 'Do not forget that you have appointment 216 in room 103.', 10);
INSERT INTO INVOICE_BILL VALUES('2017-05-29 15:00:00', 450, 14, False);
INSERT INTO MEDICAL_RECORD VALUES('Medical record description 36.', '2017-05-29 15:00:00', 216, 2);
INSERT INTO APPOINTMENT VALUES(217, 233, 0, '2014-01-31 13:30:00', '2014-01-31 13:45:00', 10, 9, None);
INSERT INTO NOTIFICATION VALUES(None, '2014-01-31 13:15:00', 'Upcoming appointment', 'Do not forget that you have appointment 217 in room 233.', 2);
INSERT INTO NOTIFICATION VALUES(None, '2014-01-31 13:15:00', 'Upcoming appointment', 'Do not forget that you have appointment 217 in room 233.', 10);
INSERT INTO INVOICE_BILL VALUES('2014-01-31 13:45:00', 150, 8, False);
INSERT INTO MEDICAL_RECORD VALUES('Medical record description 165.', '2014-01-31 13:45:00', 217, 9);
INSERT INTO APPOINTMENT VALUES(218, 191, 1, '2017-01-30 15:15:00', '2017-01-30 15:30:00', 10, 6, None);
INSERT INTO NOTIFICATION VALUES(None, '2017-01-30 15:00:00', 'Upcoming appointment', 'Do not forget that you have appointment 218 in room 191.', 3);
INSERT INTO NOTIFICATION VALUES(None, '2017-01-30 15:00:00', 'Upcoming appointment', 'Do not forget that you have appointment 218 in room 191.', 10);
INSERT INTO INVOICE_BILL VALUES('2017-01-30 15:30:00', 500, 13, False);
INSERT INTO MEDICAL_RECORD VALUES('Medical record description 621.', '2017-01-30 15:30:00', 218, 6);
INSERT INTO APPOINTMENT VALUES(219, 337, 0, '2017-07-12 10:45:00', '2017-07-12 11:00:00', 10, 8, None);
INSERT INTO NOTIFICATION VALUES(None, '2017-07-12 10:30:00', 'Upcoming appointment', 'Do not forget that you have appointment 219 in room 337.', 2);
INSERT INTO NOTIFICATION VALUES(None, '2017-07-12 10:30:00', 'Upcoming appointment', 'Do not forget that you have appointment 219 in room 337.', 10);
INSERT INTO INVOICE_BILL VALUES('2017-07-12 11:00:00', 350, 15, True);
INSERT INTO MEDICAL_RECORD VALUES('Medical record description 210.', '2017-07-12 11:00:00', 219, 8);
INSERT INTO APPOINTMENT VALUES(220, 291, 1, '2018-06-21 14:30:00', '2018-06-21 14:45:00', 10, 2, None);
INSERT INTO NOTIFICATION VALUES(None, '2018-06-21 14:15:00', 'Upcoming appointment', 'Do not forget that you have appointment 220 in room 291.', 7);
INSERT INTO NOTIFICATION VALUES(None, '2018-06-21 14:15:00', 'Upcoming appointment', 'Do not forget that you have appointment 220 in room 291.', 10);
INSERT INTO INVOICE_BILL VALUES('2018-06-21 14:45:00', 750, 11, True);
INSERT INTO MEDICAL_RECORD VALUES('Medical record description 716.', '2018-06-21 14:45:00', 220, 2);
INSERT INTO APPOINTMENT VALUES(221, 455, 1, '2016-05-11 16:15:00', '2016-05-11 16:30:00', 10, 3, None);
INSERT INTO NOTIFICATION VALUES(None, '2016-05-11 16:00:00', 'Upcoming appointment', 'Do not forget that you have appointment 221 in room 455.', 5);
INSERT INTO NOTIFICATION VALUES(None, '2016-05-11 16:00:00', 'Upcoming appointment', 'Do not forget that you have appointment 221 in room 455.', 10);
INSERT INTO INVOICE_BILL VALUES('2016-05-11 16:30:00', 400, 8, False);
INSERT INTO MEDICAL_RECORD VALUES('Medical record description 447.', '2016-05-11 16:30:00', 221, 3);
INSERT INTO APPOINTMENT VALUES(222, 489, 0, '2019-07-08 12:30:00', '2019-07-08 12:45:00', 10, 4, None);
INSERT INTO NOTIFICATION VALUES(None, '2019-07-08 12:15:00', 'Upcoming appointment', 'Do not forget that you have appointment 222 in room 489.', 1);
INSERT INTO NOTIFICATION VALUES(None, '2019-07-08 12:15:00', 'Upcoming appointment', 'Do not forget that you have appointment 222 in room 489.', 10);
INSERT INTO INVOICE_BILL VALUES('2019-07-08 12:45:00', 550, 13, False);
INSERT INTO MEDICAL_RECORD VALUES('Medical record description 229.', '2019-07-08 12:45:00', 222, 4);
INSERT INTO APPOINTMENT VALUES(223, 189, 0, '2012-11-13 10:45:00', '2012-11-13 11:00:00', 10, 3, None);
INSERT INTO NOTIFICATION VALUES(None, '2012-11-13 10:30:00', 'Upcoming appointment', 'Do not forget that you have appointment 223 in room 189.', 7);
INSERT INTO NOTIFICATION VALUES(None, '2012-11-13 10:30:00', 'Upcoming appointment', 'Do not forget that you have appointment 223 in room 189.', 10);
INSERT INTO INVOICE_BILL VALUES('2012-11-13 11:00:00', 100, 5, False);
INSERT INTO MEDICAL_RECORD VALUES('Medical record description 384.', '2012-11-13 11:00:00', 223, 3);
INSERT INTO APPOINTMENT VALUES(224, 340, 1, '2013-08-19 17:45:00', '2013-08-19 18:00:00', 10, 1, None);
INSERT INTO NOTIFICATION VALUES(None, '2013-08-19 17:30:00', 'Upcoming appointment', 'Do not forget that you have appointment 224 in room 340.', 6);
INSERT INTO NOTIFICATION VALUES(None, '2013-08-19 17:30:00', 'Upcoming appointment', 'Do not forget that you have appointment 224 in room 340.', 10);
INSERT INTO INVOICE_BILL VALUES('2013-08-19 18:00:00', 650, 12, False);
INSERT INTO MEDICAL_RECORD VALUES('Medical record description 416.', '2013-08-19 18:00:00', 224, 1);
INSERT INTO APPOINTMENT VALUES(225, 131, 1, '2015-02-25 10:45:00', '2015-02-25 11:00:00', 10, 2, None);
INSERT INTO NOTIFICATION VALUES(None, '2015-02-25 10:30:00', 'Upcoming appointment', 'Do not forget that you have appointment 225 in room 131.', 3);
INSERT INTO NOTIFICATION VALUES(None, '2015-02-25 10:30:00', 'Upcoming appointment', 'Do not forget that you have appointment 225 in room 131.', 10);
INSERT INTO INVOICE_BILL VALUES('2015-02-25 11:00:00', 250, 2, True);
INSERT INTO MEDICAL_RECORD VALUES('Medical record description 704.', '2015-02-25 11:00:00', 225, 2);
INSERT INTO APPOINTMENT VALUES(226, 120, 1, '2015-11-19 10:15:00', '2015-11-19 10:30:00', 10, 4, None);
INSERT INTO NOTIFICATION VALUES(None, '2015-11-19 10:00:00', 'Upcoming appointment', 'Do not forget that you have appointment 226 in room 120.', 10);
INSERT INTO NOTIFICATION VALUES(None, '2015-11-19 10:00:00', 'Upcoming appointment', 'Do not forget that you have appointment 226 in room 120.', 10);
INSERT INTO INVOICE_BILL VALUES('2015-11-19 10:30:00', 500, 1, False);
INSERT INTO MEDICAL_RECORD VALUES('Medical record description 699.', '2015-11-19 10:30:00', 226, 4);
INSERT INTO APPOINTMENT VALUES(227, 322, 0, '2017-02-15 16:00:00', '2017-02-15 16:15:00', 11, 1, None);
INSERT INTO NOTIFICATION VALUES(None, '2017-02-15 15:45:00', 'Upcoming appointment', 'Do not forget that you have appointment 227 in room 322.', 5);
INSERT INTO NOTIFICATION VALUES(None, '2017-02-15 15:45:00', 'Upcoming appointment', 'Do not forget that you have appointment 227 in room 322.', 11);
INSERT INTO INVOICE_BILL VALUES('2017-02-15 16:15:00', 1000, 2, False);
INSERT INTO MEDICAL_RECORD VALUES('Medical record description 297.', '2017-02-15 16:15:00', 227, 1);
INSERT INTO APPOINTMENT VALUES(228, 315, 1, '2014-11-27 11:15:00', '2014-11-27 11:30:00', 11, 3, None);
INSERT INTO NOTIFICATION VALUES(None, '2014-11-27 11:00:00', 'Upcoming appointment', 'Do not forget that you have appointment 228 in room 315.', 7);
INSERT INTO NOTIFICATION VALUES(None, '2014-11-27 11:00:00', 'Upcoming appointment', 'Do not forget that you have appointment 228 in room 315.', 11);
INSERT INTO INVOICE_BILL VALUES('2014-11-27 11:30:00', 1000, 14, True);
INSERT INTO MEDICAL_RECORD VALUES('Medical record description 603.', '2014-11-27 11:30:00', 228, 3);
INSERT INTO APPOINTMENT VALUES(229, 377, 0, '2012-02-22 17:30:00', '2012-02-22 17:45:00', 11, 3, None);
INSERT INTO NOTIFICATION VALUES(None, '2012-02-22 17:15:00', 'Upcoming appointment', 'Do not forget that you have appointment 229 in room 377.', 10);
INSERT INTO NOTIFICATION VALUES(None, '2012-02-22 17:15:00', 'Upcoming appointment', 'Do not forget that you have appointment 229 in room 377.', 11);
INSERT INTO INVOICE_BILL VALUES('2012-02-22 17:45:00', 300, 8, True);
INSERT INTO MEDICAL_RECORD VALUES('Medical record description 396.', '2012-02-22 17:45:00', 229, 3);
INSERT INTO APPOINTMENT VALUES(230, 241, 0, '2019-01-25 17:00:00', '2019-01-25 17:15:00', 11, 7, None);
INSERT INTO NOTIFICATION VALUES(None, '2019-01-25 16:45:00', 'Upcoming appointment', 'Do not forget that you have appointment 230 in room 241.', 2);
INSERT INTO NOTIFICATION VALUES(None, '2019-01-25 16:45:00', 'Upcoming appointment', 'Do not forget that you have appointment 230 in room 241.', 11);
INSERT INTO INVOICE_BILL VALUES('2019-01-25 17:15:00', 650, 9, False);
INSERT INTO MEDICAL_RECORD VALUES('Medical record description 182.', '2019-01-25 17:15:00', 230, 7);
INSERT INTO APPOINTMENT VALUES(231, 289, 1, '2013-09-06 15:45:00', '2013-09-06 16:00:00', 11, 1, None);
INSERT INTO NOTIFICATION VALUES(None, '2013-09-06 15:30:00', 'Upcoming appointment', 'Do not forget that you have appointment 231 in room 289.', 6);
INSERT INTO NOTIFICATION VALUES(None, '2013-09-06 15:30:00', 'Upcoming appointment', 'Do not forget that you have appointment 231 in room 289.', 11);
INSERT INTO INVOICE_BILL VALUES('2013-09-06 16:00:00', 350, 6, True);
INSERT INTO MEDICAL_RECORD VALUES('Medical record description 409.', '2013-09-06 16:00:00', 231, 1);
INSERT INTO APPOINTMENT VALUES(232, 412, 0, '2018-01-08 15:15:00', '2018-01-08 15:30:00', 11, 3, None);
INSERT INTO NOTIFICATION VALUES(None, '2018-01-08 15:00:00', 'Upcoming appointment', 'Do not forget that you have appointment 232 in room 412.', 1);
INSERT INTO NOTIFICATION VALUES(None, '2018-01-08 15:00:00', 'Upcoming appointment', 'Do not forget that you have appointment 232 in room 412.', 11);
INSERT INTO INVOICE_BILL VALUES('2018-01-08 15:30:00', 550, 11, False);
INSERT INTO MEDICAL_RECORD VALUES('Medical record description 888.', '2018-01-08 15:30:00', 232, 3);
INSERT INTO APPOINTMENT VALUES(233, 123, 0, '2013-10-15 10:45:00', '2013-10-15 11:00:00', 11, 3, None);
INSERT INTO NOTIFICATION VALUES(None, '2013-10-15 10:30:00', 'Upcoming appointment', 'Do not forget that you have appointment 233 in room 123.', 9);
INSERT INTO NOTIFICATION VALUES(None, '2013-10-15 10:30:00', 'Upcoming appointment', 'Do not forget that you have appointment 233 in room 123.', 11);
INSERT INTO INVOICE_BILL VALUES('2013-10-15 11:00:00', 1000, 9, True);
INSERT INTO MEDICAL_RECORD VALUES('Medical record description 605.', '2013-10-15 11:00:00', 233, 3);
INSERT INTO APPOINTMENT VALUES(234, 423, 1, '2017-09-11 16:00:00', '2017-09-11 16:15:00', 11, 1, None);
INSERT INTO NOTIFICATION VALUES(None, '2017-09-11 15:45:00', 'Upcoming appointment', 'Do not forget that you have appointment 234 in room 423.', 6);
INSERT INTO NOTIFICATION VALUES(None, '2017-09-11 15:45:00', 'Upcoming appointment', 'Do not forget that you have appointment 234 in room 423.', 11);
INSERT INTO INVOICE_BILL VALUES('2017-09-11 16:15:00', 150, 12, False);
INSERT INTO MEDICAL_RECORD VALUES('Medical record description 140.', '2017-09-11 16:15:00', 234, 1);
INSERT INTO APPOINTMENT VALUES(235, 228, 0, '2013-03-22 11:00:00', '2013-03-22 11:15:00', 11, 3, None);
INSERT INTO NOTIFICATION VALUES(None, '2013-03-22 10:45:00', 'Upcoming appointment', 'Do not forget that you have appointment 235 in room 228.', 5);
INSERT INTO NOTIFICATION VALUES(None, '2013-03-22 10:45:00', 'Upcoming appointment', 'Do not forget that you have appointment 235 in room 228.', 11);
INSERT INTO INVOICE_BILL VALUES('2013-03-22 11:15:00', 400, 2, False);
INSERT INTO MEDICAL_RECORD VALUES('Medical record description 579.', '2013-03-22 11:15:00', 235, 3);
INSERT INTO APPOINTMENT VALUES(236, 450, 1, '2018-01-31 14:45:00', '2018-01-31 15:00:00', 11, 10, None);
INSERT INTO NOTIFICATION VALUES(None, '2018-01-31 14:30:00', 'Upcoming appointment', 'Do not forget that you have appointment 236 in room 450.', 8);
INSERT INTO NOTIFICATION VALUES(None, '2018-01-31 14:30:00', 'Upcoming appointment', 'Do not forget that you have appointment 236 in room 450.', 11);
INSERT INTO INVOICE_BILL VALUES('2018-01-31 15:00:00', 1000, 6, False);
INSERT INTO MEDICAL_RECORD VALUES('Medical record description 193.', '2018-01-31 15:00:00', 236, 10);
INSERT INTO APPOINTMENT VALUES(237, 495, 0, '2018-07-25 13:30:00', '2018-07-25 13:45:00', 11, 2, None);
INSERT INTO NOTIFICATION VALUES(None, '2018-07-25 13:15:00', 'Upcoming appointment', 'Do not forget that you have appointment 237 in room 495.', 10);
INSERT INTO NOTIFICATION VALUES(None, '2018-07-25 13:15:00', 'Upcoming appointment', 'Do not forget that you have appointment 237 in room 495.', 11);
INSERT INTO INVOICE_BILL VALUES('2018-07-25 13:45:00', 650, 4, False);
INSERT INTO MEDICAL_RECORD VALUES('Medical record description 310.', '2018-07-25 13:45:00', 237, 2);
INSERT INTO APPOINTMENT VALUES(238, 456, 0, '2018-08-28 17:00:00', '2018-08-28 17:15:00', 11, 6, None);
INSERT INTO NOTIFICATION VALUES(None, '2018-08-28 16:45:00', 'Upcoming appointment', 'Do not forget that you have appointment 238 in room 456.', 7);
INSERT INTO NOTIFICATION VALUES(None, '2018-08-28 16:45:00', 'Upcoming appointment', 'Do not forget that you have appointment 238 in room 456.', 11);
INSERT INTO INVOICE_BILL VALUES('2018-08-28 17:15:00', 750, 2, False);
INSERT INTO MEDICAL_RECORD VALUES('Medical record description 441.', '2018-08-28 17:15:00', 238, 6);
INSERT INTO APPOINTMENT VALUES(239, 456, 0, '2018-03-21 16:15:00', '2018-03-21 16:30:00', 11, 8, None);
INSERT INTO NOTIFICATION VALUES(None, '2018-03-21 16:00:00', 'Upcoming appointment', 'Do not forget that you have appointment 239 in room 456.', 2);
INSERT INTO NOTIFICATION VALUES(None, '2018-03-21 16:00:00', 'Upcoming appointment', 'Do not forget that you have appointment 239 in room 456.', 11);
INSERT INTO INVOICE_BILL VALUES('2018-03-21 16:30:00', 600, 14, False);
INSERT INTO MEDICAL_RECORD VALUES('Medical record description 425.', '2018-03-21 16:30:00', 239, 8);
INSERT INTO APPOINTMENT VALUES(240, 108, 1, '2016-11-23 17:30:00', '2016-11-23 17:45:00', 11, 4, None);
INSERT INTO NOTIFICATION VALUES(None, '2016-11-23 17:15:00', 'Upcoming appointment', 'Do not forget that you have appointment 240 in room 108.', 2);
INSERT INTO NOTIFICATION VALUES(None, '2016-11-23 17:15:00', 'Upcoming appointment', 'Do not forget that you have appointment 240 in room 108.', 11);
INSERT INTO INVOICE_BILL VALUES('2016-11-23 17:45:00', 250, 11, True);
INSERT INTO MEDICAL_RECORD VALUES('Medical record description 852.', '2016-11-23 17:45:00', 240, 4);
INSERT INTO APPOINTMENT VALUES(241, 382, 1, '2018-05-25 16:30:00', '2018-05-25 16:45:00', 11, 2, None);
INSERT INTO NOTIFICATION VALUES(None, '2018-05-25 16:15:00', 'Upcoming appointment', 'Do not forget that you have appointment 241 in room 382.', 7);
INSERT INTO NOTIFICATION VALUES(None, '2018-05-25 16:15:00', 'Upcoming appointment', 'Do not forget that you have appointment 241 in room 382.', 11);
INSERT INTO INVOICE_BILL VALUES('2018-05-25 16:45:00', 950, 10, True);
INSERT INTO MEDICAL_RECORD VALUES('Medical record description 693.', '2018-05-25 16:45:00', 241, 2);
INSERT INTO APPOINTMENT VALUES(242, 291, 0, '2014-08-01 15:15:00', '2014-08-01 15:30:00', 11, 9, None);
INSERT INTO NOTIFICATION VALUES(None, '2014-08-01 15:00:00', 'Upcoming appointment', 'Do not forget that you have appointment 242 in room 291.', 3);
INSERT INTO NOTIFICATION VALUES(None, '2014-08-01 15:00:00', 'Upcoming appointment', 'Do not forget that you have appointment 242 in room 291.', 11);
INSERT INTO INVOICE_BILL VALUES('2014-08-01 15:30:00', 950, 10, True);
INSERT INTO MEDICAL_RECORD VALUES('Medical record description 875.', '2014-08-01 15:30:00', 242, 9);
INSERT INTO APPOINTMENT VALUES(243, 255, 0, '2012-09-05 15:45:00', '2012-09-05 16:00:00', 11, 1, None);
INSERT INTO NOTIFICATION VALUES(None, '2012-09-05 15:30:00', 'Upcoming appointment', 'Do not forget that you have appointment 243 in room 255.', 3);
INSERT INTO NOTIFICATION VALUES(None, '2012-09-05 15:30:00', 'Upcoming appointment', 'Do not forget that you have appointment 243 in room 255.', 11);
INSERT INTO INVOICE_BILL VALUES('2012-09-05 16:00:00', 650, 6, False);
INSERT INTO MEDICAL_RECORD VALUES('Medical record description 893.', '2012-09-05 16:00:00', 243, 1);
INSERT INTO APPOINTMENT VALUES(244, 358, 0, '2016-08-02 16:15:00', '2016-08-02 16:30:00', 11, 2, None);
INSERT INTO NOTIFICATION VALUES(None, '2016-08-02 16:00:00', 'Upcoming appointment', 'Do not forget that you have appointment 244 in room 358.', 7);
INSERT INTO NOTIFICATION VALUES(None, '2016-08-02 16:00:00', 'Upcoming appointment', 'Do not forget that you have appointment 244 in room 358.', 11);
INSERT INTO INVOICE_BILL VALUES('2016-08-02 16:30:00', 900, 15, True);
INSERT INTO MEDICAL_RECORD VALUES('Medical record description 395.', '2016-08-02 16:30:00', 244, 2);
INSERT INTO APPOINTMENT VALUES(245, 251, 0, '2015-09-28 14:30:00', '2015-09-28 14:45:00', 11, 9, None);
INSERT INTO NOTIFICATION VALUES(None, '2015-09-28 14:15:00', 'Upcoming appointment', 'Do not forget that you have appointment 245 in room 251.', 1);
INSERT INTO NOTIFICATION VALUES(None, '2015-09-28 14:15:00', 'Upcoming appointment', 'Do not forget that you have appointment 245 in room 251.', 11);
INSERT INTO INVOICE_BILL VALUES('2015-09-28 14:45:00', 150, 2, False);
INSERT INTO MEDICAL_RECORD VALUES('Medical record description 540.', '2015-09-28 14:45:00', 245, 9);
INSERT INTO APPOINTMENT VALUES(246, 305, 1, '2013-11-15 17:00:00', '2013-11-15 17:15:00', 11, 3, None);
INSERT INTO NOTIFICATION VALUES(None, '2013-11-15 16:45:00', 'Upcoming appointment', 'Do not forget that you have appointment 246 in room 305.', 10);
INSERT INTO NOTIFICATION VALUES(None, '2013-11-15 16:45:00', 'Upcoming appointment', 'Do not forget that you have appointment 246 in room 305.', 11);
INSERT INTO INVOICE_BILL VALUES('2013-11-15 17:15:00', 850, 8, True);
INSERT INTO MEDICAL_RECORD VALUES('Medical record description 750.', '2013-11-15 17:15:00', 246, 3);
INSERT INTO APPOINTMENT VALUES(247, 192, 1, '2019-07-16 15:00:00', '2019-07-16 15:15:00', 11, 6, None);
INSERT INTO NOTIFICATION VALUES(None, '2019-07-16 14:45:00', 'Upcoming appointment', 'Do not forget that you have appointment 247 in room 192.', 3);
INSERT INTO NOTIFICATION VALUES(None, '2019-07-16 14:45:00', 'Upcoming appointment', 'Do not forget that you have appointment 247 in room 192.', 11);
INSERT INTO INVOICE_BILL VALUES('2019-07-16 15:15:00', 950, 14, True);
INSERT INTO MEDICAL_RECORD VALUES('Medical record description 171.', '2019-07-16 15:15:00', 247, 6);
INSERT INTO APPOINTMENT VALUES(248, 226, 0, '2010-06-10 10:45:00', '2010-06-10 11:00:00', 11, 3, None);
INSERT INTO NOTIFICATION VALUES(None, '2010-06-10 10:30:00', 'Upcoming appointment', 'Do not forget that you have appointment 248 in room 226.', 10);
INSERT INTO NOTIFICATION VALUES(None, '2010-06-10 10:30:00', 'Upcoming appointment', 'Do not forget that you have appointment 248 in room 226.', 11);
INSERT INTO INVOICE_BILL VALUES('2010-06-10 11:00:00', 900, 12, True);
INSERT INTO MEDICAL_RECORD VALUES('Medical record description 525.', '2010-06-10 11:00:00', 248, 3);
INSERT INTO APPOINTMENT VALUES(249, 141, 1, '2018-04-27 16:00:00', '2018-04-27 16:15:00', 11, 2, None);
INSERT INTO NOTIFICATION VALUES(None, '2018-04-27 15:45:00', 'Upcoming appointment', 'Do not forget that you have appointment 249 in room 141.', 8);
INSERT INTO NOTIFICATION VALUES(None, '2018-04-27 15:45:00', 'Upcoming appointment', 'Do not forget that you have appointment 249 in room 141.', 11);
INSERT INTO INVOICE_BILL VALUES('2018-04-27 16:15:00', 600, 2, False);
INSERT INTO MEDICAL_RECORD VALUES('Medical record description 852.', '2018-04-27 16:15:00', 249, 2);
INSERT INTO APPOINTMENT VALUES(250, 106, 0, '2017-08-07 15:00:00', '2017-08-07 15:15:00', 11, 2, None);
INSERT INTO NOTIFICATION VALUES(None, '2017-08-07 14:45:00', 'Upcoming appointment', 'Do not forget that you have appointment 250 in room 106.', 1);
INSERT INTO NOTIFICATION VALUES(None, '2017-08-07 14:45:00', 'Upcoming appointment', 'Do not forget that you have appointment 250 in room 106.', 11);
INSERT INTO INVOICE_BILL VALUES('2017-08-07 15:15:00', 850, 6, True);
INSERT INTO MEDICAL_RECORD VALUES('Medical record description 641.', '2017-08-07 15:15:00', 250, 2);
INSERT INTO APPOINTMENT VALUES(251, 470, 1, '2018-10-15 12:45:00', '2018-10-15 13:00:00', 11, 7, None);
INSERT INTO NOTIFICATION VALUES(None, '2018-10-15 12:30:00', 'Upcoming appointment', 'Do not forget that you have appointment 251 in room 470.', 5);
INSERT INTO NOTIFICATION VALUES(None, '2018-10-15 12:30:00', 'Upcoming appointment', 'Do not forget that you have appointment 251 in room 470.', 11);
INSERT INTO INVOICE_BILL VALUES('2018-10-15 13:00:00', 400, 2, False);
INSERT INTO MEDICAL_RECORD VALUES('Medical record description 930.', '2018-10-15 13:00:00', 251, 7);
INSERT INTO APPOINTMENT VALUES(252, 315, 1, '2017-03-31 11:30:00', '2017-03-31 11:45:00', 11, 8, None);
INSERT INTO NOTIFICATION VALUES(None, '2017-03-31 11:15:00', 'Upcoming appointment', 'Do not forget that you have appointment 252 in room 315.', 2);
INSERT INTO NOTIFICATION VALUES(None, '2017-03-31 11:15:00', 'Upcoming appointment', 'Do not forget that you have appointment 252 in room 315.', 11);
INSERT INTO INVOICE_BILL VALUES('2017-03-31 11:45:00', 100, 1, False);
INSERT INTO MEDICAL_RECORD VALUES('Medical record description 754.', '2017-03-31 11:45:00', 252, 8);
INSERT INTO APPOINTMENT VALUES(253, 389, 0, '2016-11-15 15:00:00', '2016-11-15 15:15:00', 11, 9, None);
INSERT INTO NOTIFICATION VALUES(None, '2016-11-15 14:45:00', 'Upcoming appointment', 'Do not forget that you have appointment 253 in room 389.', 8);
INSERT INTO NOTIFICATION VALUES(None, '2016-11-15 14:45:00', 'Upcoming appointment', 'Do not forget that you have appointment 253 in room 389.', 11);
INSERT INTO INVOICE_BILL VALUES('2016-11-15 15:15:00', 700, 4, False);
INSERT INTO MEDICAL_RECORD VALUES('Medical record description 441.', '2016-11-15 15:15:00', 253, 9);
INSERT INTO APPOINTMENT VALUES(254, 138, 1, '2015-12-29 15:45:00', '2015-12-29 16:00:00', 11, 9, None);
INSERT INTO NOTIFICATION VALUES(None, '2015-12-29 15:30:00', 'Upcoming appointment', 'Do not forget that you have appointment 254 in room 138.', 4);
INSERT INTO NOTIFICATION VALUES(None, '2015-12-29 15:30:00', 'Upcoming appointment', 'Do not forget that you have appointment 254 in room 138.', 11);
INSERT INTO INVOICE_BILL VALUES('2015-12-29 16:00:00', 100, 9, False);
INSERT INTO MEDICAL_RECORD VALUES('Medical record description 558.', '2015-12-29 16:00:00', 254, 9);
INSERT INTO APPOINTMENT VALUES(255, 191, 0, '2015-06-02 17:15:00', '2015-06-02 17:30:00', 12, 3, None);
INSERT INTO NOTIFICATION VALUES(None, '2015-06-02 17:00:00', 'Upcoming appointment', 'Do not forget that you have appointment 255 in room 191.', 10);
INSERT INTO NOTIFICATION VALUES(None, '2015-06-02 17:00:00', 'Upcoming appointment', 'Do not forget that you have appointment 255 in room 191.', 12);
INSERT INTO INVOICE_BILL VALUES('2015-06-02 17:30:00', 100, 13, True);
INSERT INTO MEDICAL_RECORD VALUES('Medical record description 181.', '2015-06-02 17:30:00', 255, 3);
INSERT INTO APPOINTMENT VALUES(256, 467, 0, '2016-02-22 16:00:00', '2016-02-22 16:15:00', 12, 3, None);
INSERT INTO NOTIFICATION VALUES(None, '2016-02-22 15:45:00', 'Upcoming appointment', 'Do not forget that you have appointment 256 in room 467.', 5);
INSERT INTO NOTIFICATION VALUES(None, '2016-02-22 15:45:00', 'Upcoming appointment', 'Do not forget that you have appointment 256 in room 467.', 12);
INSERT INTO INVOICE_BILL VALUES('2016-02-22 16:15:00', 750, 13, True);
INSERT INTO MEDICAL_RECORD VALUES('Medical record description 461.', '2016-02-22 16:15:00', 256, 3);
INSERT INTO APPOINTMENT VALUES(257, 189, 0, '2017-03-16 12:15:00', '2017-03-16 12:30:00', 12, 4, None);
INSERT INTO NOTIFICATION VALUES(None, '2017-03-16 12:00:00', 'Upcoming appointment', 'Do not forget that you have appointment 257 in room 189.', 10);
INSERT INTO NOTIFICATION VALUES(None, '2017-03-16 12:00:00', 'Upcoming appointment', 'Do not forget that you have appointment 257 in room 189.', 12);
INSERT INTO INVOICE_BILL VALUES('2017-03-16 12:30:00', 950, 14, False);
INSERT INTO MEDICAL_RECORD VALUES('Medical record description 619.', '2017-03-16 12:30:00', 257, 4);
INSERT INTO APPOINTMENT VALUES(258, 284, 1, '2019-01-17 11:45:00', '2019-01-17 12:00:00', 12, 9, None);
INSERT INTO NOTIFICATION VALUES(None, '2019-01-17 11:30:00', 'Upcoming appointment', 'Do not forget that you have appointment 258 in room 284.', 1);
INSERT INTO NOTIFICATION VALUES(None, '2019-01-17 11:30:00', 'Upcoming appointment', 'Do not forget that you have appointment 258 in room 284.', 12);
INSERT INTO INVOICE_BILL VALUES('2019-01-17 12:00:00', 850, 3, False);
INSERT INTO MEDICAL_RECORD VALUES('Medical record description 280.', '2019-01-17 12:00:00', 258, 9);
INSERT INTO APPOINTMENT VALUES(259, 119, 0, '2017-01-12 13:00:00', '2017-01-12 13:15:00', 12, 2, None);
INSERT INTO NOTIFICATION VALUES(None, '2017-01-12 12:45:00', 'Upcoming appointment', 'Do not forget that you have appointment 259 in room 119.', 9);
INSERT INTO NOTIFICATION VALUES(None, '2017-01-12 12:45:00', 'Upcoming appointment', 'Do not forget that you have appointment 259 in room 119.', 12);
INSERT INTO INVOICE_BILL VALUES('2017-01-12 13:15:00', 350, 14, False);
INSERT INTO MEDICAL_RECORD VALUES('Medical record description 395.', '2017-01-12 13:15:00', 259, 2);
INSERT INTO APPOINTMENT VALUES(260, 488, 1, '2015-12-09 13:15:00', '2015-12-09 13:30:00', 12, 4, None);
INSERT INTO NOTIFICATION VALUES(None, '2015-12-09 13:00:00', 'Upcoming appointment', 'Do not forget that you have appointment 260 in room 488.', 7);
INSERT INTO NOTIFICATION VALUES(None, '2015-12-09 13:00:00', 'Upcoming appointment', 'Do not forget that you have appointment 260 in room 488.', 12);
INSERT INTO INVOICE_BILL VALUES('2015-12-09 13:30:00', 1000, 7, True);
INSERT INTO MEDICAL_RECORD VALUES('Medical record description 686.', '2015-12-09 13:30:00', 260, 4);
INSERT INTO APPOINTMENT VALUES(261, 355, 1, '2014-01-24 15:30:00', '2014-01-24 15:45:00', 12, 1, None);
INSERT INTO NOTIFICATION VALUES(None, '2014-01-24 15:15:00', 'Upcoming appointment', 'Do not forget that you have appointment 261 in room 355.', 7);
INSERT INTO NOTIFICATION VALUES(None, '2014-01-24 15:15:00', 'Upcoming appointment', 'Do not forget that you have appointment 261 in room 355.', 12);
INSERT INTO INVOICE_BILL VALUES('2014-01-24 15:45:00', 950, 4, True);
INSERT INTO MEDICAL_RECORD VALUES('Medical record description 415.', '2014-01-24 15:45:00', 261, 1);
INSERT INTO APPOINTMENT VALUES(262, 127, 0, '2018-03-30 11:15:00', '2018-03-30 11:30:00', 12, 2, None);
INSERT INTO NOTIFICATION VALUES(None, '2018-03-30 11:00:00', 'Upcoming appointment', 'Do not forget that you have appointment 262 in room 127.', 6);
INSERT INTO NOTIFICATION VALUES(None, '2018-03-30 11:00:00', 'Upcoming appointment', 'Do not forget that you have appointment 262 in room 127.', 12);
INSERT INTO INVOICE_BILL VALUES('2018-03-30 11:30:00', 950, 7, True);
INSERT INTO MEDICAL_RECORD VALUES('Medical record description 105.', '2018-03-30 11:30:00', 262, 2);
INSERT INTO APPOINTMENT VALUES(263, 233, 1, '2017-11-24 15:15:00', '2017-11-24 15:30:00', 12, 2, None);
INSERT INTO NOTIFICATION VALUES(None, '2017-11-24 15:00:00', 'Upcoming appointment', 'Do not forget that you have appointment 263 in room 233.', 7);
INSERT INTO NOTIFICATION VALUES(None, '2017-11-24 15:00:00', 'Upcoming appointment', 'Do not forget that you have appointment 263 in room 233.', 12);
INSERT INTO INVOICE_BILL VALUES('2017-11-24 15:30:00', 800, 14, False);
INSERT INTO MEDICAL_RECORD VALUES('Medical record description 206.', '2017-11-24 15:30:00', 263, 2);
INSERT INTO APPOINTMENT VALUES(264, 301, 0, '2019-09-18 11:15:00', '2019-09-18 11:30:00', 12, 5, None);
INSERT INTO NOTIFICATION VALUES(None, '2019-09-18 11:00:00', 'Upcoming appointment', 'Do not forget that you have appointment 264 in room 301.', 3);
INSERT INTO NOTIFICATION VALUES(None, '2019-09-18 11:00:00', 'Upcoming appointment', 'Do not forget that you have appointment 264 in room 301.', 12);
INSERT INTO INVOICE_BILL VALUES('2019-09-18 11:30:00', 50, 3, False);
INSERT INTO MEDICAL_RECORD VALUES('Medical record description 182.', '2019-09-18 11:30:00', 264, 5);
INSERT INTO APPOINTMENT VALUES(265, 236, 1, '2017-12-08 14:00:00', '2017-12-08 14:15:00', 12, 5, None);
INSERT INTO NOTIFICATION VALUES(None, '2017-12-08 13:45:00', 'Upcoming appointment', 'Do not forget that you have appointment 265 in room 236.', 3);
INSERT INTO NOTIFICATION VALUES(None, '2017-12-08 13:45:00', 'Upcoming appointment', 'Do not forget that you have appointment 265 in room 236.', 12);
INSERT INTO INVOICE_BILL VALUES('2017-12-08 14:15:00', 350, 9, True);
INSERT INTO MEDICAL_RECORD VALUES('Medical record description 278.', '2017-12-08 14:15:00', 265, 5);
INSERT INTO APPOINTMENT VALUES(266, 207, 0, '2016-02-16 16:45:00', '2016-02-16 17:00:00', 12, 1, None);
INSERT INTO NOTIFICATION VALUES(None, '2016-02-16 16:30:00', 'Upcoming appointment', 'Do not forget that you have appointment 266 in room 207.', 6);
INSERT INTO NOTIFICATION VALUES(None, '2016-02-16 16:30:00', 'Upcoming appointment', 'Do not forget that you have appointment 266 in room 207.', 12);
INSERT INTO INVOICE_BILL VALUES('2016-02-16 17:00:00', 900, 15, False);
INSERT INTO MEDICAL_RECORD VALUES('Medical record description 398.', '2016-02-16 17:00:00', 266, 1);
INSERT INTO APPOINTMENT VALUES(267, 309, 0, '2018-09-24 13:15:00', '2018-09-24 13:30:00', 12, 8, None);
INSERT INTO NOTIFICATION VALUES(None, '2018-09-24 13:00:00', 'Upcoming appointment', 'Do not forget that you have appointment 267 in room 309.', 2);
INSERT INTO NOTIFICATION VALUES(None, '2018-09-24 13:00:00', 'Upcoming appointment', 'Do not forget that you have appointment 267 in room 309.', 12);
INSERT INTO INVOICE_BILL VALUES('2018-09-24 13:30:00', 250, 10, True);
INSERT INTO MEDICAL_RECORD VALUES('Medical record description 378.', '2018-09-24 13:30:00', 267, 8);
INSERT INTO APPOINTMENT VALUES(268, 352, 1, '2018-03-19 16:30:00', '2018-03-19 16:45:00', 12, 9, None);
INSERT INTO NOTIFICATION VALUES(None, '2018-03-19 16:15:00', 'Upcoming appointment', 'Do not forget that you have appointment 268 in room 352.', 7);
INSERT INTO NOTIFICATION VALUES(None, '2018-03-19 16:15:00', 'Upcoming appointment', 'Do not forget that you have appointment 268 in room 352.', 12);
INSERT INTO INVOICE_BILL VALUES('2018-03-19 16:45:00', 200, 7, True);
INSERT INTO MEDICAL_RECORD VALUES('Medical record description 272.', '2018-03-19 16:45:00', 268, 9);
INSERT INTO APPOINTMENT VALUES(269, 236, 1, '2009-05-18 14:15:00', '2009-05-18 14:30:00', 12, 3, None);
INSERT INTO NOTIFICATION VALUES(None, '2009-05-18 14:00:00', 'Upcoming appointment', 'Do not forget that you have appointment 269 in room 236.', 1);
INSERT INTO NOTIFICATION VALUES(None, '2009-05-18 14:00:00', 'Upcoming appointment', 'Do not forget that you have appointment 269 in room 236.', 12);
INSERT INTO INVOICE_BILL VALUES('2009-05-18 14:30:00', 700, 14, False);
INSERT INTO MEDICAL_RECORD VALUES('Medical record description 269.', '2009-05-18 14:30:00', 269, 3);
INSERT INTO APPOINTMENT VALUES(270, 291, 1, '2012-10-09 13:30:00', '2012-10-09 13:45:00', 12, 1, None);
INSERT INTO NOTIFICATION VALUES(None, '2012-10-09 13:15:00', 'Upcoming appointment', 'Do not forget that you have appointment 270 in room 291.', 10);
INSERT INTO NOTIFICATION VALUES(None, '2012-10-09 13:15:00', 'Upcoming appointment', 'Do not forget that you have appointment 270 in room 291.', 12);
INSERT INTO INVOICE_BILL VALUES('2012-10-09 13:45:00', 150, 4, True);
INSERT INTO MEDICAL_RECORD VALUES('Medical record description 309.', '2012-10-09 13:45:00', 270, 1);
INSERT INTO APPOINTMENT VALUES(271, 187, 0, '2018-12-10 10:30:00', '2018-12-10 10:45:00', 12, 8, None);
INSERT INTO NOTIFICATION VALUES(None, '2018-12-10 10:15:00', 'Upcoming appointment', 'Do not forget that you have appointment 271 in room 187.', 4);
INSERT INTO NOTIFICATION VALUES(None, '2018-12-10 10:15:00', 'Upcoming appointment', 'Do not forget that you have appointment 271 in room 187.', 12);
INSERT INTO INVOICE_BILL VALUES('2018-12-10 10:45:00', 750, 10, True);
INSERT INTO MEDICAL_RECORD VALUES('Medical record description 75.', '2018-12-10 10:45:00', 271, 8);
INSERT INTO APPOINTMENT VALUES(272, 350, 1, '2015-03-10 13:00:00', '2015-03-10 13:15:00', 12, 1, None);
INSERT INTO NOTIFICATION VALUES(None, '2015-03-10 12:45:00', 'Upcoming appointment', 'Do not forget that you have appointment 272 in room 350.', 5);
INSERT INTO NOTIFICATION VALUES(None, '2015-03-10 12:45:00', 'Upcoming appointment', 'Do not forget that you have appointment 272 in room 350.', 12);
INSERT INTO INVOICE_BILL VALUES('2015-03-10 13:15:00', 500, 11, False);
INSERT INTO MEDICAL_RECORD VALUES('Medical record description 662.', '2015-03-10 13:15:00', 272, 1);
INSERT INTO APPOINTMENT VALUES(273, 270, 0, '2012-09-27 12:45:00', '2012-09-27 13:00:00', 12, 1, None);
INSERT INTO NOTIFICATION VALUES(None, '2012-09-27 12:30:00', 'Upcoming appointment', 'Do not forget that you have appointment 273 in room 270.', 10);
INSERT INTO NOTIFICATION VALUES(None, '2012-09-27 12:30:00', 'Upcoming appointment', 'Do not forget that you have appointment 273 in room 270.', 12);
INSERT INTO INVOICE_BILL VALUES('2012-09-27 13:00:00', 600, 3, False);
INSERT INTO MEDICAL_RECORD VALUES('Medical record description 362.', '2012-09-27 13:00:00', 273, 1);
INSERT INTO APPOINTMENT VALUES(274, 125, 0, '2019-04-18 10:30:00', '2019-04-18 10:45:00', 12, 7, None);
INSERT INTO NOTIFICATION VALUES(None, '2019-04-18 10:15:00', 'Upcoming appointment', 'Do not forget that you have appointment 274 in room 125.', 9);
INSERT INTO NOTIFICATION VALUES(None, '2019-04-18 10:15:00', 'Upcoming appointment', 'Do not forget that you have appointment 274 in room 125.', 12);
INSERT INTO INVOICE_BILL VALUES('2019-04-18 10:45:00', 650, 13, True);
INSERT INTO MEDICAL_RECORD VALUES('Medical record description 440.', '2019-04-18 10:45:00', 274, 7);
INSERT INTO APPOINTMENT VALUES(275, 366, 1, '2016-11-15 13:15:00', '2016-11-15 13:30:00', 13, 3, None);
INSERT INTO NOTIFICATION VALUES(None, '2016-11-15 13:00:00', 'Upcoming appointment', 'Do not forget that you have appointment 275 in room 366.', 5);
INSERT INTO NOTIFICATION VALUES(None, '2016-11-15 13:00:00', 'Upcoming appointment', 'Do not forget that you have appointment 275 in room 366.', 13);
INSERT INTO INVOICE_BILL VALUES('2016-11-15 13:30:00', 550, 10, True);
INSERT INTO MEDICAL_RECORD VALUES('Medical record description 509.', '2016-11-15 13:30:00', 275, 3);
INSERT INTO APPOINTMENT VALUES(276, 175, 0, '2018-08-13 15:30:00', '2018-08-13 15:45:00', 13, 1, None);
INSERT INTO NOTIFICATION VALUES(None, '2018-08-13 15:15:00', 'Upcoming appointment', 'Do not forget that you have appointment 276 in room 175.', 9);
INSERT INTO NOTIFICATION VALUES(None, '2018-08-13 15:15:00', 'Upcoming appointment', 'Do not forget that you have appointment 276 in room 175.', 13);
INSERT INTO INVOICE_BILL VALUES('2018-08-13 15:45:00', 650, 3, True);
INSERT INTO MEDICAL_RECORD VALUES('Medical record description 577.', '2018-08-13 15:45:00', 276, 1);
INSERT INTO APPOINTMENT VALUES(277, 489, 1, '2015-12-24 12:15:00', '2015-12-24 12:30:00', 13, 3, None);
INSERT INTO NOTIFICATION VALUES(None, '2015-12-24 12:00:00', 'Upcoming appointment', 'Do not forget that you have appointment 277 in room 489.', 9);
INSERT INTO NOTIFICATION VALUES(None, '2015-12-24 12:00:00', 'Upcoming appointment', 'Do not forget that you have appointment 277 in room 489.', 13);
INSERT INTO INVOICE_BILL VALUES('2015-12-24 12:30:00', 350, 8, True);
INSERT INTO MEDICAL_RECORD VALUES('Medical record description 387.', '2015-12-24 12:30:00', 277, 3);
INSERT INTO APPOINTMENT VALUES(278, 182, 1, '2016-07-26 13:15:00', '2016-07-26 13:30:00', 13, 1, None);
INSERT INTO NOTIFICATION VALUES(None, '2016-07-26 13:00:00', 'Upcoming appointment', 'Do not forget that you have appointment 278 in room 182.', 1);
INSERT INTO NOTIFICATION VALUES(None, '2016-07-26 13:00:00', 'Upcoming appointment', 'Do not forget that you have appointment 278 in room 182.', 13);
INSERT INTO INVOICE_BILL VALUES('2016-07-26 13:30:00', 800, 11, True);
INSERT INTO MEDICAL_RECORD VALUES('Medical record description 83.', '2016-07-26 13:30:00', 278, 1);
INSERT INTO APPOINTMENT VALUES(279, 270, 0, '2015-04-09 13:30:00', '2015-04-09 13:45:00', 13, 2, None);
INSERT INTO NOTIFICATION VALUES(None, '2015-04-09 13:15:00', 'Upcoming appointment', 'Do not forget that you have appointment 279 in room 270.', 5);
INSERT INTO NOTIFICATION VALUES(None, '2015-04-09 13:15:00', 'Upcoming appointment', 'Do not forget that you have appointment 279 in room 270.', 13);
INSERT INTO INVOICE_BILL VALUES('2015-04-09 13:45:00', 350, 13, True);
INSERT INTO MEDICAL_RECORD VALUES('Medical record description 220.', '2015-04-09 13:45:00', 279, 2);
INSERT INTO APPOINTMENT VALUES(280, 209, 1, '2016-09-21 11:00:00', '2016-09-21 11:15:00', 13, 1, None);
INSERT INTO NOTIFICATION VALUES(None, '2016-09-21 10:45:00', 'Upcoming appointment', 'Do not forget that you have appointment 280 in room 209.', 4);
INSERT INTO NOTIFICATION VALUES(None, '2016-09-21 10:45:00', 'Upcoming appointment', 'Do not forget that you have appointment 280 in room 209.', 13);
INSERT INTO INVOICE_BILL VALUES('2016-09-21 11:15:00', 400, 8, True);
INSERT INTO MEDICAL_RECORD VALUES('Medical record description 523.', '2016-09-21 11:15:00', 280, 1);
INSERT INTO APPOINTMENT VALUES(281, 123, 0, '2016-06-03 17:15:00', '2016-06-03 17:30:00', 13, 4, None);
INSERT INTO NOTIFICATION VALUES(None, '2016-06-03 17:00:00', 'Upcoming appointment', 'Do not forget that you have appointment 281 in room 123.', 1);
INSERT INTO NOTIFICATION VALUES(None, '2016-06-03 17:00:00', 'Upcoming appointment', 'Do not forget that you have appointment 281 in room 123.', 13);
INSERT INTO INVOICE_BILL VALUES('2016-06-03 17:30:00', 250, 8, False);
INSERT INTO MEDICAL_RECORD VALUES('Medical record description 340.', '2016-06-03 17:30:00', 281, 4);
INSERT INTO APPOINTMENT VALUES(282, 207, 0, '2019-01-21 15:45:00', '2019-01-21 16:00:00', 13, 4, None);
INSERT INTO NOTIFICATION VALUES(None, '2019-01-21 15:30:00', 'Upcoming appointment', 'Do not forget that you have appointment 282 in room 207.', 7);
INSERT INTO NOTIFICATION VALUES(None, '2019-01-21 15:30:00', 'Upcoming appointment', 'Do not forget that you have appointment 282 in room 207.', 13);
INSERT INTO INVOICE_BILL VALUES('2019-01-21 16:00:00', 450, 6, False);
INSERT INTO MEDICAL_RECORD VALUES('Medical record description 55.', '2019-01-21 16:00:00', 282, 4);
INSERT INTO APPOINTMENT VALUES(283, 389, 0, '2018-05-22 10:00:00', '2018-05-22 10:15:00', 13, 10, None);
INSERT INTO NOTIFICATION VALUES(None, '2018-05-22 09:45:00', 'Upcoming appointment', 'Do not forget that you have appointment 283 in room 389.', 6);
INSERT INTO NOTIFICATION VALUES(None, '2018-05-22 09:45:00', 'Upcoming appointment', 'Do not forget that you have appointment 283 in room 389.', 13);
INSERT INTO INVOICE_BILL VALUES('2018-05-22 10:15:00', 100, 7, True);
INSERT INTO MEDICAL_RECORD VALUES('Medical record description 409.', '2018-05-22 10:15:00', 283, 10);
INSERT INTO APPOINTMENT VALUES(284, 356, 0, '2013-09-05 17:30:00', '2013-09-05 17:45:00', 13, 3, None);
INSERT INTO NOTIFICATION VALUES(None, '2013-09-05 17:15:00', 'Upcoming appointment', 'Do not forget that you have appointment 284 in room 356.', 7);
INSERT INTO NOTIFICATION VALUES(None, '2013-09-05 17:15:00', 'Upcoming appointment', 'Do not forget that you have appointment 284 in room 356.', 13);
INSERT INTO INVOICE_BILL VALUES('2013-09-05 17:45:00', 650, 9, False);
INSERT INTO MEDICAL_RECORD VALUES('Medical record description 134.', '2013-09-05 17:45:00', 284, 3);
INSERT INTO APPOINTMENT VALUES(285, 463, 0, '2017-12-22 13:30:00', '2017-12-22 13:45:00', 13, 10, None);
INSERT INTO NOTIFICATION VALUES(None, '2017-12-22 13:15:00', 'Upcoming appointment', 'Do not forget that you have appointment 285 in room 463.', 5);
INSERT INTO NOTIFICATION VALUES(None, '2017-12-22 13:15:00', 'Upcoming appointment', 'Do not forget that you have appointment 285 in room 463.', 13);
INSERT INTO INVOICE_BILL VALUES('2017-12-22 13:45:00', 700, 5, True);
INSERT INTO MEDICAL_RECORD VALUES('Medical record description 563.', '2017-12-22 13:45:00', 285, 10);
INSERT INTO APPOINTMENT VALUES(286, 252, 0, '2017-10-05 12:45:00', '2017-10-05 13:00:00', 13, 10, None);
INSERT INTO NOTIFICATION VALUES(None, '2017-10-05 12:30:00', 'Upcoming appointment', 'Do not forget that you have appointment 286 in room 252.', 6);
INSERT INTO NOTIFICATION VALUES(None, '2017-10-05 12:30:00', 'Upcoming appointment', 'Do not forget that you have appointment 286 in room 252.', 13);
INSERT INTO INVOICE_BILL VALUES('2017-10-05 13:00:00', 450, 8, False);
INSERT INTO MEDICAL_RECORD VALUES('Medical record description 446.', '2017-10-05 13:00:00', 286, 10);
INSERT INTO APPOINTMENT VALUES(287, 177, 0, '2018-01-15 14:45:00', '2018-01-15 15:00:00', 13, 7, None);
INSERT INTO NOTIFICATION VALUES(None, '2018-01-15 14:30:00', 'Upcoming appointment', 'Do not forget that you have appointment 287 in room 177.', 6);
INSERT INTO NOTIFICATION VALUES(None, '2018-01-15 14:30:00', 'Upcoming appointment', 'Do not forget that you have appointment 287 in room 177.', 13);
INSERT INTO INVOICE_BILL VALUES('2018-01-15 15:00:00', 650, 4, False);
INSERT INTO MEDICAL_RECORD VALUES('Medical record description 900.', '2018-01-15 15:00:00', 287, 7);
INSERT INTO APPOINTMENT VALUES(288, 108, 1, '2013-08-27 16:15:00', '2013-08-27 16:30:00', 13, 1, None);
INSERT INTO NOTIFICATION VALUES(None, '2013-08-27 16:00:00', 'Upcoming appointment', 'Do not forget that you have appointment 288 in room 108.', 7);
INSERT INTO NOTIFICATION VALUES(None, '2013-08-27 16:00:00', 'Upcoming appointment', 'Do not forget that you have appointment 288 in room 108.', 13);
INSERT INTO INVOICE_BILL VALUES('2013-08-27 16:30:00', 650, 5, True);
INSERT INTO MEDICAL_RECORD VALUES('Medical record description 769.', '2013-08-27 16:30:00', 288, 1);
INSERT INTO APPOINTMENT VALUES(289, 365, 0, '2019-10-28 11:15:00', '2019-10-28 11:30:00', 13, 10, None);
INSERT INTO NOTIFICATION VALUES(None, '2019-10-28 11:00:00', 'Upcoming appointment', 'Do not forget that you have appointment 289 in room 365.', 7);
INSERT INTO NOTIFICATION VALUES(None, '2019-10-28 11:00:00', 'Upcoming appointment', 'Do not forget that you have appointment 289 in room 365.', 13);
INSERT INTO INVOICE_BILL VALUES('2019-10-28 11:30:00', 400, 12, False);
INSERT INTO MEDICAL_RECORD VALUES('Medical record description 244.', '2019-10-28 11:30:00', 289, 10);
INSERT INTO APPOINTMENT VALUES(290, 134, 1, '2018-06-06 14:45:00', '2018-06-06 15:00:00', 13, 10, None);
INSERT INTO NOTIFICATION VALUES(None, '2018-06-06 14:30:00', 'Upcoming appointment', 'Do not forget that you have appointment 290 in room 134.', 9);
INSERT INTO NOTIFICATION VALUES(None, '2018-06-06 14:30:00', 'Upcoming appointment', 'Do not forget that you have appointment 290 in room 134.', 13);
INSERT INTO INVOICE_BILL VALUES('2018-06-06 15:00:00', 350, 1, False);
INSERT INTO MEDICAL_RECORD VALUES('Medical record description 497.', '2018-06-06 15:00:00', 290, 10);
INSERT INTO APPOINTMENT VALUES(291, 132, 1, '2012-12-20 17:45:00', '2012-12-20 18:00:00', 13, 3, None);
INSERT INTO NOTIFICATION VALUES(None, '2012-12-20 17:30:00', 'Upcoming appointment', 'Do not forget that you have appointment 291 in room 132.', 10);
INSERT INTO NOTIFICATION VALUES(None, '2012-12-20 17:30:00', 'Upcoming appointment', 'Do not forget that you have appointment 291 in room 132.', 13);
INSERT INTO INVOICE_BILL VALUES('2012-12-20 18:00:00', 600, 6, True);
INSERT INTO MEDICAL_RECORD VALUES('Medical record description 551.', '2012-12-20 18:00:00', 291, 3);
INSERT INTO APPOINTMENT VALUES(292, 415, 0, '2019-05-21 10:15:00', '2019-05-21 10:30:00', 13, 1, None);
INSERT INTO NOTIFICATION VALUES(None, '2019-05-21 10:00:00', 'Upcoming appointment', 'Do not forget that you have appointment 292 in room 415.', 5);
INSERT INTO NOTIFICATION VALUES(None, '2019-05-21 10:00:00', 'Upcoming appointment', 'Do not forget that you have appointment 292 in room 415.', 13);
INSERT INTO INVOICE_BILL VALUES('2019-05-21 10:30:00', 750, 7, False);
INSERT INTO MEDICAL_RECORD VALUES('Medical record description 298.', '2019-05-21 10:30:00', 292, 1);
INSERT INTO APPOINTMENT VALUES(293, 447, 1, '2017-12-20 13:45:00', '2017-12-20 14:00:00', 13, 3, None);
INSERT INTO NOTIFICATION VALUES(None, '2017-12-20 13:30:00', 'Upcoming appointment', 'Do not forget that you have appointment 293 in room 447.', 9);
INSERT INTO NOTIFICATION VALUES(None, '2017-12-20 13:30:00', 'Upcoming appointment', 'Do not forget that you have appointment 293 in room 447.', 13);
INSERT INTO INVOICE_BILL VALUES('2017-12-20 14:00:00', 400, 3, True);
INSERT INTO MEDICAL_RECORD VALUES('Medical record description 243.', '2017-12-20 14:00:00', 293, 3);
INSERT INTO APPOINTMENT VALUES(294, 307, 0, '2018-04-17 10:45:00', '2018-04-17 11:00:00', 13, 5, None);
INSERT INTO NOTIFICATION VALUES(None, '2018-04-17 10:30:00', 'Upcoming appointment', 'Do not forget that you have appointment 294 in room 307.', 6);
INSERT INTO NOTIFICATION VALUES(None, '2018-04-17 10:30:00', 'Upcoming appointment', 'Do not forget that you have appointment 294 in room 307.', 13);
INSERT INTO INVOICE_BILL VALUES('2018-04-17 11:00:00', 650, 4, False);
INSERT INTO MEDICAL_RECORD VALUES('Medical record description 84.', '2018-04-17 11:00:00', 294, 5);
INSERT INTO APPOINTMENT VALUES(295, 443, 0, '2009-07-08 10:30:00', '2009-07-08 10:45:00', 14, 3, None);
INSERT INTO NOTIFICATION VALUES(None, '2009-07-08 10:15:00', 'Upcoming appointment', 'Do not forget that you have appointment 295 in room 443.', 1);
INSERT INTO NOTIFICATION VALUES(None, '2009-07-08 10:15:00', 'Upcoming appointment', 'Do not forget that you have appointment 295 in room 443.', 14);
INSERT INTO INVOICE_BILL VALUES('2009-07-08 10:45:00', 600, 14, False);
INSERT INTO MEDICAL_RECORD VALUES('Medical record description 232.', '2009-07-08 10:45:00', 295, 3);
INSERT INTO APPOINTMENT VALUES(296, 225, 0, '2016-12-21 14:00:00', '2016-12-21 14:15:00', 14, 4, None);
INSERT INTO NOTIFICATION VALUES(None, '2016-12-21 13:45:00', 'Upcoming appointment', 'Do not forget that you have appointment 296 in room 225.', 4);
INSERT INTO NOTIFICATION VALUES(None, '2016-12-21 13:45:00', 'Upcoming appointment', 'Do not forget that you have appointment 296 in room 225.', 14);
INSERT INTO INVOICE_BILL VALUES('2016-12-21 14:15:00', 250, 3, True);
INSERT INTO MEDICAL_RECORD VALUES('Medical record description 213.', '2016-12-21 14:15:00', 296, 4);
INSERT INTO APPOINTMENT VALUES(297, 232, 1, '2018-06-18 11:00:00', '2018-06-18 11:15:00', 14, 1, None);
INSERT INTO NOTIFICATION VALUES(None, '2018-06-18 10:45:00', 'Upcoming appointment', 'Do not forget that you have appointment 297 in room 232.', 7);
INSERT INTO NOTIFICATION VALUES(None, '2018-06-18 10:45:00', 'Upcoming appointment', 'Do not forget that you have appointment 297 in room 232.', 14);
INSERT INTO INVOICE_BILL VALUES('2018-06-18 11:15:00', 200, 8, False);
INSERT INTO MEDICAL_RECORD VALUES('Medical record description 73.', '2018-06-18 11:15:00', 297, 1);
INSERT INTO APPOINTMENT VALUES(298, 224, 0, '2016-07-19 15:00:00', '2016-07-19 15:15:00', 14, 1, None);
INSERT INTO NOTIFICATION VALUES(None, '2016-07-19 14:45:00', 'Upcoming appointment', 'Do not forget that you have appointment 298 in room 224.', 2);
INSERT INTO NOTIFICATION VALUES(None, '2016-07-19 14:45:00', 'Upcoming appointment', 'Do not forget that you have appointment 298 in room 224.', 14);
INSERT INTO INVOICE_BILL VALUES('2016-07-19 15:15:00', 400, 10, False);
INSERT INTO MEDICAL_RECORD VALUES('Medical record description 972.', '2016-07-19 15:15:00', 298, 1);
INSERT INTO APPOINTMENT VALUES(299, 276, 1, '2016-11-15 14:30:00', '2016-11-15 14:45:00', 14, 2, None);
INSERT INTO NOTIFICATION VALUES(None, '2016-11-15 14:15:00', 'Upcoming appointment', 'Do not forget that you have appointment 299 in room 276.', 4);
INSERT INTO NOTIFICATION VALUES(None, '2016-11-15 14:15:00', 'Upcoming appointment', 'Do not forget that you have appointment 299 in room 276.', 14);
INSERT INTO INVOICE_BILL VALUES('2016-11-15 14:45:00', 700, 7, True);
INSERT INTO MEDICAL_RECORD VALUES('Medical record description 988.', '2016-11-15 14:45:00', 299, 2);
INSERT INTO APPOINTMENT VALUES(300, 336, 1, '2018-03-29 11:00:00', '2018-03-29 11:15:00', 14, 6, None);
INSERT INTO NOTIFICATION VALUES(None, '2018-03-29 10:45:00', 'Upcoming appointment', 'Do not forget that you have appointment 300 in room 336.', 9);
INSERT INTO NOTIFICATION VALUES(None, '2018-03-29 10:45:00', 'Upcoming appointment', 'Do not forget that you have appointment 300 in room 336.', 14);
INSERT INTO INVOICE_BILL VALUES('2018-03-29 11:15:00', 100, 15, True);
INSERT INTO MEDICAL_RECORD VALUES('Medical record description 137.', '2018-03-29 11:15:00', 300, 6);
INSERT INTO APPOINTMENT VALUES(301, 175, 1, '2018-05-01 16:45:00', '2018-05-01 17:00:00', 14, 5, None);
INSERT INTO NOTIFICATION VALUES(None, '2018-05-01 16:30:00', 'Upcoming appointment', 'Do not forget that you have appointment 301 in room 175.', 7);
INSERT INTO NOTIFICATION VALUES(None, '2018-05-01 16:30:00', 'Upcoming appointment', 'Do not forget that you have appointment 301 in room 175.', 14);
INSERT INTO INVOICE_BILL VALUES('2018-05-01 17:00:00', 950, 8, True);
INSERT INTO MEDICAL_RECORD VALUES('Medical record description 761.', '2018-05-01 17:00:00', 301, 5);
INSERT INTO APPOINTMENT VALUES(302, 434, 0, '2016-08-17 17:00:00', '2016-08-17 17:15:00', 14, 1, None);
INSERT INTO NOTIFICATION VALUES(None, '2016-08-17 16:45:00', 'Upcoming appointment', 'Do not forget that you have appointment 302 in room 434.', 4);
INSERT INTO NOTIFICATION VALUES(None, '2016-08-17 16:45:00', 'Upcoming appointment', 'Do not forget that you have appointment 302 in room 434.', 14);
INSERT INTO INVOICE_BILL VALUES('2016-08-17 17:15:00', 400, 11, True);
INSERT INTO MEDICAL_RECORD VALUES('Medical record description 303.', '2016-08-17 17:15:00', 302, 1);
INSERT INTO APPOINTMENT VALUES(303, 442, 0, '2019-08-13 15:15:00', '2019-08-13 15:30:00', 14, 1, None);
INSERT INTO NOTIFICATION VALUES(None, '2019-08-13 15:00:00', 'Upcoming appointment', 'Do not forget that you have appointment 303 in room 442.', 3);
INSERT INTO NOTIFICATION VALUES(None, '2019-08-13 15:00:00', 'Upcoming appointment', 'Do not forget that you have appointment 303 in room 442.', 14);
INSERT INTO INVOICE_BILL VALUES('2019-08-13 15:30:00', 250, 13, True);
INSERT INTO MEDICAL_RECORD VALUES('Medical record description 68.', '2019-08-13 15:30:00', 303, 1);
INSERT INTO APPOINTMENT VALUES(304, 437, 1, '2019-02-27 15:45:00', '2019-02-27 16:00:00', 14, 1, None);
INSERT INTO NOTIFICATION VALUES(None, '2019-02-27 15:30:00', 'Upcoming appointment', 'Do not forget that you have appointment 304 in room 437.', 4);
INSERT INTO NOTIFICATION VALUES(None, '2019-02-27 15:30:00', 'Upcoming appointment', 'Do not forget that you have appointment 304 in room 437.', 14);
INSERT INTO INVOICE_BILL VALUES('2019-02-27 16:00:00', 1000, 11, False);
INSERT INTO MEDICAL_RECORD VALUES('Medical record description 258.', '2019-02-27 16:00:00', 304, 1);
INSERT INTO APPOINTMENT VALUES(305, 496, 1, '2009-06-18 12:45:00', '2009-06-18 13:00:00', 14, 3, None);
INSERT INTO NOTIFICATION VALUES(None, '2009-06-18 12:30:00', 'Upcoming appointment', 'Do not forget that you have appointment 305 in room 496.', 3);
INSERT INTO NOTIFICATION VALUES(None, '2009-06-18 12:30:00', 'Upcoming appointment', 'Do not forget that you have appointment 305 in room 496.', 14);
INSERT INTO INVOICE_BILL VALUES('2009-06-18 13:00:00', 750, 5, True);
INSERT INTO MEDICAL_RECORD VALUES('Medical record description 343.', '2009-06-18 13:00:00', 305, 3);
INSERT INTO APPOINTMENT VALUES(306, 473, 0, '2016-05-25 14:45:00', '2016-05-25 15:00:00', 14, 2, None);
INSERT INTO NOTIFICATION VALUES(None, '2016-05-25 14:30:00', 'Upcoming appointment', 'Do not forget that you have appointment 306 in room 473.', 10);
INSERT INTO NOTIFICATION VALUES(None, '2016-05-25 14:30:00', 'Upcoming appointment', 'Do not forget that you have appointment 306 in room 473.', 14);
INSERT INTO INVOICE_BILL VALUES('2016-05-25 15:00:00', 600, 1, False);
INSERT INTO MEDICAL_RECORD VALUES('Medical record description 655.', '2016-05-25 15:00:00', 306, 2);
INSERT INTO APPOINTMENT VALUES(307, 270, 0, '2016-03-16 16:30:00', '2016-03-16 16:45:00', 14, 6, None);
INSERT INTO NOTIFICATION VALUES(None, '2016-03-16 16:15:00', 'Upcoming appointment', 'Do not forget that you have appointment 307 in room 270.', 9);
INSERT INTO NOTIFICATION VALUES(None, '2016-03-16 16:15:00', 'Upcoming appointment', 'Do not forget that you have appointment 307 in room 270.', 14);
INSERT INTO INVOICE_BILL VALUES('2016-03-16 16:45:00', 350, 11, False);
INSERT INTO MEDICAL_RECORD VALUES('Medical record description 586.', '2016-03-16 16:45:00', 307, 6);
INSERT INTO APPOINTMENT VALUES(308, 397, 1, '2016-07-28 12:00:00', '2016-07-28 12:15:00', 14, 9, None);
INSERT INTO NOTIFICATION VALUES(None, '2016-07-28 11:45:00', 'Upcoming appointment', 'Do not forget that you have appointment 308 in room 397.', 6);
INSERT INTO NOTIFICATION VALUES(None, '2016-07-28 11:45:00', 'Upcoming appointment', 'Do not forget that you have appointment 308 in room 397.', 14);
INSERT INTO INVOICE_BILL VALUES('2016-07-28 12:15:00', 700, 3, False);
INSERT INTO MEDICAL_RECORD VALUES('Medical record description 267.', '2016-07-28 12:15:00', 308, 9);
INSERT INTO APPOINTMENT VALUES(309, 103, 0, '2017-11-28 13:45:00', '2017-11-28 14:00:00', 15, 10, None);
INSERT INTO NOTIFICATION VALUES(None, '2017-11-28 13:30:00', 'Upcoming appointment', 'Do not forget that you have appointment 309 in room 103.', 6);
INSERT INTO NOTIFICATION VALUES(None, '2017-11-28 13:30:00', 'Upcoming appointment', 'Do not forget that you have appointment 309 in room 103.', 15);
INSERT INTO INVOICE_BILL VALUES('2017-11-28 14:00:00', 950, 4, True);
INSERT INTO MEDICAL_RECORD VALUES('Medical record description 59.', '2017-11-28 14:00:00', 309, 10);
INSERT INTO APPOINTMENT VALUES(310, 413, 0, '2017-05-05 10:30:00', '2017-05-05 10:45:00', 15, 1, None);
INSERT INTO NOTIFICATION VALUES(None, '2017-05-05 10:15:00', 'Upcoming appointment', 'Do not forget that you have appointment 310 in room 413.', 4);
INSERT INTO NOTIFICATION VALUES(None, '2017-05-05 10:15:00', 'Upcoming appointment', 'Do not forget that you have appointment 310 in room 413.', 15);
INSERT INTO INVOICE_BILL VALUES('2017-05-05 10:45:00', 500, 2, True);
INSERT INTO MEDICAL_RECORD VALUES('Medical record description 314.', '2017-05-05 10:45:00', 310, 1);
INSERT INTO APPOINTMENT VALUES(311, 431, 1, '2019-03-11 16:45:00', '2019-03-11 17:00:00', 15, 7, None);
INSERT INTO NOTIFICATION VALUES(None, '2019-03-11 16:30:00', 'Upcoming appointment', 'Do not forget that you have appointment 311 in room 431.', 9);
INSERT INTO NOTIFICATION VALUES(None, '2019-03-11 16:30:00', 'Upcoming appointment', 'Do not forget that you have appointment 311 in room 431.', 15);
INSERT INTO INVOICE_BILL VALUES('2019-03-11 17:00:00', 850, 10, False);
INSERT INTO MEDICAL_RECORD VALUES('Medical record description 490.', '2019-03-11 17:00:00', 311, 7);
INSERT INTO APPOINTMENT VALUES(312, 356, 1, '2015-02-23 12:30:00', '2015-02-23 12:45:00', 15, 3, None);
INSERT INTO NOTIFICATION VALUES(None, '2015-02-23 12:15:00', 'Upcoming appointment', 'Do not forget that you have appointment 312 in room 356.', 6);
INSERT INTO NOTIFICATION VALUES(None, '2015-02-23 12:15:00', 'Upcoming appointment', 'Do not forget that you have appointment 312 in room 356.', 15);
INSERT INTO INVOICE_BILL VALUES('2015-02-23 12:45:00', 150, 5, False);
INSERT INTO MEDICAL_RECORD VALUES('Medical record description 819.', '2015-02-23 12:45:00', 312, 3);
INSERT INTO APPOINTMENT VALUES(313, 443, 1, '2014-04-03 16:45:00', '2014-04-03 17:00:00', 15, 1, None);
INSERT INTO NOTIFICATION VALUES(None, '2014-04-03 16:30:00', 'Upcoming appointment', 'Do not forget that you have appointment 313 in room 443.', 4);
INSERT INTO NOTIFICATION VALUES(None, '2014-04-03 16:30:00', 'Upcoming appointment', 'Do not forget that you have appointment 313 in room 443.', 15);
INSERT INTO INVOICE_BILL VALUES('2014-04-03 17:00:00', 300, 4, False);
INSERT INTO MEDICAL_RECORD VALUES('Medical record description 58.', '2014-04-03 17:00:00', 313, 1);
INSERT INTO APPOINTMENT VALUES(314, 448, 0, '2019-09-04 13:00:00', '2019-09-04 13:15:00', 15, 3, None);
INSERT INTO NOTIFICATION VALUES(None, '2019-09-04 12:45:00', 'Upcoming appointment', 'Do not forget that you have appointment 314 in room 448.', 9);
INSERT INTO NOTIFICATION VALUES(None, '2019-09-04 12:45:00', 'Upcoming appointment', 'Do not forget that you have appointment 314 in room 448.', 15);
INSERT INTO INVOICE_BILL VALUES('2019-09-04 13:15:00', 600, 15, False);
INSERT INTO MEDICAL_RECORD VALUES('Medical record description 335.', '2019-09-04 13:15:00', 314, 3);
INSERT INTO APPOINTMENT VALUES(315, 381, 0, '2017-06-14 12:15:00', '2017-06-14 12:30:00', 15, 1, None);
INSERT INTO NOTIFICATION VALUES(None, '2017-06-14 12:00:00', 'Upcoming appointment', 'Do not forget that you have appointment 315 in room 381.', 4);
INSERT INTO NOTIFICATION VALUES(None, '2017-06-14 12:00:00', 'Upcoming appointment', 'Do not forget that you have appointment 315 in room 381.', 15);
INSERT INTO INVOICE_BILL VALUES('2017-06-14 12:30:00', 400, 3, True);
INSERT INTO MEDICAL_RECORD VALUES('Medical record description 994.', '2017-06-14 12:30:00', 315, 1);
INSERT INTO APPOINTMENT VALUES(316, 469, 1, '2016-07-25 12:45:00', '2016-07-25 13:00:00', 15, 3, None);
INSERT INTO NOTIFICATION VALUES(None, '2016-07-25 12:30:00', 'Upcoming appointment', 'Do not forget that you have appointment 316 in room 469.', 5);
INSERT INTO NOTIFICATION VALUES(None, '2016-07-25 12:30:00', 'Upcoming appointment', 'Do not forget that you have appointment 316 in room 469.', 15);
INSERT INTO INVOICE_BILL VALUES('2016-07-25 13:00:00', 350, 2, True);
INSERT INTO MEDICAL_RECORD VALUES('Medical record description 363.', '2016-07-25 13:00:00', 316, 3);
INSERT INTO APPOINTMENT VALUES(317, 289, 1, '2017-04-12 15:45:00', '2017-04-12 16:00:00', 15, 4, None);
INSERT INTO NOTIFICATION VALUES(None, '2017-04-12 15:30:00', 'Upcoming appointment', 'Do not forget that you have appointment 317 in room 289.', 10);
INSERT INTO NOTIFICATION VALUES(None, '2017-04-12 15:30:00', 'Upcoming appointment', 'Do not forget that you have appointment 317 in room 289.', 15);
INSERT INTO INVOICE_BILL VALUES('2017-04-12 16:00:00', 700, 14, False);
INSERT INTO MEDICAL_RECORD VALUES('Medical record description 175.', '2017-04-12 16:00:00', 317, 4);
INSERT INTO APPOINTMENT VALUES(318, 333, 0, '2017-03-29 17:15:00', '2017-03-29 17:30:00', 15, 10, None);
INSERT INTO NOTIFICATION VALUES(None, '2017-03-29 17:00:00', 'Upcoming appointment', 'Do not forget that you have appointment 318 in room 333.', 8);
INSERT INTO NOTIFICATION VALUES(None, '2017-03-29 17:00:00', 'Upcoming appointment', 'Do not forget that you have appointment 318 in room 333.', 15);
INSERT INTO INVOICE_BILL VALUES('2017-03-29 17:30:00', 650, 7, False);
INSERT INTO MEDICAL_RECORD VALUES('Medical record description 941.', '2017-03-29 17:30:00', 318, 10);
INSERT INTO APPOINTMENT VALUES(319, 261, 0, '2015-10-13 15:30:00', '2015-10-13 15:45:00', 15, 1, None);
INSERT INTO NOTIFICATION VALUES(None, '2015-10-13 15:15:00', 'Upcoming appointment', 'Do not forget that you have appointment 319 in room 261.', 2);
INSERT INTO NOTIFICATION VALUES(None, '2015-10-13 15:15:00', 'Upcoming appointment', 'Do not forget that you have appointment 319 in room 261.', 15);
INSERT INTO INVOICE_BILL VALUES('2015-10-13 15:45:00', 650, 6, True);
INSERT INTO MEDICAL_RECORD VALUES('Medical record description 944.', '2015-10-13 15:45:00', 319, 1);
INSERT INTO APPOINTMENT VALUES(320, 429, 0, '2017-10-04 15:00:00', '2017-10-04 15:15:00', 15, 1, None);
INSERT INTO NOTIFICATION VALUES(None, '2017-10-04 14:45:00', 'Upcoming appointment', 'Do not forget that you have appointment 320 in room 429.', 7);
INSERT INTO NOTIFICATION VALUES(None, '2017-10-04 14:45:00', 'Upcoming appointment', 'Do not forget that you have appointment 320 in room 429.', 15);
INSERT INTO INVOICE_BILL VALUES('2017-10-04 15:15:00', 50, 9, True);
INSERT INTO MEDICAL_RECORD VALUES('Medical record description 615.', '2017-10-04 15:15:00', 320, 1);
INSERT INTO APPOINTMENT VALUES(321, 234, 1, '2016-10-03 17:30:00', '2016-10-03 17:45:00', 15, 6, None);
INSERT INTO NOTIFICATION VALUES(None, '2016-10-03 17:15:00', 'Upcoming appointment', 'Do not forget that you have appointment 321 in room 234.', 1);
INSERT INTO NOTIFICATION VALUES(None, '2016-10-03 17:15:00', 'Upcoming appointment', 'Do not forget that you have appointment 321 in room 234.', 15);
INSERT INTO INVOICE_BILL VALUES('2016-10-03 17:45:00', 750, 1, True);
INSERT INTO MEDICAL_RECORD VALUES('Medical record description 423.', '2016-10-03 17:45:00', 321, 6);
INSERT INTO APPOINTMENT VALUES(322, 277, 1, '2019-10-29 15:30:00', '2019-10-29 15:45:00', 15, 7, None);
INSERT INTO NOTIFICATION VALUES(None, '2019-10-29 15:15:00', 'Upcoming appointment', 'Do not forget that you have appointment 322 in room 277.', 7);
INSERT INTO NOTIFICATION VALUES(None, '2019-10-29 15:15:00', 'Upcoming appointment', 'Do not forget that you have appointment 322 in room 277.', 15);
INSERT INTO INVOICE_BILL VALUES('2019-10-29 15:45:00', 350, 10, False);
INSERT INTO MEDICAL_RECORD VALUES('Medical record description 796.', '2019-10-29 15:45:00', 322, 7);
INSERT INTO APPOINTMENT VALUES(323, 381, 0, '2016-04-19 14:00:00', '2016-04-19 14:15:00', 15, 2, None);
INSERT INTO NOTIFICATION VALUES(None, '2016-04-19 13:45:00', 'Upcoming appointment', 'Do not forget that you have appointment 323 in room 381.', 4);
INSERT INTO NOTIFICATION VALUES(None, '2016-04-19 13:45:00', 'Upcoming appointment', 'Do not forget that you have appointment 323 in room 381.', 15);
INSERT INTO INVOICE_BILL VALUES('2016-04-19 14:15:00', 800, 12, False);
INSERT INTO MEDICAL_RECORD VALUES('Medical record description 809.', '2016-04-19 14:15:00', 323, 2);
INSERT INTO APPOINTMENT VALUES(324, 262, 0, '2017-03-03 15:15:00', '2017-03-03 15:30:00', 15, 9, None);
INSERT INTO NOTIFICATION VALUES(None, '2017-03-03 15:00:00', 'Upcoming appointment', 'Do not forget that you have appointment 324 in room 262.', 1);
INSERT INTO NOTIFICATION VALUES(None, '2017-03-03 15:00:00', 'Upcoming appointment', 'Do not forget that you have appointment 324 in room 262.', 15);
INSERT INTO INVOICE_BILL VALUES('2017-03-03 15:30:00', 50, 14, False);
INSERT INTO MEDICAL_RECORD VALUES('Medical record description 746.', '2017-03-03 15:30:00', 324, 9);
INSERT INTO APPOINTMENT VALUES(325, 340, 1, '2017-05-31 16:15:00', '2017-05-31 16:30:00', 15, 2, None);
INSERT INTO NOTIFICATION VALUES(None, '2017-05-31 16:00:00', 'Upcoming appointment', 'Do not forget that you have appointment 325 in room 340.', 1);
INSERT INTO NOTIFICATION VALUES(None, '2017-05-31 16:00:00', 'Upcoming appointment', 'Do not forget that you have appointment 325 in room 340.', 15);
INSERT INTO INVOICE_BILL VALUES('2017-05-31 16:30:00', 550, 9, False);
INSERT INTO MEDICAL_RECORD VALUES('Medical record description 625.', '2017-05-31 16:30:00', 325, 2);
INSERT INTO APPOINTMENT VALUES(326, 142, 1, '2019-05-10 12:00:00', '2019-05-10 12:15:00', 15, 1, None);
INSERT INTO NOTIFICATION VALUES(None, '2019-05-10 11:45:00', 'Upcoming appointment', 'Do not forget that you have appointment 326 in room 142.', 3);
INSERT INTO NOTIFICATION VALUES(None, '2019-05-10 11:45:00', 'Upcoming appointment', 'Do not forget that you have appointment 326 in room 142.', 15);
INSERT INTO INVOICE_BILL VALUES('2019-05-10 12:15:00', 1000, 7, True);
INSERT INTO MEDICAL_RECORD VALUES('Medical record description 981.', '2019-05-10 12:15:00', 326, 1);
INSERT INTO APPOINTMENT VALUES(327, 476, 0, '2016-02-22 14:45:00', '2016-02-22 15:00:00', 15, 2, None);
INSERT INTO NOTIFICATION VALUES(None, '2016-02-22 14:30:00', 'Upcoming appointment', 'Do not forget that you have appointment 327 in room 476.', 5);
INSERT INTO NOTIFICATION VALUES(None, '2016-02-22 14:30:00', 'Upcoming appointment', 'Do not forget that you have appointment 327 in room 476.', 15);
INSERT INTO INVOICE_BILL VALUES('2016-02-22 15:00:00', 550, 4, False);
INSERT INTO MEDICAL_RECORD VALUES('Medical record description 538.', '2016-02-22 15:00:00', 327, 2);
INSERT INTO APPOINTMENT VALUES(328, 330, 1, '2017-11-08 13:00:00', '2017-11-08 13:15:00', 15, 8, None);
INSERT INTO NOTIFICATION VALUES(None, '2017-11-08 12:45:00', 'Upcoming appointment', 'Do not forget that you have appointment 328 in room 330.', 8);
INSERT INTO NOTIFICATION VALUES(None, '2017-11-08 12:45:00', 'Upcoming appointment', 'Do not forget that you have appointment 328 in room 330.', 15);
INSERT INTO INVOICE_BILL VALUES('2017-11-08 13:15:00', 900, 2, False);
INSERT INTO MEDICAL_RECORD VALUES('Medical record description 488.', '2017-11-08 13:15:00', 328, 8);
INSERT INTO APPOINTMENT VALUES(329, 162, 1, '2015-05-27 12:15:00', '2015-05-27 12:30:00', 15, 1, None);
INSERT INTO NOTIFICATION VALUES(None, '2015-05-27 12:00:00', 'Upcoming appointment', 'Do not forget that you have appointment 329 in room 162.', 8);
INSERT INTO NOTIFICATION VALUES(None, '2015-05-27 12:00:00', 'Upcoming appointment', 'Do not forget that you have appointment 329 in room 162.', 15);
INSERT INTO INVOICE_BILL VALUES('2015-05-27 12:30:00', 900, 9, False);
INSERT INTO MEDICAL_RECORD VALUES('Medical record description 280.', '2015-05-27 12:30:00', 329, 1);
INSERT INTO APPOINTMENT VALUES(330, 347, 1, '2016-10-07 12:45:00', '2016-10-07 13:00:00', 15, 2, None);
INSERT INTO NOTIFICATION VALUES(None, '2016-10-07 12:30:00', 'Upcoming appointment', 'Do not forget that you have appointment 330 in room 347.', 1);
INSERT INTO NOTIFICATION VALUES(None, '2016-10-07 12:30:00', 'Upcoming appointment', 'Do not forget that you have appointment 330 in room 347.', 15);
INSERT INTO INVOICE_BILL VALUES('2016-10-07 13:00:00', 200, 5, False);
INSERT INTO MEDICAL_RECORD VALUES('Medical record description 691.', '2016-10-07 13:00:00', 330, 2);
INSERT INTO APPOINTMENT VALUES(331, 270, 0, '2017-03-14 17:30:00', '2017-03-14 17:45:00', 15, 6, None);
INSERT INTO NOTIFICATION VALUES(None, '2017-03-14 17:15:00', 'Upcoming appointment', 'Do not forget that you have appointment 331 in room 270.', 7);
INSERT INTO NOTIFICATION VALUES(None, '2017-03-14 17:15:00', 'Upcoming appointment', 'Do not forget that you have appointment 331 in room 270.', 15);
INSERT INTO INVOICE_BILL VALUES('2017-03-14 17:45:00', 1000, 8, False);
INSERT INTO MEDICAL_RECORD VALUES('Medical record description 929.', '2017-03-14 17:45:00', 331, 6);
INSERT INTO APPOINTMENT VALUES(332, 444, 1, '2016-11-29 12:45:00', '2016-11-29 13:00:00', 15, 9, None);
INSERT INTO NOTIFICATION VALUES(None, '2016-11-29 12:30:00', 'Upcoming appointment', 'Do not forget that you have appointment 332 in room 444.', 8);
INSERT INTO NOTIFICATION VALUES(None, '2016-11-29 12:30:00', 'Upcoming appointment', 'Do not forget that you have appointment 332 in room 444.', 15);
INSERT INTO INVOICE_BILL VALUES('2016-11-29 13:00:00', 850, 14, True);
INSERT INTO MEDICAL_RECORD VALUES('Medical record description 19.', '2016-11-29 13:00:00', 332, 9);
INSERT INTO APPOINTMENT VALUES(333, 459, 0, '2019-04-18 16:45:00', '2019-04-18 17:00:00', 15, 2, None);
INSERT INTO NOTIFICATION VALUES(None, '2019-04-18 16:30:00', 'Upcoming appointment', 'Do not forget that you have appointment 333 in room 459.', 5);
INSERT INTO NOTIFICATION VALUES(None, '2019-04-18 16:30:00', 'Upcoming appointment', 'Do not forget that you have appointment 333 in room 459.', 15);
INSERT INTO INVOICE_BILL VALUES('2019-04-18 17:00:00', 250, 1, True);
INSERT INTO MEDICAL_RECORD VALUES('Medical record description 48.', '2019-04-18 17:00:00', 333, 2);
INSERT INTO APPOINTMENT VALUES(334, 282, 1, '2019-09-16 11:30:00', '2019-09-16 11:45:00', 15, 3, None);
INSERT INTO NOTIFICATION VALUES(None, '2019-09-16 11:15:00', 'Upcoming appointment', 'Do not forget that you have appointment 334 in room 282.', 4);
INSERT INTO NOTIFICATION VALUES(None, '2019-09-16 11:15:00', 'Upcoming appointment', 'Do not forget that you have appointment 334 in room 282.', 15);
INSERT INTO INVOICE_BILL VALUES('2019-09-16 11:45:00', 350, 12, True);
INSERT INTO MEDICAL_RECORD VALUES('Medical record description 897.', '2019-09-16 11:45:00', 334, 3);
INSERT INTO APPOINTMENT VALUES(335, 433, 0, '2016-03-24 15:00:00', '2016-03-24 15:15:00', 16, 4, None);
INSERT INTO NOTIFICATION VALUES(None, '2016-03-24 14:45:00', 'Upcoming appointment', 'Do not forget that you have appointment 335 in room 433.', 4);
INSERT INTO NOTIFICATION VALUES(None, '2016-03-24 14:45:00', 'Upcoming appointment', 'Do not forget that you have appointment 335 in room 433.', 16);
INSERT INTO INVOICE_BILL VALUES('2016-03-24 15:15:00', 100, 12, False);
INSERT INTO MEDICAL_RECORD VALUES('Medical record description 913.', '2016-03-24 15:15:00', 335, 4);
INSERT INTO APPOINTMENT VALUES(336, 245, 0, '2018-12-27 11:45:00', '2018-12-27 12:00:00', 16, 8, None);
INSERT INTO NOTIFICATION VALUES(None, '2018-12-27 11:30:00', 'Upcoming appointment', 'Do not forget that you have appointment 336 in room 245.', 6);
INSERT INTO NOTIFICATION VALUES(None, '2018-12-27 11:30:00', 'Upcoming appointment', 'Do not forget that you have appointment 336 in room 245.', 16);
INSERT INTO INVOICE_BILL VALUES('2018-12-27 12:00:00', 200, 5, False);
INSERT INTO MEDICAL_RECORD VALUES('Medical record description 375.', '2018-12-27 12:00:00', 336, 8);
INSERT INTO APPOINTMENT VALUES(337, 221, 1, '2018-03-01 14:30:00', '2018-03-01 14:45:00', 16, 2, None);
INSERT INTO NOTIFICATION VALUES(None, '2018-03-01 14:15:00', 'Upcoming appointment', 'Do not forget that you have appointment 337 in room 221.', 1);
INSERT INTO NOTIFICATION VALUES(None, '2018-03-01 14:15:00', 'Upcoming appointment', 'Do not forget that you have appointment 337 in room 221.', 16);
INSERT INTO INVOICE_BILL VALUES('2018-03-01 14:45:00', 350, 8, True);
INSERT INTO MEDICAL_RECORD VALUES('Medical record description 792.', '2018-03-01 14:45:00', 337, 2);
INSERT INTO APPOINTMENT VALUES(338, 342, 1, '2018-07-23 17:15:00', '2018-07-23 17:30:00', 16, 8, None);
INSERT INTO NOTIFICATION VALUES(None, '2018-07-23 17:00:00', 'Upcoming appointment', 'Do not forget that you have appointment 338 in room 342.', 7);
INSERT INTO NOTIFICATION VALUES(None, '2018-07-23 17:00:00', 'Upcoming appointment', 'Do not forget that you have appointment 338 in room 342.', 16);
INSERT INTO INVOICE_BILL VALUES('2018-07-23 17:30:00', 200, 3, True);
INSERT INTO MEDICAL_RECORD VALUES('Medical record description 18.', '2018-07-23 17:30:00', 338, 8);
INSERT INTO APPOINTMENT VALUES(339, 159, 1, '2019-09-04 17:45:00', '2019-09-04 18:00:00', 16, 3, None);
INSERT INTO NOTIFICATION VALUES(None, '2019-09-04 17:30:00', 'Upcoming appointment', 'Do not forget that you have appointment 339 in room 159.', 1);
INSERT INTO NOTIFICATION VALUES(None, '2019-09-04 17:30:00', 'Upcoming appointment', 'Do not forget that you have appointment 339 in room 159.', 16);
INSERT INTO INVOICE_BILL VALUES('2019-09-04 18:00:00', 650, 5, False);
INSERT INTO MEDICAL_RECORD VALUES('Medical record description 728.', '2019-09-04 18:00:00', 339, 3);
INSERT INTO APPOINTMENT VALUES(340, 287, 0, '2014-07-04 16:30:00', '2014-07-04 16:45:00', 16, 1, None);
INSERT INTO NOTIFICATION VALUES(None, '2014-07-04 16:15:00', 'Upcoming appointment', 'Do not forget that you have appointment 340 in room 287.', 5);
INSERT INTO NOTIFICATION VALUES(None, '2014-07-04 16:15:00', 'Upcoming appointment', 'Do not forget that you have appointment 340 in room 287.', 16);
INSERT INTO INVOICE_BILL VALUES('2014-07-04 16:45:00', 450, 8, True);
INSERT INTO MEDICAL_RECORD VALUES('Medical record description 829.', '2014-07-04 16:45:00', 340, 1);
INSERT INTO APPOINTMENT VALUES(341, 246, 0, '2015-10-21 13:15:00', '2015-10-21 13:30:00', 16, 9, None);
INSERT INTO NOTIFICATION VALUES(None, '2015-10-21 13:00:00', 'Upcoming appointment', 'Do not forget that you have appointment 341 in room 246.', 1);
INSERT INTO NOTIFICATION VALUES(None, '2015-10-21 13:00:00', 'Upcoming appointment', 'Do not forget that you have appointment 341 in room 246.', 16);
INSERT INTO INVOICE_BILL VALUES('2015-10-21 13:30:00', 250, 13, False);
INSERT INTO MEDICAL_RECORD VALUES('Medical record description 797.', '2015-10-21 13:30:00', 341, 9);
INSERT INTO APPOINTMENT VALUES(342, 171, 0, '2018-10-23 12:15:00', '2018-10-23 12:30:00', 16, 10, None);
INSERT INTO NOTIFICATION VALUES(None, '2018-10-23 12:00:00', 'Upcoming appointment', 'Do not forget that you have appointment 342 in room 171.', 3);
INSERT INTO NOTIFICATION VALUES(None, '2018-10-23 12:00:00', 'Upcoming appointment', 'Do not forget that you have appointment 342 in room 171.', 16);
INSERT INTO INVOICE_BILL VALUES('2018-10-23 12:30:00', 50, 5, True);
INSERT INTO MEDICAL_RECORD VALUES('Medical record description 326.', '2018-10-23 12:30:00', 342, 10);
INSERT INTO APPOINTMENT VALUES(343, 169, 1, '2019-08-13 16:30:00', '2019-08-13 16:45:00', 16, 7, None);
INSERT INTO NOTIFICATION VALUES(None, '2019-08-13 16:15:00', 'Upcoming appointment', 'Do not forget that you have appointment 343 in room 169.', 9);
INSERT INTO NOTIFICATION VALUES(None, '2019-08-13 16:15:00', 'Upcoming appointment', 'Do not forget that you have appointment 343 in room 169.', 16);
INSERT INTO INVOICE_BILL VALUES('2019-08-13 16:45:00', 100, 11, False);
INSERT INTO MEDICAL_RECORD VALUES('Medical record description 723.', '2019-08-13 16:45:00', 343, 7);
INSERT INTO APPOINTMENT VALUES(344, 204, 1, '2018-07-19 11:15:00', '2018-07-19 11:30:00', 16, 6, None);
INSERT INTO NOTIFICATION VALUES(None, '2018-07-19 11:00:00', 'Upcoming appointment', 'Do not forget that you have appointment 344 in room 204.', 3);
INSERT INTO NOTIFICATION VALUES(None, '2018-07-19 11:00:00', 'Upcoming appointment', 'Do not forget that you have appointment 344 in room 204.', 16);
INSERT INTO INVOICE_BILL VALUES('2018-07-19 11:30:00', 400, 2, False);
INSERT INTO MEDICAL_RECORD VALUES('Medical record description 555.', '2018-07-19 11:30:00', 344, 6);
INSERT INTO APPOINTMENT VALUES(345, 216, 1, '2016-01-26 14:30:00', '2016-01-26 14:45:00', 16, 3, None);
INSERT INTO NOTIFICATION VALUES(None, '2016-01-26 14:15:00', 'Upcoming appointment', 'Do not forget that you have appointment 345 in room 216.', 3);
INSERT INTO NOTIFICATION VALUES(None, '2016-01-26 14:15:00', 'Upcoming appointment', 'Do not forget that you have appointment 345 in room 216.', 16);
INSERT INTO INVOICE_BILL VALUES('2016-01-26 14:45:00', 950, 1, False);
INSERT INTO MEDICAL_RECORD VALUES('Medical record description 103.', '2016-01-26 14:45:00', 345, 3);
INSERT INTO APPOINTMENT VALUES(346, 265, 1, '2017-05-23 14:15:00', '2017-05-23 14:30:00', 16, 3, None);
INSERT INTO NOTIFICATION VALUES(None, '2017-05-23 14:00:00', 'Upcoming appointment', 'Do not forget that you have appointment 346 in room 265.', 2);
INSERT INTO NOTIFICATION VALUES(None, '2017-05-23 14:00:00', 'Upcoming appointment', 'Do not forget that you have appointment 346 in room 265.', 16);
INSERT INTO INVOICE_BILL VALUES('2017-05-23 14:30:00', 50, 8, False);
INSERT INTO MEDICAL_RECORD VALUES('Medical record description 930.', '2017-05-23 14:30:00', 346, 3);
INSERT INTO APPOINTMENT VALUES(347, 311, 1, '2019-06-11 14:00:00', '2019-06-11 14:15:00', 16, 5, None);
INSERT INTO NOTIFICATION VALUES(None, '2019-06-11 13:45:00', 'Upcoming appointment', 'Do not forget that you have appointment 347 in room 311.', 10);
INSERT INTO NOTIFICATION VALUES(None, '2019-06-11 13:45:00', 'Upcoming appointment', 'Do not forget that you have appointment 347 in room 311.', 16);
INSERT INTO INVOICE_BILL VALUES('2019-06-11 14:15:00', 600, 10, False);
INSERT INTO MEDICAL_RECORD VALUES('Medical record description 744.', '2019-06-11 14:15:00', 347, 5);
INSERT INTO APPOINTMENT VALUES(348, 282, 1, '2019-03-06 11:00:00', '2019-03-06 11:15:00', 17, 10, None);
INSERT INTO NOTIFICATION VALUES(None, '2019-03-06 10:45:00', 'Upcoming appointment', 'Do not forget that you have appointment 348 in room 282.', 9);
INSERT INTO NOTIFICATION VALUES(None, '2019-03-06 10:45:00', 'Upcoming appointment', 'Do not forget that you have appointment 348 in room 282.', 17);
INSERT INTO INVOICE_BILL VALUES('2019-03-06 11:15:00', 200, 8, True);
INSERT INTO MEDICAL_RECORD VALUES('Medical record description 346.', '2019-03-06 11:15:00', 348, 10);
INSERT INTO APPOINTMENT VALUES(349, 148, 1, '2014-11-24 13:45:00', '2014-11-24 14:00:00', 17, 3, None);
INSERT INTO NOTIFICATION VALUES(None, '2014-11-24 13:30:00', 'Upcoming appointment', 'Do not forget that you have appointment 349 in room 148.', 8);
INSERT INTO NOTIFICATION VALUES(None, '2014-11-24 13:30:00', 'Upcoming appointment', 'Do not forget that you have appointment 349 in room 148.', 17);
INSERT INTO INVOICE_BILL VALUES('2014-11-24 14:00:00', 50, 6, True);
INSERT INTO MEDICAL_RECORD VALUES('Medical record description 754.', '2014-11-24 14:00:00', 349, 3);
INSERT INTO APPOINTMENT VALUES(350, 422, 0, '2019-09-24 13:00:00', '2019-09-24 13:15:00', 17, 10, None);
INSERT INTO NOTIFICATION VALUES(None, '2019-09-24 12:45:00', 'Upcoming appointment', 'Do not forget that you have appointment 350 in room 422.', 3);
INSERT INTO NOTIFICATION VALUES(None, '2019-09-24 12:45:00', 'Upcoming appointment', 'Do not forget that you have appointment 350 in room 422.', 17);
INSERT INTO INVOICE_BILL VALUES('2019-09-24 13:15:00', 850, 13, False);
INSERT INTO MEDICAL_RECORD VALUES('Medical record description 76.', '2019-09-24 13:15:00', 350, 10);
INSERT INTO APPOINTMENT VALUES(351, 215, 0, '2017-07-17 15:15:00', '2017-07-17 15:30:00', 17, 1, None);
INSERT INTO NOTIFICATION VALUES(None, '2017-07-17 15:00:00', 'Upcoming appointment', 'Do not forget that you have appointment 351 in room 215.', 3);
INSERT INTO NOTIFICATION VALUES(None, '2017-07-17 15:00:00', 'Upcoming appointment', 'Do not forget that you have appointment 351 in room 215.', 17);
INSERT INTO INVOICE_BILL VALUES('2017-07-17 15:30:00', 350, 10, True);
INSERT INTO MEDICAL_RECORD VALUES('Medical record description 296.', '2017-07-17 15:30:00', 351, 1);
INSERT INTO APPOINTMENT VALUES(352, 385, 1, '2016-12-16 16:00:00', '2016-12-16 16:15:00', 17, 4, None);
INSERT INTO NOTIFICATION VALUES(None, '2016-12-16 15:45:00', 'Upcoming appointment', 'Do not forget that you have appointment 352 in room 385.', 2);
INSERT INTO NOTIFICATION VALUES(None, '2016-12-16 15:45:00', 'Upcoming appointment', 'Do not forget that you have appointment 352 in room 385.', 17);
INSERT INTO INVOICE_BILL VALUES('2016-12-16 16:15:00', 50, 6, False);
INSERT INTO MEDICAL_RECORD VALUES('Medical record description 356.', '2016-12-16 16:15:00', 352, 4);
INSERT INTO APPOINTMENT VALUES(353, 447, 0, '2016-03-07 12:30:00', '2016-03-07 12:45:00', 17, 4, None);
INSERT INTO NOTIFICATION VALUES(None, '2016-03-07 12:15:00', 'Upcoming appointment', 'Do not forget that you have appointment 353 in room 447.', 6);
INSERT INTO NOTIFICATION VALUES(None, '2016-03-07 12:15:00', 'Upcoming appointment', 'Do not forget that you have appointment 353 in room 447.', 17);
INSERT INTO INVOICE_BILL VALUES('2016-03-07 12:45:00', 200, 12, True);
INSERT INTO MEDICAL_RECORD VALUES('Medical record description 353.', '2016-03-07 12:45:00', 353, 4);
INSERT INTO APPOINTMENT VALUES(354, 102, 0, '2016-08-24 17:15:00', '2016-08-24 17:30:00', 17, 3, None);
INSERT INTO NOTIFICATION VALUES(None, '2016-08-24 17:00:00', 'Upcoming appointment', 'Do not forget that you have appointment 354 in room 102.', 10);
INSERT INTO NOTIFICATION VALUES(None, '2016-08-24 17:00:00', 'Upcoming appointment', 'Do not forget that you have appointment 354 in room 102.', 17);
INSERT INTO INVOICE_BILL VALUES('2016-08-24 17:30:00', 250, 14, True);
INSERT INTO MEDICAL_RECORD VALUES('Medical record description 865.', '2016-08-24 17:30:00', 354, 3);
INSERT INTO APPOINTMENT VALUES(355, 161, 0, '2019-08-22 12:15:00', '2019-08-22 12:30:00', 17, 9, None);
INSERT INTO NOTIFICATION VALUES(None, '2019-08-22 12:00:00', 'Upcoming appointment', 'Do not forget that you have appointment 355 in room 161.', 9);
INSERT INTO NOTIFICATION VALUES(None, '2019-08-22 12:00:00', 'Upcoming appointment', 'Do not forget that you have appointment 355 in room 161.', 17);
INSERT INTO INVOICE_BILL VALUES('2019-08-22 12:30:00', 900, 13, False);
INSERT INTO MEDICAL_RECORD VALUES('Medical record description 727.', '2019-08-22 12:30:00', 355, 9);
INSERT INTO APPOINTMENT VALUES(356, 202, 1, '2009-05-13 10:00:00', '2009-05-13 10:15:00', 17, 3, None);
INSERT INTO NOTIFICATION VALUES(None, '2009-05-13 09:45:00', 'Upcoming appointment', 'Do not forget that you have appointment 356 in room 202.', 9);
INSERT INTO NOTIFICATION VALUES(None, '2009-05-13 09:45:00', 'Upcoming appointment', 'Do not forget that you have appointment 356 in room 202.', 17);
INSERT INTO INVOICE_BILL VALUES('2009-05-13 10:15:00', 750, 8, False);
INSERT INTO MEDICAL_RECORD VALUES('Medical record description 462.', '2009-05-13 10:15:00', 356, 3);
INSERT INTO APPOINTMENT VALUES(357, 187, 1, '2019-05-17 15:15:00', '2019-05-17 15:30:00', 17, 8, None);
INSERT INTO NOTIFICATION VALUES(None, '2019-05-17 15:00:00', 'Upcoming appointment', 'Do not forget that you have appointment 357 in room 187.', 1);
INSERT INTO NOTIFICATION VALUES(None, '2019-05-17 15:00:00', 'Upcoming appointment', 'Do not forget that you have appointment 357 in room 187.', 17);
INSERT INTO INVOICE_BILL VALUES('2019-05-17 15:30:00', 800, 10, False);
INSERT INTO MEDICAL_RECORD VALUES('Medical record description 447.', '2019-05-17 15:30:00', 357, 8);
INSERT INTO APPOINTMENT VALUES(358, 150, 1, '2017-03-15 17:15:00', '2017-03-15 17:30:00', 17, 1, None);
INSERT INTO NOTIFICATION VALUES(None, '2017-03-15 17:00:00', 'Upcoming appointment', 'Do not forget that you have appointment 358 in room 150.', 6);
INSERT INTO NOTIFICATION VALUES(None, '2017-03-15 17:00:00', 'Upcoming appointment', 'Do not forget that you have appointment 358 in room 150.', 17);
INSERT INTO INVOICE_BILL VALUES('2017-03-15 17:30:00', 850, 13, True);
INSERT INTO MEDICAL_RECORD VALUES('Medical record description 346.', '2017-03-15 17:30:00', 358, 1);
INSERT INTO APPOINTMENT VALUES(359, 441, 0, '2019-05-13 15:15:00', '2019-05-13 15:30:00', 17, 6, None);
INSERT INTO NOTIFICATION VALUES(None, '2019-05-13 15:00:00', 'Upcoming appointment', 'Do not forget that you have appointment 359 in room 441.', 10);
INSERT INTO NOTIFICATION VALUES(None, '2019-05-13 15:00:00', 'Upcoming appointment', 'Do not forget that you have appointment 359 in room 441.', 17);
INSERT INTO INVOICE_BILL VALUES('2019-05-13 15:30:00', 650, 2, True);
INSERT INTO MEDICAL_RECORD VALUES('Medical record description 570.', '2019-05-13 15:30:00', 359, 6);
INSERT INTO APPOINTMENT VALUES(360, 372, 1, '2016-09-15 17:00:00', '2016-09-15 17:15:00', 18, 9, None);
INSERT INTO NOTIFICATION VALUES(None, '2016-09-15 16:45:00', 'Upcoming appointment', 'Do not forget that you have appointment 360 in room 372.', 7);
INSERT INTO NOTIFICATION VALUES(None, '2016-09-15 16:45:00', 'Upcoming appointment', 'Do not forget that you have appointment 360 in room 372.', 18);
INSERT INTO INVOICE_BILL VALUES('2016-09-15 17:15:00', 350, 13, False);
INSERT INTO MEDICAL_RECORD VALUES('Medical record description 61.', '2016-09-15 17:15:00', 360, 9);
INSERT INTO APPOINTMENT VALUES(361, 175, 0, '2014-05-01 16:00:00', '2014-05-01 16:15:00', 18, 1, None);
INSERT INTO NOTIFICATION VALUES(None, '2014-05-01 15:45:00', 'Upcoming appointment', 'Do not forget that you have appointment 361 in room 175.', 3);
INSERT INTO NOTIFICATION VALUES(None, '2014-05-01 15:45:00', 'Upcoming appointment', 'Do not forget that you have appointment 361 in room 175.', 18);
INSERT INTO INVOICE_BILL VALUES('2014-05-01 16:15:00', 500, 9, True);
INSERT INTO MEDICAL_RECORD VALUES('Medical record description 917.', '2014-05-01 16:15:00', 361, 1);
INSERT INTO APPOINTMENT VALUES(362, 482, 1, '2019-03-11 15:00:00', '2019-03-11 15:15:00', 18, 4, None);
INSERT INTO NOTIFICATION VALUES(None, '2019-03-11 14:45:00', 'Upcoming appointment', 'Do not forget that you have appointment 362 in room 482.', 2);
INSERT INTO NOTIFICATION VALUES(None, '2019-03-11 14:45:00', 'Upcoming appointment', 'Do not forget that you have appointment 362 in room 482.', 18);
INSERT INTO INVOICE_BILL VALUES('2019-03-11 15:15:00', 550, 3, False);
INSERT INTO MEDICAL_RECORD VALUES('Medical record description 765.', '2019-03-11 15:15:00', 362, 4);
INSERT INTO APPOINTMENT VALUES(363, 370, 0, '2017-04-06 10:30:00', '2017-04-06 10:45:00', 18, 9, None);
INSERT INTO NOTIFICATION VALUES(None, '2017-04-06 10:15:00', 'Upcoming appointment', 'Do not forget that you have appointment 363 in room 370.', 1);
INSERT INTO NOTIFICATION VALUES(None, '2017-04-06 10:15:00', 'Upcoming appointment', 'Do not forget that you have appointment 363 in room 370.', 18);
INSERT INTO INVOICE_BILL VALUES('2017-04-06 10:45:00', 350, 14, False);
INSERT INTO MEDICAL_RECORD VALUES('Medical record description 114.', '2017-04-06 10:45:00', 363, 9);
INSERT INTO APPOINTMENT VALUES(364, 438, 1, '2010-05-19 14:00:00', '2010-05-19 14:15:00', 18, 3, None);
INSERT INTO NOTIFICATION VALUES(None, '2010-05-19 13:45:00', 'Upcoming appointment', 'Do not forget that you have appointment 364 in room 438.', 2);
INSERT INTO NOTIFICATION VALUES(None, '2010-05-19 13:45:00', 'Upcoming appointment', 'Do not forget that you have appointment 364 in room 438.', 18);
INSERT INTO INVOICE_BILL VALUES('2010-05-19 14:15:00', 500, 11, False);
INSERT INTO MEDICAL_RECORD VALUES('Medical record description 366.', '2010-05-19 14:15:00', 364, 3);
INSERT INTO APPOINTMENT VALUES(365, 455, 0, '2015-08-05 16:00:00', '2015-08-05 16:15:00', 18, 2, None);
INSERT INTO NOTIFICATION VALUES(None, '2015-08-05 15:45:00', 'Upcoming appointment', 'Do not forget that you have appointment 365 in room 455.', 9);
INSERT INTO NOTIFICATION VALUES(None, '2015-08-05 15:45:00', 'Upcoming appointment', 'Do not forget that you have appointment 365 in room 455.', 18);
INSERT INTO INVOICE_BILL VALUES('2015-08-05 16:15:00', 400, 5, False);
INSERT INTO MEDICAL_RECORD VALUES('Medical record description 198.', '2015-08-05 16:15:00', 365, 2);
INSERT INTO APPOINTMENT VALUES(366, 185, 1, '2017-03-20 13:30:00', '2017-03-20 13:45:00', 18, 3, None);
INSERT INTO NOTIFICATION VALUES(None, '2017-03-20 13:15:00', 'Upcoming appointment', 'Do not forget that you have appointment 366 in room 185.', 1);
INSERT INTO NOTIFICATION VALUES(None, '2017-03-20 13:15:00', 'Upcoming appointment', 'Do not forget that you have appointment 366 in room 185.', 18);
INSERT INTO INVOICE_BILL VALUES('2017-03-20 13:45:00', 150, 6, True);
INSERT INTO MEDICAL_RECORD VALUES('Medical record description 729.', '2017-03-20 13:45:00', 366, 3);
INSERT INTO APPOINTMENT VALUES(367, 357, 1, '2015-12-24 15:45:00', '2015-12-24 16:00:00', 18, 2, None);
INSERT INTO NOTIFICATION VALUES(None, '2015-12-24 15:30:00', 'Upcoming appointment', 'Do not forget that you have appointment 367 in room 357.', 8);
INSERT INTO NOTIFICATION VALUES(None, '2015-12-24 15:30:00', 'Upcoming appointment', 'Do not forget that you have appointment 367 in room 357.', 18);
INSERT INTO INVOICE_BILL VALUES('2015-12-24 16:00:00', 150, 15, True);
INSERT INTO MEDICAL_RECORD VALUES('Medical record description 142.', '2015-12-24 16:00:00', 367, 2);
INSERT INTO APPOINTMENT VALUES(368, 381, 1, '2014-09-03 16:00:00', '2014-09-03 16:15:00', 18, 3, None);
INSERT INTO NOTIFICATION VALUES(None, '2014-09-03 15:45:00', 'Upcoming appointment', 'Do not forget that you have appointment 368 in room 381.', 3);
INSERT INTO NOTIFICATION VALUES(None, '2014-09-03 15:45:00', 'Upcoming appointment', 'Do not forget that you have appointment 368 in room 381.', 18);
INSERT INTO INVOICE_BILL VALUES('2014-09-03 16:15:00', 850, 9, True);
INSERT INTO MEDICAL_RECORD VALUES('Medical record description 652.', '2014-09-03 16:15:00', 368, 3);
INSERT INTO APPOINTMENT VALUES(369, 358, 0, '2019-09-25 10:00:00', '2019-09-25 10:15:00', 18, 7, None);
INSERT INTO NOTIFICATION VALUES(None, '2019-09-25 09:45:00', 'Upcoming appointment', 'Do not forget that you have appointment 369 in room 358.', 6);
INSERT INTO NOTIFICATION VALUES(None, '2019-09-25 09:45:00', 'Upcoming appointment', 'Do not forget that you have appointment 369 in room 358.', 18);
INSERT INTO INVOICE_BILL VALUES('2019-09-25 10:15:00', 600, 14, False);
INSERT INTO MEDICAL_RECORD VALUES('Medical record description 510.', '2019-09-25 10:15:00', 369, 7);
INSERT INTO APPOINTMENT VALUES(370, 272, 1, '2016-10-28 16:15:00', '2016-10-28 16:30:00', 18, 1, None);
INSERT INTO NOTIFICATION VALUES(None, '2016-10-28 16:00:00', 'Upcoming appointment', 'Do not forget that you have appointment 370 in room 272.', 6);
INSERT INTO NOTIFICATION VALUES(None, '2016-10-28 16:00:00', 'Upcoming appointment', 'Do not forget that you have appointment 370 in room 272.', 18);
INSERT INTO INVOICE_BILL VALUES('2016-10-28 16:30:00', 850, 8, True);
INSERT INTO MEDICAL_RECORD VALUES('Medical record description 383.', '2016-10-28 16:30:00', 370, 1);
INSERT INTO APPOINTMENT VALUES(371, 210, 1, '2018-03-01 16:00:00', '2018-03-01 16:15:00', 18, 1, None);
INSERT INTO NOTIFICATION VALUES(None, '2018-03-01 15:45:00', 'Upcoming appointment', 'Do not forget that you have appointment 371 in room 210.', 5);
INSERT INTO NOTIFICATION VALUES(None, '2018-03-01 15:45:00', 'Upcoming appointment', 'Do not forget that you have appointment 371 in room 210.', 18);
INSERT INTO INVOICE_BILL VALUES('2018-03-01 16:15:00', 300, 13, False);
INSERT INTO MEDICAL_RECORD VALUES('Medical record description 443.', '2018-03-01 16:15:00', 371, 1);
INSERT INTO APPOINTMENT VALUES(372, 352, 0, '2017-12-20 17:45:00', '2017-12-20 18:00:00', 18, 1, None);
INSERT INTO NOTIFICATION VALUES(None, '2017-12-20 17:30:00', 'Upcoming appointment', 'Do not forget that you have appointment 372 in room 352.', 1);
INSERT INTO NOTIFICATION VALUES(None, '2017-12-20 17:30:00', 'Upcoming appointment', 'Do not forget that you have appointment 372 in room 352.', 18);
INSERT INTO INVOICE_BILL VALUES('2017-12-20 18:00:00', 250, 5, True);
INSERT INTO MEDICAL_RECORD VALUES('Medical record description 516.', '2017-12-20 18:00:00', 372, 1);
INSERT INTO APPOINTMENT VALUES(373, 298, 0, '2019-04-29 17:30:00', '2019-04-29 17:45:00', 18, 6, None);
INSERT INTO NOTIFICATION VALUES(None, '2019-04-29 17:15:00', 'Upcoming appointment', 'Do not forget that you have appointment 373 in room 298.', 8);
INSERT INTO NOTIFICATION VALUES(None, '2019-04-29 17:15:00', 'Upcoming appointment', 'Do not forget that you have appointment 373 in room 298.', 18);
INSERT INTO INVOICE_BILL VALUES('2019-04-29 17:45:00', 350, 6, False);
INSERT INTO MEDICAL_RECORD VALUES('Medical record description 262.', '2019-04-29 17:45:00', 373, 6);
INSERT INTO APPOINTMENT VALUES(374, 186, 0, '2015-05-20 13:45:00', '2015-05-20 14:00:00', 18, 1, None);
INSERT INTO NOTIFICATION VALUES(None, '2015-05-20 13:30:00', 'Upcoming appointment', 'Do not forget that you have appointment 374 in room 186.', 10);
INSERT INTO NOTIFICATION VALUES(None, '2015-05-20 13:30:00', 'Upcoming appointment', 'Do not forget that you have appointment 374 in room 186.', 18);
INSERT INTO INVOICE_BILL VALUES('2015-05-20 14:00:00', 450, 7, False);
INSERT INTO MEDICAL_RECORD VALUES('Medical record description 951.', '2015-05-20 14:00:00', 374, 1);
INSERT INTO APPOINTMENT VALUES(375, 396, 1, '2014-07-18 16:15:00', '2014-07-18 16:30:00', 18, 3, None);
INSERT INTO NOTIFICATION VALUES(None, '2014-07-18 16:00:00', 'Upcoming appointment', 'Do not forget that you have appointment 375 in room 396.', 3);
INSERT INTO NOTIFICATION VALUES(None, '2014-07-18 16:00:00', 'Upcoming appointment', 'Do not forget that you have appointment 375 in room 396.', 18);
INSERT INTO INVOICE_BILL VALUES('2014-07-18 16:30:00', 750, 9, False);
INSERT INTO MEDICAL_RECORD VALUES('Medical record description 224.', '2014-07-18 16:30:00', 375, 3);
INSERT INTO APPOINTMENT VALUES(376, 387, 1, '2015-04-29 14:00:00', '2015-04-29 14:15:00', 18, 3, None);
INSERT INTO NOTIFICATION VALUES(None, '2015-04-29 13:45:00', 'Upcoming appointment', 'Do not forget that you have appointment 376 in room 387.', 10);
INSERT INTO NOTIFICATION VALUES(None, '2015-04-29 13:45:00', 'Upcoming appointment', 'Do not forget that you have appointment 376 in room 387.', 18);
INSERT INTO INVOICE_BILL VALUES('2015-04-29 14:15:00', 700, 12, True);
INSERT INTO MEDICAL_RECORD VALUES('Medical record description 605.', '2015-04-29 14:15:00', 376, 3);
INSERT INTO APPOINTMENT VALUES(377, 294, 0, '2019-02-25 16:00:00', '2019-02-25 16:15:00', 18, 9, None);
INSERT INTO NOTIFICATION VALUES(None, '2019-02-25 15:45:00', 'Upcoming appointment', 'Do not forget that you have appointment 377 in room 294.', 1);
INSERT INTO NOTIFICATION VALUES(None, '2019-02-25 15:45:00', 'Upcoming appointment', 'Do not forget that you have appointment 377 in room 294.', 18);
INSERT INTO INVOICE_BILL VALUES('2019-02-25 16:15:00', 800, 13, False);
INSERT INTO MEDICAL_RECORD VALUES('Medical record description 388.', '2019-02-25 16:15:00', 377, 9);
INSERT INTO APPOINTMENT VALUES(378, 450, 1, '2017-08-18 14:30:00', '2017-08-18 14:45:00', 18, 3, None);
INSERT INTO NOTIFICATION VALUES(None, '2017-08-18 14:15:00', 'Upcoming appointment', 'Do not forget that you have appointment 378 in room 450.', 8);
INSERT INTO NOTIFICATION VALUES(None, '2017-08-18 14:15:00', 'Upcoming appointment', 'Do not forget that you have appointment 378 in room 450.', 18);
INSERT INTO INVOICE_BILL VALUES('2017-08-18 14:45:00', 700, 6, False);
INSERT INTO MEDICAL_RECORD VALUES('Medical record description 993.', '2017-08-18 14:45:00', 378, 3);
INSERT INTO APPOINTMENT VALUES(379, 464, 0, '2014-02-03 10:30:00', '2014-02-03 10:45:00', 18, 9, None);
INSERT INTO NOTIFICATION VALUES(None, '2014-02-03 10:15:00', 'Upcoming appointment', 'Do not forget that you have appointment 379 in room 464.', 5);
INSERT INTO NOTIFICATION VALUES(None, '2014-02-03 10:15:00', 'Upcoming appointment', 'Do not forget that you have appointment 379 in room 464.', 18);
INSERT INTO INVOICE_BILL VALUES('2014-02-03 10:45:00', 900, 7, True);
INSERT INTO MEDICAL_RECORD VALUES('Medical record description 490.', '2014-02-03 10:45:00', 379, 9);
INSERT INTO APPOINTMENT VALUES(380, 373, 0, '2018-09-04 13:45:00', '2018-09-04 14:00:00', 19, 8, None);
INSERT INTO NOTIFICATION VALUES(None, '2018-09-04 13:30:00', 'Upcoming appointment', 'Do not forget that you have appointment 380 in room 373.', 1);
INSERT INTO NOTIFICATION VALUES(None, '2018-09-04 13:30:00', 'Upcoming appointment', 'Do not forget that you have appointment 380 in room 373.', 19);
INSERT INTO INVOICE_BILL VALUES('2018-09-04 14:00:00', 750, 14, False);
INSERT INTO MEDICAL_RECORD VALUES('Medical record description 267.', '2018-09-04 14:00:00', 380, 8);
INSERT INTO APPOINTMENT VALUES(381, 363, 0, '2018-07-03 14:00:00', '2018-07-03 14:15:00', 19, 8, None);
INSERT INTO NOTIFICATION VALUES(None, '2018-07-03 13:45:00', 'Upcoming appointment', 'Do not forget that you have appointment 381 in room 363.', 5);
INSERT INTO NOTIFICATION VALUES(None, '2018-07-03 13:45:00', 'Upcoming appointment', 'Do not forget that you have appointment 381 in room 363.', 19);
INSERT INTO INVOICE_BILL VALUES('2018-07-03 14:15:00', 900, 14, False);
INSERT INTO MEDICAL_RECORD VALUES('Medical record description 740.', '2018-07-03 14:15:00', 381, 8);
INSERT INTO APPOINTMENT VALUES(382, 378, 0, '2015-08-26 13:00:00', '2015-08-26 13:15:00', 19, 9, None);
INSERT INTO NOTIFICATION VALUES(None, '2015-08-26 12:45:00', 'Upcoming appointment', 'Do not forget that you have appointment 382 in room 378.', 10);
INSERT INTO NOTIFICATION VALUES(None, '2015-08-26 12:45:00', 'Upcoming appointment', 'Do not forget that you have appointment 382 in room 378.', 19);
INSERT INTO INVOICE_BILL VALUES('2015-08-26 13:15:00', 350, 4, False);
INSERT INTO MEDICAL_RECORD VALUES('Medical record description 408.', '2015-08-26 13:15:00', 382, 9);
INSERT INTO APPOINTMENT VALUES(383, 219, 0, '2018-01-05 16:15:00', '2018-01-05 16:30:00', 19, 1, None);
INSERT INTO NOTIFICATION VALUES(None, '2018-01-05 16:00:00', 'Upcoming appointment', 'Do not forget that you have appointment 383 in room 219.', 5);
INSERT INTO NOTIFICATION VALUES(None, '2018-01-05 16:00:00', 'Upcoming appointment', 'Do not forget that you have appointment 383 in room 219.', 19);
INSERT INTO INVOICE_BILL VALUES('2018-01-05 16:30:00', 800, 6, False);
INSERT INTO MEDICAL_RECORD VALUES('Medical record description 409.', '2018-01-05 16:30:00', 383, 1);
INSERT INTO APPOINTMENT VALUES(384, 482, 1, '2016-09-27 11:15:00', '2016-09-27 11:30:00', 19, 1, None);
INSERT INTO NOTIFICATION VALUES(None, '2016-09-27 11:00:00', 'Upcoming appointment', 'Do not forget that you have appointment 384 in room 482.', 2);
INSERT INTO NOTIFICATION VALUES(None, '2016-09-27 11:00:00', 'Upcoming appointment', 'Do not forget that you have appointment 384 in room 482.', 19);
INSERT INTO INVOICE_BILL VALUES('2016-09-27 11:30:00', 600, 2, True);
INSERT INTO MEDICAL_RECORD VALUES('Medical record description 891.', '2016-09-27 11:30:00', 384, 1);
INSERT INTO APPOINTMENT VALUES(385, 286, 0, '2012-12-25 15:30:00', '2012-12-25 15:45:00', 19, 3, None);
INSERT INTO NOTIFICATION VALUES(None, '2012-12-25 15:15:00', 'Upcoming appointment', 'Do not forget that you have appointment 385 in room 286.', 1);
INSERT INTO NOTIFICATION VALUES(None, '2012-12-25 15:15:00', 'Upcoming appointment', 'Do not forget that you have appointment 385 in room 286.', 19);
INSERT INTO INVOICE_BILL VALUES('2012-12-25 15:45:00', 200, 13, False);
INSERT INTO MEDICAL_RECORD VALUES('Medical record description 617.', '2012-12-25 15:45:00', 385, 3);
INSERT INTO APPOINTMENT VALUES(386, 190, 1, '2018-05-18 14:00:00', '2018-05-18 14:15:00', 19, 2, None);
INSERT INTO NOTIFICATION VALUES(None, '2018-05-18 13:45:00', 'Upcoming appointment', 'Do not forget that you have appointment 386 in room 190.', 8);
INSERT INTO NOTIFICATION VALUES(None, '2018-05-18 13:45:00', 'Upcoming appointment', 'Do not forget that you have appointment 386 in room 190.', 19);
INSERT INTO INVOICE_BILL VALUES('2018-05-18 14:15:00', 500, 8, True);
INSERT INTO MEDICAL_RECORD VALUES('Medical record description 444.', '2018-05-18 14:15:00', 386, 2);
INSERT INTO APPOINTMENT VALUES(387, 427, 1, '2016-06-10 11:30:00', '2016-06-10 11:45:00', 19, 1, None);
INSERT INTO NOTIFICATION VALUES(None, '2016-06-10 11:15:00', 'Upcoming appointment', 'Do not forget that you have appointment 387 in room 427.', 6);
INSERT INTO NOTIFICATION VALUES(None, '2016-06-10 11:15:00', 'Upcoming appointment', 'Do not forget that you have appointment 387 in room 427.', 19);
INSERT INTO INVOICE_BILL VALUES('2016-06-10 11:45:00', 1000, 3, True);
INSERT INTO MEDICAL_RECORD VALUES('Medical record description 449.', '2016-06-10 11:45:00', 387, 1);
INSERT INTO APPOINTMENT VALUES(388, 247, 0, '2016-08-11 10:00:00', '2016-08-11 10:15:00', 19, 6, None);
INSERT INTO NOTIFICATION VALUES(None, '2016-08-11 09:45:00', 'Upcoming appointment', 'Do not forget that you have appointment 388 in room 247.', 7);
INSERT INTO NOTIFICATION VALUES(None, '2016-08-11 09:45:00', 'Upcoming appointment', 'Do not forget that you have appointment 388 in room 247.', 19);
INSERT INTO INVOICE_BILL VALUES('2016-08-11 10:15:00', 450, 12, True);
INSERT INTO MEDICAL_RECORD VALUES('Medical record description 872.', '2016-08-11 10:15:00', 388, 6);
INSERT INTO APPOINTMENT VALUES(389, 487, 1, '2018-04-26 16:30:00', '2018-04-26 16:45:00', 19, 1, None);
INSERT INTO NOTIFICATION VALUES(None, '2018-04-26 16:15:00', 'Upcoming appointment', 'Do not forget that you have appointment 389 in room 487.', 9);
INSERT INTO NOTIFICATION VALUES(None, '2018-04-26 16:15:00', 'Upcoming appointment', 'Do not forget that you have appointment 389 in room 487.', 19);
INSERT INTO INVOICE_BILL VALUES('2018-04-26 16:45:00', 600, 3, True);
INSERT INTO MEDICAL_RECORD VALUES('Medical record description 452.', '2018-04-26 16:45:00', 389, 1);
INSERT INTO APPOINTMENT VALUES(390, 130, 0, '2016-04-20 10:45:00', '2016-04-20 11:00:00', 19, 4, None);
INSERT INTO NOTIFICATION VALUES(None, '2016-04-20 10:30:00', 'Upcoming appointment', 'Do not forget that you have appointment 390 in room 130.', 9);
INSERT INTO NOTIFICATION VALUES(None, '2016-04-20 10:30:00', 'Upcoming appointment', 'Do not forget that you have appointment 390 in room 130.', 19);
INSERT INTO INVOICE_BILL VALUES('2016-04-20 11:00:00', 850, 9, False);
INSERT INTO MEDICAL_RECORD VALUES('Medical record description 992.', '2016-04-20 11:00:00', 390, 4);
INSERT INTO APPOINTMENT VALUES(391, 213, 1, '2019-08-20 15:45:00', '2019-08-20 16:00:00', 19, 2, None);
INSERT INTO NOTIFICATION VALUES(None, '2019-08-20 15:30:00', 'Upcoming appointment', 'Do not forget that you have appointment 391 in room 213.', 4);
INSERT INTO NOTIFICATION VALUES(None, '2019-08-20 15:30:00', 'Upcoming appointment', 'Do not forget that you have appointment 391 in room 213.', 19);
INSERT INTO INVOICE_BILL VALUES('2019-08-20 16:00:00', 250, 8, False);
INSERT INTO MEDICAL_RECORD VALUES('Medical record description 547.', '2019-08-20 16:00:00', 391, 2);
INSERT INTO APPOINTMENT VALUES(392, 338, 0, '2013-10-17 13:15:00', '2013-10-17 13:30:00', 19, 3, None);
INSERT INTO NOTIFICATION VALUES(None, '2013-10-17 13:00:00', 'Upcoming appointment', 'Do not forget that you have appointment 392 in room 338.', 10);
INSERT INTO NOTIFICATION VALUES(None, '2013-10-17 13:00:00', 'Upcoming appointment', 'Do not forget that you have appointment 392 in room 338.', 19);
INSERT INTO INVOICE_BILL VALUES('2013-10-17 13:30:00', 700, 10, True);
INSERT INTO MEDICAL_RECORD VALUES('Medical record description 26.', '2013-10-17 13:30:00', 392, 3);
INSERT INTO APPOINTMENT VALUES(393, 396, 0, '2018-12-04 12:30:00', '2018-12-04 12:45:00', 19, 10, None);
INSERT INTO NOTIFICATION VALUES(None, '2018-12-04 12:15:00', 'Upcoming appointment', 'Do not forget that you have appointment 393 in room 396.', 3);
INSERT INTO NOTIFICATION VALUES(None, '2018-12-04 12:15:00', 'Upcoming appointment', 'Do not forget that you have appointment 393 in room 396.', 19);
INSERT INTO INVOICE_BILL VALUES('2018-12-04 12:45:00', 850, 6, False);
INSERT INTO MEDICAL_RECORD VALUES('Medical record description 963.', '2018-12-04 12:45:00', 393, 10);
INSERT INTO APPOINTMENT VALUES(394, 469, 0, '2018-06-14 11:30:00', '2018-06-14 11:45:00', 19, 10, None);
INSERT INTO NOTIFICATION VALUES(None, '2018-06-14 11:15:00', 'Upcoming appointment', 'Do not forget that you have appointment 394 in room 469.', 5);
INSERT INTO NOTIFICATION VALUES(None, '2018-06-14 11:15:00', 'Upcoming appointment', 'Do not forget that you have appointment 394 in room 469.', 19);
INSERT INTO INVOICE_BILL VALUES('2018-06-14 11:45:00', 400, 5, False);
INSERT INTO MEDICAL_RECORD VALUES('Medical record description 529.', '2018-06-14 11:45:00', 394, 10);
INSERT INTO APPOINTMENT VALUES(395, 341, 1, '2018-08-30 13:15:00', '2018-08-30 13:30:00', 20, 1, None);
INSERT INTO NOTIFICATION VALUES(None, '2018-08-30 13:00:00', 'Upcoming appointment', 'Do not forget that you have appointment 395 in room 341.', 1);
INSERT INTO NOTIFICATION VALUES(None, '2018-08-30 13:00:00', 'Upcoming appointment', 'Do not forget that you have appointment 395 in room 341.', 20);
INSERT INTO INVOICE_BILL VALUES('2018-08-30 13:30:00', 300, 3, False);
INSERT INTO MEDICAL_RECORD VALUES('Medical record description 63.', '2018-08-30 13:30:00', 395, 1);
INSERT INTO APPOINTMENT VALUES(396, 421, 1, '2018-07-25 16:45:00', '2018-07-25 17:00:00', 20, 4, None);
INSERT INTO NOTIFICATION VALUES(None, '2018-07-25 16:30:00', 'Upcoming appointment', 'Do not forget that you have appointment 396 in room 421.', 4);
INSERT INTO NOTIFICATION VALUES(None, '2018-07-25 16:30:00', 'Upcoming appointment', 'Do not forget that you have appointment 396 in room 421.', 20);
INSERT INTO INVOICE_BILL VALUES('2018-07-25 17:00:00', 600, 15, False);
INSERT INTO MEDICAL_RECORD VALUES('Medical record description 334.', '2018-07-25 17:00:00', 396, 4);
INSERT INTO APPOINTMENT VALUES(397, 309, 0, '2017-06-20 17:45:00', '2017-06-20 18:00:00', 20, 2, None);
INSERT INTO NOTIFICATION VALUES(None, '2017-06-20 17:30:00', 'Upcoming appointment', 'Do not forget that you have appointment 397 in room 309.', 8);
INSERT INTO NOTIFICATION VALUES(None, '2017-06-20 17:30:00', 'Upcoming appointment', 'Do not forget that you have appointment 397 in room 309.', 20);
INSERT INTO INVOICE_BILL VALUES('2017-06-20 18:00:00', 200, 14, True);
INSERT INTO MEDICAL_RECORD VALUES('Medical record description 253.', '2017-06-20 18:00:00', 397, 2);
INSERT INTO APPOINTMENT VALUES(398, 479, 0, '2014-07-16 11:15:00', '2014-07-16 11:30:00', 20, 9, None);
INSERT INTO NOTIFICATION VALUES(None, '2014-07-16 11:00:00', 'Upcoming appointment', 'Do not forget that you have appointment 398 in room 479.', 1);
INSERT INTO NOTIFICATION VALUES(None, '2014-07-16 11:00:00', 'Upcoming appointment', 'Do not forget that you have appointment 398 in room 479.', 20);
INSERT INTO INVOICE_BILL VALUES('2014-07-16 11:30:00', 450, 6, True);
INSERT INTO MEDICAL_RECORD VALUES('Medical record description 732.', '2014-07-16 11:30:00', 398, 9);
INSERT INTO APPOINTMENT VALUES(399, 343, 0, '2013-07-11 15:00:00', '2013-07-11 15:15:00', 20, 1, None);
INSERT INTO NOTIFICATION VALUES(None, '2013-07-11 14:45:00', 'Upcoming appointment', 'Do not forget that you have appointment 399 in room 343.', 9);
INSERT INTO NOTIFICATION VALUES(None, '2013-07-11 14:45:00', 'Upcoming appointment', 'Do not forget that you have appointment 399 in room 343.', 20);
INSERT INTO INVOICE_BILL VALUES('2013-07-11 15:15:00', 300, 9, True);
INSERT INTO MEDICAL_RECORD VALUES('Medical record description 65.', '2013-07-11 15:15:00', 399, 1);
INSERT INTO APPOINTMENT VALUES(400, 141, 1, '2017-09-15 15:15:00', '2017-09-15 15:30:00', 20, 3, None);
INSERT INTO NOTIFICATION VALUES(None, '2017-09-15 15:00:00', 'Upcoming appointment', 'Do not forget that you have appointment 400 in room 141.', 4);
INSERT INTO NOTIFICATION VALUES(None, '2017-09-15 15:00:00', 'Upcoming appointment', 'Do not forget that you have appointment 400 in room 141.', 20);
INSERT INTO INVOICE_BILL VALUES('2017-09-15 15:30:00', 400, 5, True);
INSERT INTO MEDICAL_RECORD VALUES('Medical record description 911.', '2017-09-15 15:30:00', 400, 3);
INSERT INTO APPOINTMENT VALUES(401, 271, 1, '2018-05-08 14:30:00', '2018-05-08 14:45:00', 20, 9, None);
INSERT INTO NOTIFICATION VALUES(None, '2018-05-08 14:15:00', 'Upcoming appointment', 'Do not forget that you have appointment 401 in room 271.', 8);
INSERT INTO NOTIFICATION VALUES(None, '2018-05-08 14:15:00', 'Upcoming appointment', 'Do not forget that you have appointment 401 in room 271.', 20);
INSERT INTO INVOICE_BILL VALUES('2018-05-08 14:45:00', 200, 4, True);
INSERT INTO MEDICAL_RECORD VALUES('Medical record description 475.', '2018-05-08 14:45:00', 401, 9);
INSERT INTO APPOINTMENT VALUES(402, 347, 0, '2014-08-26 11:30:00', '2014-08-26 11:45:00', 20, 9, None);
INSERT INTO NOTIFICATION VALUES(None, '2014-08-26 11:15:00', 'Upcoming appointment', 'Do not forget that you have appointment 402 in room 347.', 10);
INSERT INTO NOTIFICATION VALUES(None, '2014-08-26 11:15:00', 'Upcoming appointment', 'Do not forget that you have appointment 402 in room 347.', 20);
INSERT INTO INVOICE_BILL VALUES('2014-08-26 11:45:00', 550, 13, False);
INSERT INTO MEDICAL_RECORD VALUES('Medical record description 96.', '2014-08-26 11:45:00', 402, 9);
INSERT INTO APPOINTMENT VALUES(403, 383, 1, '2018-02-16 12:15:00', '2018-02-16 12:30:00', 20, 2, None);
INSERT INTO NOTIFICATION VALUES(None, '2018-02-16 12:00:00', 'Upcoming appointment', 'Do not forget that you have appointment 403 in room 383.', 5);
INSERT INTO NOTIFICATION VALUES(None, '2018-02-16 12:00:00', 'Upcoming appointment', 'Do not forget that you have appointment 403 in room 383.', 20);
INSERT INTO INVOICE_BILL VALUES('2018-02-16 12:30:00', 250, 7, True);
INSERT INTO MEDICAL_RECORD VALUES('Medical record description 540.', '2018-02-16 12:30:00', 403, 2);
INSERT INTO APPOINTMENT VALUES(404, 348, 1, '2019-08-26 11:30:00', '2019-08-26 11:45:00', 20, 6, None);
INSERT INTO NOTIFICATION VALUES(None, '2019-08-26 11:15:00', 'Upcoming appointment', 'Do not forget that you have appointment 404 in room 348.', 3);
INSERT INTO NOTIFICATION VALUES(None, '2019-08-26 11:15:00', 'Upcoming appointment', 'Do not forget that you have appointment 404 in room 348.', 20);
INSERT INTO INVOICE_BILL VALUES('2019-08-26 11:45:00', 100, 1, True);
INSERT INTO MEDICAL_RECORD VALUES('Medical record description 652.', '2019-08-26 11:45:00', 404, 6);
INSERT INTO APPOINTMENT VALUES(405, 131, 0, '2017-06-07 14:00:00', '2017-06-07 14:15:00', 20, 3, None);
INSERT INTO NOTIFICATION VALUES(None, '2017-06-07 13:45:00', 'Upcoming appointment', 'Do not forget that you have appointment 405 in room 131.', 2);
INSERT INTO NOTIFICATION VALUES(None, '2017-06-07 13:45:00', 'Upcoming appointment', 'Do not forget that you have appointment 405 in room 131.', 20);
INSERT INTO INVOICE_BILL VALUES('2017-06-07 14:15:00', 650, 5, True);
INSERT INTO MEDICAL_RECORD VALUES('Medical record description 340.', '2017-06-07 14:15:00', 405, 3);
INSERT INTO APPOINTMENT VALUES(406, 490, 0, '2017-09-01 14:45:00', '2017-09-01 15:00:00', 20, 2, None);
INSERT INTO NOTIFICATION VALUES(None, '2017-09-01 14:30:00', 'Upcoming appointment', 'Do not forget that you have appointment 406 in room 490.', 1);
INSERT INTO NOTIFICATION VALUES(None, '2017-09-01 14:30:00', 'Upcoming appointment', 'Do not forget that you have appointment 406 in room 490.', 20);
INSERT INTO INVOICE_BILL VALUES('2017-09-01 15:00:00', 300, 11, True);
INSERT INTO MEDICAL_RECORD VALUES('Medical record description 482.', '2017-09-01 15:00:00', 406, 2);
INSERT INTO APPOINTMENT VALUES(407, 103, 0, '2015-10-16 13:00:00', '2015-10-16 13:15:00', 21, 9, None);
INSERT INTO NOTIFICATION VALUES(None, '2015-10-16 12:45:00', 'Upcoming appointment', 'Do not forget that you have appointment 407 in room 103.', 4);
INSERT INTO NOTIFICATION VALUES(None, '2015-10-16 12:45:00', 'Upcoming appointment', 'Do not forget that you have appointment 407 in room 103.', 21);
INSERT INTO INVOICE_BILL VALUES('2015-10-16 13:15:00', 750, 4, True);
INSERT INTO MEDICAL_RECORD VALUES('Medical record description 391.', '2015-10-16 13:15:00', 407, 9);
INSERT INTO APPOINTMENT VALUES(408, 333, 1, '2019-03-14 13:45:00', '2019-03-14 14:00:00', 21, 9, None);
INSERT INTO NOTIFICATION VALUES(None, '2019-03-14 13:30:00', 'Upcoming appointment', 'Do not forget that you have appointment 408 in room 333.', 10);
INSERT INTO NOTIFICATION VALUES(None, '2019-03-14 13:30:00', 'Upcoming appointment', 'Do not forget that you have appointment 408 in room 333.', 21);
INSERT INTO INVOICE_BILL VALUES('2019-03-14 14:00:00', 400, 12, True);
INSERT INTO MEDICAL_RECORD VALUES('Medical record description 335.', '2019-03-14 14:00:00', 408, 9);
INSERT INTO APPOINTMENT VALUES(409, 345, 0, '2017-11-09 11:30:00', '2017-11-09 11:45:00', 21, 3, None);
INSERT INTO NOTIFICATION VALUES(None, '2017-11-09 11:15:00', 'Upcoming appointment', 'Do not forget that you have appointment 409 in room 345.', 4);
INSERT INTO NOTIFICATION VALUES(None, '2017-11-09 11:15:00', 'Upcoming appointment', 'Do not forget that you have appointment 409 in room 345.', 21);
INSERT INTO INVOICE_BILL VALUES('2017-11-09 11:45:00', 750, 1, True);
INSERT INTO MEDICAL_RECORD VALUES('Medical record description 807.', '2017-11-09 11:45:00', 409, 3);
INSERT INTO APPOINTMENT VALUES(410, 290, 1, '2015-10-22 13:45:00', '2015-10-22 14:00:00', 21, 2, None);
INSERT INTO NOTIFICATION VALUES(None, '2015-10-22 13:30:00', 'Upcoming appointment', 'Do not forget that you have appointment 410 in room 290.', 9);
INSERT INTO NOTIFICATION VALUES(None, '2015-10-22 13:30:00', 'Upcoming appointment', 'Do not forget that you have appointment 410 in room 290.', 21);
INSERT INTO INVOICE_BILL VALUES('2015-10-22 14:00:00', 700, 14, True);
INSERT INTO MEDICAL_RECORD VALUES('Medical record description 96.', '2015-10-22 14:00:00', 410, 2);
INSERT INTO APPOINTMENT VALUES(411, 127, 0, '2017-11-23 13:30:00', '2017-11-23 13:45:00', 21, 1, None);
INSERT INTO NOTIFICATION VALUES(None, '2017-11-23 13:15:00', 'Upcoming appointment', 'Do not forget that you have appointment 411 in room 127.', 3);
INSERT INTO NOTIFICATION VALUES(None, '2017-11-23 13:15:00', 'Upcoming appointment', 'Do not forget that you have appointment 411 in room 127.', 21);
INSERT INTO INVOICE_BILL VALUES('2017-11-23 13:45:00', 800, 8, True);
INSERT INTO MEDICAL_RECORD VALUES('Medical record description 693.', '2017-11-23 13:45:00', 411, 1);
INSERT INTO APPOINTMENT VALUES(412, 122, 0, '2018-06-27 11:15:00', '2018-06-27 11:30:00', 21, 7, None);
INSERT INTO NOTIFICATION VALUES(None, '2018-06-27 11:00:00', 'Upcoming appointment', 'Do not forget that you have appointment 412 in room 122.', 8);
INSERT INTO NOTIFICATION VALUES(None, '2018-06-27 11:00:00', 'Upcoming appointment', 'Do not forget that you have appointment 412 in room 122.', 21);
INSERT INTO INVOICE_BILL VALUES('2018-06-27 11:30:00', 450, 7, True);
INSERT INTO MEDICAL_RECORD VALUES('Medical record description 179.', '2018-06-27 11:30:00', 412, 7);
INSERT INTO APPOINTMENT VALUES(413, 384, 0, '2019-01-07 11:15:00', '2019-01-07 11:30:00', 21, 7, None);
INSERT INTO NOTIFICATION VALUES(None, '2019-01-07 11:00:00', 'Upcoming appointment', 'Do not forget that you have appointment 413 in room 384.', 3);
INSERT INTO NOTIFICATION VALUES(None, '2019-01-07 11:00:00', 'Upcoming appointment', 'Do not forget that you have appointment 413 in room 384.', 21);
INSERT INTO INVOICE_BILL VALUES('2019-01-07 11:30:00', 100, 6, True);
INSERT INTO MEDICAL_RECORD VALUES('Medical record description 183.', '2019-01-07 11:30:00', 413, 7);
INSERT INTO APPOINTMENT VALUES(414, 317, 0, '2017-03-06 11:00:00', '2017-03-06 11:15:00', 21, 1, None);
INSERT INTO NOTIFICATION VALUES(None, '2017-03-06 10:45:00', 'Upcoming appointment', 'Do not forget that you have appointment 414 in room 317.', 2);
INSERT INTO NOTIFICATION VALUES(None, '2017-03-06 10:45:00', 'Upcoming appointment', 'Do not forget that you have appointment 414 in room 317.', 21);
INSERT INTO INVOICE_BILL VALUES('2017-03-06 11:15:00', 850, 13, True);
INSERT INTO MEDICAL_RECORD VALUES('Medical record description 810.', '2017-03-06 11:15:00', 414, 1);
INSERT INTO APPOINTMENT VALUES(415, 394, 1, '2019-11-04 13:15:00', '2019-11-04 13:30:00', 21, 10, None);
INSERT INTO NOTIFICATION VALUES(None, '2019-11-04 13:00:00', 'Upcoming appointment', 'Do not forget that you have appointment 415 in room 394.', 3);
INSERT INTO NOTIFICATION VALUES(None, '2019-11-04 13:00:00', 'Upcoming appointment', 'Do not forget that you have appointment 415 in room 394.', 21);
INSERT INTO INVOICE_BILL VALUES('2019-11-04 13:30:00', 200, 15, True);
INSERT INTO MEDICAL_RECORD VALUES('Medical record description 277.', '2019-11-04 13:30:00', 415, 10);
INSERT INTO APPOINTMENT VALUES(416, 477, 0, '2018-01-29 10:15:00', '2018-01-29 10:30:00', 21, 4, None);
INSERT INTO NOTIFICATION VALUES(None, '2018-01-29 10:00:00', 'Upcoming appointment', 'Do not forget that you have appointment 416 in room 477.', 1);
INSERT INTO NOTIFICATION VALUES(None, '2018-01-29 10:00:00', 'Upcoming appointment', 'Do not forget that you have appointment 416 in room 477.', 21);
INSERT INTO INVOICE_BILL VALUES('2018-01-29 10:30:00', 50, 7, True);
INSERT INTO MEDICAL_RECORD VALUES('Medical record description 782.', '2018-01-29 10:30:00', 416, 4);
INSERT INTO APPOINTMENT VALUES(417, 494, 0, '2019-09-06 12:00:00', '2019-09-06 12:15:00', 21, 1, None);
INSERT INTO NOTIFICATION VALUES(None, '2019-09-06 11:45:00', 'Upcoming appointment', 'Do not forget that you have appointment 417 in room 494.', 7);
INSERT INTO NOTIFICATION VALUES(None, '2019-09-06 11:45:00', 'Upcoming appointment', 'Do not forget that you have appointment 417 in room 494.', 21);
INSERT INTO INVOICE_BILL VALUES('2019-09-06 12:15:00', 150, 4, False);
INSERT INTO MEDICAL_RECORD VALUES('Medical record description 741.', '2019-09-06 12:15:00', 417, 1);
INSERT INTO APPOINTMENT VALUES(418, 307, 1, '2016-05-30 14:30:00', '2016-05-30 14:45:00', 21, 4, None);
INSERT INTO NOTIFICATION VALUES(None, '2016-05-30 14:15:00', 'Upcoming appointment', 'Do not forget that you have appointment 418 in room 307.', 8);
INSERT INTO NOTIFICATION VALUES(None, '2016-05-30 14:15:00', 'Upcoming appointment', 'Do not forget that you have appointment 418 in room 307.', 21);
INSERT INTO INVOICE_BILL VALUES('2016-05-30 14:45:00', 800, 13, True);
INSERT INTO MEDICAL_RECORD VALUES('Medical record description 219.', '2016-05-30 14:45:00', 418, 4);
INSERT INTO APPOINTMENT VALUES(419, 401, 1, '2019-08-08 11:15:00', '2019-08-08 11:30:00', 21, 10, None);
INSERT INTO NOTIFICATION VALUES(None, '2019-08-08 11:00:00', 'Upcoming appointment', 'Do not forget that you have appointment 419 in room 401.', 5);
INSERT INTO NOTIFICATION VALUES(None, '2019-08-08 11:00:00', 'Upcoming appointment', 'Do not forget that you have appointment 419 in room 401.', 21);
INSERT INTO INVOICE_BILL VALUES('2019-08-08 11:30:00', 800, 13, True);
INSERT INTO MEDICAL_RECORD VALUES('Medical record description 400.', '2019-08-08 11:30:00', 419, 10);
INSERT INTO APPOINTMENT VALUES(420, 497, 0, '2019-02-01 11:45:00', '2019-02-01 12:00:00', 21, 4, None);
INSERT INTO NOTIFICATION VALUES(None, '2019-02-01 11:30:00', 'Upcoming appointment', 'Do not forget that you have appointment 420 in room 497.', 7);
INSERT INTO NOTIFICATION VALUES(None, '2019-02-01 11:30:00', 'Upcoming appointment', 'Do not forget that you have appointment 420 in room 497.', 21);
INSERT INTO INVOICE_BILL VALUES('2019-02-01 12:00:00', 850, 7, False);
INSERT INTO MEDICAL_RECORD VALUES('Medical record description 211.', '2019-02-01 12:00:00', 420, 4);
INSERT INTO APPOINTMENT VALUES(421, 425, 1, '2017-09-20 15:15:00', '2017-09-20 15:30:00', 21, 3, None);
INSERT INTO NOTIFICATION VALUES(None, '2017-09-20 15:00:00', 'Upcoming appointment', 'Do not forget that you have appointment 421 in room 425.', 9);
INSERT INTO NOTIFICATION VALUES(None, '2017-09-20 15:00:00', 'Upcoming appointment', 'Do not forget that you have appointment 421 in room 425.', 21);
INSERT INTO INVOICE_BILL VALUES('2017-09-20 15:30:00', 150, 15, False);
INSERT INTO MEDICAL_RECORD VALUES('Medical record description 119.', '2017-09-20 15:30:00', 421, 3);
INSERT INTO APPOINTMENT VALUES(422, 442, 0, '2018-03-21 12:00:00', '2018-03-21 12:15:00', 21, 6, None);
INSERT INTO NOTIFICATION VALUES(None, '2018-03-21 11:45:00', 'Upcoming appointment', 'Do not forget that you have appointment 422 in room 442.', 4);
INSERT INTO NOTIFICATION VALUES(None, '2018-03-21 11:45:00', 'Upcoming appointment', 'Do not forget that you have appointment 422 in room 442.', 21);
INSERT INTO INVOICE_BILL VALUES('2018-03-21 12:15:00', 150, 8, True);
INSERT INTO MEDICAL_RECORD VALUES('Medical record description 413.', '2018-03-21 12:15:00', 422, 6);
INSERT INTO APPOINTMENT VALUES(423, 187, 1, '2019-05-31 11:00:00', '2019-05-31 11:15:00', 21, 1, None);
INSERT INTO NOTIFICATION VALUES(None, '2019-05-31 10:45:00', 'Upcoming appointment', 'Do not forget that you have appointment 423 in room 187.', 1);
INSERT INTO NOTIFICATION VALUES(None, '2019-05-31 10:45:00', 'Upcoming appointment', 'Do not forget that you have appointment 423 in room 187.', 21);
INSERT INTO INVOICE_BILL VALUES('2019-05-31 11:15:00', 800, 11, True);
INSERT INTO MEDICAL_RECORD VALUES('Medical record description 31.', '2019-05-31 11:15:00', 423, 1);
INSERT INTO APPOINTMENT VALUES(424, 344, 1, '2014-02-19 15:45:00', '2014-02-19 16:00:00', 21, 9, None);
INSERT INTO NOTIFICATION VALUES(None, '2014-02-19 15:30:00', 'Upcoming appointment', 'Do not forget that you have appointment 424 in room 344.', 2);
INSERT INTO NOTIFICATION VALUES(None, '2014-02-19 15:30:00', 'Upcoming appointment', 'Do not forget that you have appointment 424 in room 344.', 21);
INSERT INTO INVOICE_BILL VALUES('2014-02-19 16:00:00', 850, 9, False);
INSERT INTO MEDICAL_RECORD VALUES('Medical record description 739.', '2014-02-19 16:00:00', 424, 9);
INSERT INTO APPOINTMENT VALUES(425, 481, 1, '2019-02-26 16:30:00', '2019-02-26 16:45:00', 21, 9, None);
INSERT INTO NOTIFICATION VALUES(None, '2019-02-26 16:15:00', 'Upcoming appointment', 'Do not forget that you have appointment 425 in room 481.', 3);
INSERT INTO NOTIFICATION VALUES(None, '2019-02-26 16:15:00', 'Upcoming appointment', 'Do not forget that you have appointment 425 in room 481.', 21);
INSERT INTO INVOICE_BILL VALUES('2019-02-26 16:45:00', 300, 11, True);
INSERT INTO MEDICAL_RECORD VALUES('Medical record description 155.', '2019-02-26 16:45:00', 425, 9);
INSERT INTO APPOINTMENT VALUES(426, 232, 0, '2015-09-29 12:30:00', '2015-09-29 12:45:00', 21, 2, None);
INSERT INTO NOTIFICATION VALUES(None, '2015-09-29 12:15:00', 'Upcoming appointment', 'Do not forget that you have appointment 426 in room 232.', 4);
INSERT INTO NOTIFICATION VALUES(None, '2015-09-29 12:15:00', 'Upcoming appointment', 'Do not forget that you have appointment 426 in room 232.', 21);
INSERT INTO INVOICE_BILL VALUES('2015-09-29 12:45:00', 200, 11, False);
INSERT INTO MEDICAL_RECORD VALUES('Medical record description 769.', '2015-09-29 12:45:00', 426, 2);
INSERT INTO APPOINTMENT VALUES(427, 392, 0, '2019-08-13 10:00:00', '2019-08-13 10:15:00', 21, 2, None);
INSERT INTO NOTIFICATION VALUES(None, '2019-08-13 09:45:00', 'Upcoming appointment', 'Do not forget that you have appointment 427 in room 392.', 4);
INSERT INTO NOTIFICATION VALUES(None, '2019-08-13 09:45:00', 'Upcoming appointment', 'Do not forget that you have appointment 427 in room 392.', 21);
INSERT INTO INVOICE_BILL VALUES('2019-08-13 10:15:00', 250, 3, False);
INSERT INTO MEDICAL_RECORD VALUES('Medical record description 358.', '2019-08-13 10:15:00', 427, 2);
INSERT INTO APPOINTMENT VALUES(428, 427, 0, '2016-08-09 10:15:00', '2016-08-09 10:30:00', 21, 4, None);
INSERT INTO NOTIFICATION VALUES(None, '2016-08-09 10:00:00', 'Upcoming appointment', 'Do not forget that you have appointment 428 in room 427.', 8);
INSERT INTO NOTIFICATION VALUES(None, '2016-08-09 10:00:00', 'Upcoming appointment', 'Do not forget that you have appointment 428 in room 427.', 21);
INSERT INTO INVOICE_BILL VALUES('2016-08-09 10:30:00', 150, 9, True);
INSERT INTO MEDICAL_RECORD VALUES('Medical record description 230.', '2016-08-09 10:30:00', 428, 4);
INSERT INTO APPOINTMENT VALUES(429, 261, 0, '2016-05-31 13:15:00', '2016-05-31 13:30:00', 21, 2, None);
INSERT INTO NOTIFICATION VALUES(None, '2016-05-31 13:00:00', 'Upcoming appointment', 'Do not forget that you have appointment 429 in room 261.', 8);
INSERT INTO NOTIFICATION VALUES(None, '2016-05-31 13:00:00', 'Upcoming appointment', 'Do not forget that you have appointment 429 in room 261.', 21);
INSERT INTO INVOICE_BILL VALUES('2016-05-31 13:30:00', 550, 15, False);
INSERT INTO MEDICAL_RECORD VALUES('Medical record description 261.', '2016-05-31 13:30:00', 429, 2);
INSERT INTO APPOINTMENT VALUES(430, 214, 0, '2016-02-12 11:30:00', '2016-02-12 11:45:00', 21, 6, None);
INSERT INTO NOTIFICATION VALUES(None, '2016-02-12 11:15:00', 'Upcoming appointment', 'Do not forget that you have appointment 430 in room 214.', 4);
INSERT INTO NOTIFICATION VALUES(None, '2016-02-12 11:15:00', 'Upcoming appointment', 'Do not forget that you have appointment 430 in room 214.', 21);
INSERT INTO INVOICE_BILL VALUES('2016-02-12 11:45:00', 900, 3, True);
INSERT INTO MEDICAL_RECORD VALUES('Medical record description 34.', '2016-02-12 11:45:00', 430, 6);
INSERT INTO APPOINTMENT VALUES(431, 275, 1, '2016-09-05 14:00:00', '2016-09-05 14:15:00', 21, 1, None);
INSERT INTO NOTIFICATION VALUES(None, '2016-09-05 13:45:00', 'Upcoming appointment', 'Do not forget that you have appointment 431 in room 275.', 6);
INSERT INTO NOTIFICATION VALUES(None, '2016-09-05 13:45:00', 'Upcoming appointment', 'Do not forget that you have appointment 431 in room 275.', 21);
INSERT INTO INVOICE_BILL VALUES('2016-09-05 14:15:00', 250, 15, True);
INSERT INTO MEDICAL_RECORD VALUES('Medical record description 632.', '2016-09-05 14:15:00', 431, 1);
INSERT INTO APPOINTMENT VALUES(432, 431, 0, '2010-07-13 12:00:00', '2010-07-13 12:15:00', 21, 3, None);
INSERT INTO NOTIFICATION VALUES(None, '2010-07-13 11:45:00', 'Upcoming appointment', 'Do not forget that you have appointment 432 in room 431.', 10);
INSERT INTO NOTIFICATION VALUES(None, '2010-07-13 11:45:00', 'Upcoming appointment', 'Do not forget that you have appointment 432 in room 431.', 21);
INSERT INTO INVOICE_BILL VALUES('2010-07-13 12:15:00', 850, 10, True);
INSERT INTO MEDICAL_RECORD VALUES('Medical record description 144.', '2010-07-13 12:15:00', 432, 3);
INSERT INTO APPOINTMENT VALUES(433, 230, 1, '2018-08-13 15:15:00', '2018-08-13 15:30:00', 21, 9, None);
INSERT INTO NOTIFICATION VALUES(None, '2018-08-13 15:00:00', 'Upcoming appointment', 'Do not forget that you have appointment 433 in room 230.', 2);
INSERT INTO NOTIFICATION VALUES(None, '2018-08-13 15:00:00', 'Upcoming appointment', 'Do not forget that you have appointment 433 in room 230.', 21);
INSERT INTO INVOICE_BILL VALUES('2018-08-13 15:30:00', 600, 6, False);
INSERT INTO MEDICAL_RECORD VALUES('Medical record description 849.', '2018-08-13 15:30:00', 433, 9);
INSERT INTO APPOINTMENT VALUES(434, 492, 0, '2019-07-16 17:45:00', '2019-07-16 18:00:00', 21, 5, None);
INSERT INTO NOTIFICATION VALUES(None, '2019-07-16 17:30:00', 'Upcoming appointment', 'Do not forget that you have appointment 434 in room 492.', 2);
INSERT INTO NOTIFICATION VALUES(None, '2019-07-16 17:30:00', 'Upcoming appointment', 'Do not forget that you have appointment 434 in room 492.', 21);
INSERT INTO INVOICE_BILL VALUES('2019-07-16 18:00:00', 300, 9, False);
INSERT INTO MEDICAL_RECORD VALUES('Medical record description 906.', '2019-07-16 18:00:00', 434, 5);
INSERT INTO APPOINTMENT VALUES(435, 284, 1, '2014-02-05 14:45:00', '2014-02-05 15:00:00', 21, 9, None);
INSERT INTO NOTIFICATION VALUES(None, '2014-02-05 14:30:00', 'Upcoming appointment', 'Do not forget that you have appointment 435 in room 284.', 5);
INSERT INTO NOTIFICATION VALUES(None, '2014-02-05 14:30:00', 'Upcoming appointment', 'Do not forget that you have appointment 435 in room 284.', 21);
INSERT INTO INVOICE_BILL VALUES('2014-02-05 15:00:00', 450, 15, True);
INSERT INTO MEDICAL_RECORD VALUES('Medical record description 278.', '2014-02-05 15:00:00', 435, 9);
INSERT INTO APPOINTMENT VALUES(436, 341, 1, '2015-07-02 13:45:00', '2015-07-02 14:00:00', 21, 9, None);
INSERT INTO NOTIFICATION VALUES(None, '2015-07-02 13:30:00', 'Upcoming appointment', 'Do not forget that you have appointment 436 in room 341.', 2);
INSERT INTO NOTIFICATION VALUES(None, '2015-07-02 13:30:00', 'Upcoming appointment', 'Do not forget that you have appointment 436 in room 341.', 21);
INSERT INTO INVOICE_BILL VALUES('2015-07-02 14:00:00', 700, 12, False);
INSERT INTO MEDICAL_RECORD VALUES('Medical record description 458.', '2015-07-02 14:00:00', 436, 9);
INSERT INTO APPOINTMENT VALUES(437, 383, 0, '2015-06-19 10:15:00', '2015-06-19 10:30:00', 22, 2, None);
INSERT INTO NOTIFICATION VALUES(None, '2015-06-19 10:00:00', 'Upcoming appointment', 'Do not forget that you have appointment 437 in room 383.', 3);
INSERT INTO NOTIFICATION VALUES(None, '2015-06-19 10:00:00', 'Upcoming appointment', 'Do not forget that you have appointment 437 in room 383.', 22);
INSERT INTO INVOICE_BILL VALUES('2015-06-19 10:30:00', 650, 15, True);
INSERT INTO MEDICAL_RECORD VALUES('Medical record description 485.', '2015-06-19 10:30:00', 437, 2);
INSERT INTO APPOINTMENT VALUES(438, 316, 0, '2015-09-25 12:45:00', '2015-09-25 13:00:00', 22, 1, None);
INSERT INTO NOTIFICATION VALUES(None, '2015-09-25 12:30:00', 'Upcoming appointment', 'Do not forget that you have appointment 438 in room 316.', 3);
INSERT INTO NOTIFICATION VALUES(None, '2015-09-25 12:30:00', 'Upcoming appointment', 'Do not forget that you have appointment 438 in room 316.', 22);
INSERT INTO INVOICE_BILL VALUES('2015-09-25 13:00:00', 300, 9, False);
INSERT INTO MEDICAL_RECORD VALUES('Medical record description 618.', '2015-09-25 13:00:00', 438, 1);
INSERT INTO APPOINTMENT VALUES(439, 405, 1, '2014-02-06 15:45:00', '2014-02-06 16:00:00', 22, 9, None);
INSERT INTO NOTIFICATION VALUES(None, '2014-02-06 15:30:00', 'Upcoming appointment', 'Do not forget that you have appointment 439 in room 405.', 9);
INSERT INTO NOTIFICATION VALUES(None, '2014-02-06 15:30:00', 'Upcoming appointment', 'Do not forget that you have appointment 439 in room 405.', 22);
INSERT INTO INVOICE_BILL VALUES('2014-02-06 16:00:00', 800, 1, False);
INSERT INTO MEDICAL_RECORD VALUES('Medical record description 328.', '2014-02-06 16:00:00', 439, 9);
INSERT INTO APPOINTMENT VALUES(440, 170, 0, '2017-12-11 10:00:00', '2017-12-11 10:15:00', 22, 1, None);
INSERT INTO NOTIFICATION VALUES(None, '2017-12-11 09:45:00', 'Upcoming appointment', 'Do not forget that you have appointment 440 in room 170.', 9);
INSERT INTO NOTIFICATION VALUES(None, '2017-12-11 09:45:00', 'Upcoming appointment', 'Do not forget that you have appointment 440 in room 170.', 22);
INSERT INTO INVOICE_BILL VALUES('2017-12-11 10:15:00', 1000, 12, False);
INSERT INTO MEDICAL_RECORD VALUES('Medical record description 272.', '2017-12-11 10:15:00', 440, 1);
INSERT INTO APPOINTMENT VALUES(441, 246, 1, '2017-06-30 12:30:00', '2017-06-30 12:45:00', 22, 9, None);
INSERT INTO NOTIFICATION VALUES(None, '2017-06-30 12:15:00', 'Upcoming appointment', 'Do not forget that you have appointment 441 in room 246.', 3);
INSERT INTO NOTIFICATION VALUES(None, '2017-06-30 12:15:00', 'Upcoming appointment', 'Do not forget that you have appointment 441 in room 246.', 22);
INSERT INTO INVOICE_BILL VALUES('2017-06-30 12:45:00', 750, 13, True);
INSERT INTO MEDICAL_RECORD VALUES('Medical record description 463.', '2017-06-30 12:45:00', 441, 9);
INSERT INTO APPOINTMENT VALUES(442, 144, 1, '2019-11-21 12:15:00', '2019-11-21 12:30:00', 22, 2, None);
INSERT INTO NOTIFICATION VALUES(None, '2019-11-21 12:00:00', 'Upcoming appointment', 'Do not forget that you have appointment 442 in room 144.', 9);
INSERT INTO NOTIFICATION VALUES(None, '2019-11-21 12:00:00', 'Upcoming appointment', 'Do not forget that you have appointment 442 in room 144.', 22);
INSERT INTO INVOICE_BILL VALUES('2019-11-21 12:30:00', 700, 15, True);
INSERT INTO MEDICAL_RECORD VALUES('Medical record description 790.', '2019-11-21 12:30:00', 442, 2);
INSERT INTO APPOINTMENT VALUES(443, 237, 0, '2015-09-16 10:30:00', '2015-09-16 10:45:00', 22, 3, None);
INSERT INTO NOTIFICATION VALUES(None, '2015-09-16 10:15:00', 'Upcoming appointment', 'Do not forget that you have appointment 443 in room 237.', 2);
INSERT INTO NOTIFICATION VALUES(None, '2015-09-16 10:15:00', 'Upcoming appointment', 'Do not forget that you have appointment 443 in room 237.', 22);
INSERT INTO INVOICE_BILL VALUES('2015-09-16 10:45:00', 700, 1, False);
INSERT INTO MEDICAL_RECORD VALUES('Medical record description 377.', '2015-09-16 10:45:00', 443, 3);
INSERT INTO APPOINTMENT VALUES(444, 269, 0, '2017-11-17 12:00:00', '2017-11-17 12:15:00', 22, 6, None);
INSERT INTO NOTIFICATION VALUES(None, '2017-11-17 11:45:00', 'Upcoming appointment', 'Do not forget that you have appointment 444 in room 269.', 7);
INSERT INTO NOTIFICATION VALUES(None, '2017-11-17 11:45:00', 'Upcoming appointment', 'Do not forget that you have appointment 444 in room 269.', 22);
INSERT INTO INVOICE_BILL VALUES('2017-11-17 12:15:00', 700, 9, True);
INSERT INTO MEDICAL_RECORD VALUES('Medical record description 744.', '2017-11-17 12:15:00', 444, 6);
INSERT INTO APPOINTMENT VALUES(445, 418, 1, '2018-03-05 10:00:00', '2018-03-05 10:15:00', 22, 8, None);
INSERT INTO NOTIFICATION VALUES(None, '2018-03-05 09:45:00', 'Upcoming appointment', 'Do not forget that you have appointment 445 in room 418.', 1);
INSERT INTO NOTIFICATION VALUES(None, '2018-03-05 09:45:00', 'Upcoming appointment', 'Do not forget that you have appointment 445 in room 418.', 22);
INSERT INTO INVOICE_BILL VALUES('2018-03-05 10:15:00', 100, 14, False);
INSERT INTO MEDICAL_RECORD VALUES('Medical record description 900.', '2018-03-05 10:15:00', 445, 8);
INSERT INTO APPOINTMENT VALUES(446, 298, 1, '2017-06-21 15:15:00', '2017-06-21 15:30:00', 22, 7, None);
INSERT INTO NOTIFICATION VALUES(None, '2017-06-21 15:00:00', 'Upcoming appointment', 'Do not forget that you have appointment 446 in room 298.', 2);
INSERT INTO NOTIFICATION VALUES(None, '2017-06-21 15:00:00', 'Upcoming appointment', 'Do not forget that you have appointment 446 in room 298.', 22);
INSERT INTO INVOICE_BILL VALUES('2017-06-21 15:30:00', 1000, 11, True);
INSERT INTO MEDICAL_RECORD VALUES('Medical record description 187.', '2017-06-21 15:30:00', 446, 7);
INSERT INTO APPOINTMENT VALUES(447, 426, 0, '2019-01-09 17:45:00', '2019-01-09 18:00:00', 22, 3, None);
INSERT INTO NOTIFICATION VALUES(None, '2019-01-09 17:30:00', 'Upcoming appointment', 'Do not forget that you have appointment 447 in room 426.', 5);
INSERT INTO NOTIFICATION VALUES(None, '2019-01-09 17:30:00', 'Upcoming appointment', 'Do not forget that you have appointment 447 in room 426.', 22);
INSERT INTO INVOICE_BILL VALUES('2019-01-09 18:00:00', 650, 5, False);
INSERT INTO MEDICAL_RECORD VALUES('Medical record description 885.', '2019-01-09 18:00:00', 447, 3);
INSERT INTO APPOINTMENT VALUES(448, 325, 1, '2019-03-15 14:15:00', '2019-03-15 14:30:00', 22, 10, None);
INSERT INTO NOTIFICATION VALUES(None, '2019-03-15 14:00:00', 'Upcoming appointment', 'Do not forget that you have appointment 448 in room 325.', 5);
INSERT INTO NOTIFICATION VALUES(None, '2019-03-15 14:00:00', 'Upcoming appointment', 'Do not forget that you have appointment 448 in room 325.', 22);
INSERT INTO INVOICE_BILL VALUES('2019-03-15 14:30:00', 700, 14, False);
INSERT INTO MEDICAL_RECORD VALUES('Medical record description 327.', '2019-03-15 14:30:00', 448, 10);
INSERT INTO APPOINTMENT VALUES(449, 286, 1, '2010-03-16 16:30:00', '2010-03-16 16:45:00', 22, 3, None);
INSERT INTO NOTIFICATION VALUES(None, '2010-03-16 16:15:00', 'Upcoming appointment', 'Do not forget that you have appointment 449 in room 286.', 7);
INSERT INTO NOTIFICATION VALUES(None, '2010-03-16 16:15:00', 'Upcoming appointment', 'Do not forget that you have appointment 449 in room 286.', 22);
INSERT INTO INVOICE_BILL VALUES('2010-03-16 16:45:00', 450, 5, True);
INSERT INTO MEDICAL_RECORD VALUES('Medical record description 594.', '2010-03-16 16:45:00', 449, 3);
INSERT INTO APPOINTMENT VALUES(450, 347, 0, '2016-01-07 17:45:00', '2016-01-07 18:00:00', 22, 9, None);
INSERT INTO NOTIFICATION VALUES(None, '2016-01-07 17:30:00', 'Upcoming appointment', 'Do not forget that you have appointment 450 in room 347.', 3);
INSERT INTO NOTIFICATION VALUES(None, '2016-01-07 17:30:00', 'Upcoming appointment', 'Do not forget that you have appointment 450 in room 347.', 22);
INSERT INTO INVOICE_BILL VALUES('2016-01-07 18:00:00', 750, 7, False);
INSERT INTO MEDICAL_RECORD VALUES('Medical record description 176.', '2016-01-07 18:00:00', 450, 9);
INSERT INTO APPOINTMENT VALUES(451, 460, 1, '2019-02-19 17:45:00', '2019-02-19 18:00:00', 22, 7, None);
INSERT INTO NOTIFICATION VALUES(None, '2019-02-19 17:30:00', 'Upcoming appointment', 'Do not forget that you have appointment 451 in room 460.', 2);
INSERT INTO NOTIFICATION VALUES(None, '2019-02-19 17:30:00', 'Upcoming appointment', 'Do not forget that you have appointment 451 in room 460.', 22);
INSERT INTO INVOICE_BILL VALUES('2019-02-19 18:00:00', 650, 7, False);
INSERT INTO MEDICAL_RECORD VALUES('Medical record description 927.', '2019-02-19 18:00:00', 451, 7);
INSERT INTO APPOINTMENT VALUES(452, 369, 0, '2009-12-07 15:00:00', '2009-12-07 15:15:00', 22, 3, None);
INSERT INTO NOTIFICATION VALUES(None, '2009-12-07 14:45:00', 'Upcoming appointment', 'Do not forget that you have appointment 452 in room 369.', 7);
INSERT INTO NOTIFICATION VALUES(None, '2009-12-07 14:45:00', 'Upcoming appointment', 'Do not forget that you have appointment 452 in room 369.', 22);
INSERT INTO INVOICE_BILL VALUES('2009-12-07 15:15:00', 550, 12, False);
INSERT INTO MEDICAL_RECORD VALUES('Medical record description 94.', '2009-12-07 15:15:00', 452, 3);
INSERT INTO APPOINTMENT VALUES(453, 146, 0, '2019-11-20 14:15:00', '2019-11-20 14:30:00', 22, 1, None);
INSERT INTO NOTIFICATION VALUES(None, '2019-11-20 14:00:00', 'Upcoming appointment', 'Do not forget that you have appointment 453 in room 146.', 5);
INSERT INTO NOTIFICATION VALUES(None, '2019-11-20 14:00:00', 'Upcoming appointment', 'Do not forget that you have appointment 453 in room 146.', 22);
INSERT INTO INVOICE_BILL VALUES('2019-11-20 14:30:00', 950, 5, False);
INSERT INTO MEDICAL_RECORD VALUES('Medical record description 282.', '2019-11-20 14:30:00', 453, 1);
INSERT INTO APPOINTMENT VALUES(454, 440, 1, '2019-01-23 10:15:00', '2019-01-23 10:30:00', 22, 10, None);
INSERT INTO NOTIFICATION VALUES(None, '2019-01-23 10:00:00', 'Upcoming appointment', 'Do not forget that you have appointment 454 in room 440.', 5);
INSERT INTO NOTIFICATION VALUES(None, '2019-01-23 10:00:00', 'Upcoming appointment', 'Do not forget that you have appointment 454 in room 440.', 22);
INSERT INTO INVOICE_BILL VALUES('2019-01-23 10:30:00', 300, 14, False);
INSERT INTO MEDICAL_RECORD VALUES('Medical record description 617.', '2019-01-23 10:30:00', 454, 10);
INSERT INTO APPOINTMENT VALUES(455, 184, 1, '2010-08-27 13:15:00', '2010-08-27 13:30:00', 22, 3, None);
INSERT INTO NOTIFICATION VALUES(None, '2010-08-27 13:00:00', 'Upcoming appointment', 'Do not forget that you have appointment 455 in room 184.', 5);
INSERT INTO NOTIFICATION VALUES(None, '2010-08-27 13:00:00', 'Upcoming appointment', 'Do not forget that you have appointment 455 in room 184.', 22);
INSERT INTO INVOICE_BILL VALUES('2010-08-27 13:30:00', 750, 6, False);
INSERT INTO MEDICAL_RECORD VALUES('Medical record description 196.', '2010-08-27 13:30:00', 455, 3);
INSERT INTO APPOINTMENT VALUES(456, 465, 1, '2014-12-09 14:45:00', '2014-12-09 15:00:00', 22, 3, None);
INSERT INTO NOTIFICATION VALUES(None, '2014-12-09 14:30:00', 'Upcoming appointment', 'Do not forget that you have appointment 456 in room 465.', 1);
INSERT INTO NOTIFICATION VALUES(None, '2014-12-09 14:30:00', 'Upcoming appointment', 'Do not forget that you have appointment 456 in room 465.', 22);
INSERT INTO INVOICE_BILL VALUES('2014-12-09 15:00:00', 450, 2, True);
INSERT INTO MEDICAL_RECORD VALUES('Medical record description 614.', '2014-12-09 15:00:00', 456, 3);
INSERT INTO APPOINTMENT VALUES(457, 201, 0, '2018-01-29 12:30:00', '2018-01-29 12:45:00', 22, 1, None);
INSERT INTO NOTIFICATION VALUES(None, '2018-01-29 12:15:00', 'Upcoming appointment', 'Do not forget that you have appointment 457 in room 201.', 10);
INSERT INTO NOTIFICATION VALUES(None, '2018-01-29 12:15:00', 'Upcoming appointment', 'Do not forget that you have appointment 457 in room 201.', 22);
INSERT INTO INVOICE_BILL VALUES('2018-01-29 12:45:00', 850, 7, False);
INSERT INTO MEDICAL_RECORD VALUES('Medical record description 35.', '2018-01-29 12:45:00', 457, 1);
INSERT INTO APPOINTMENT VALUES(458, 410, 1, '2014-07-24 13:00:00', '2014-07-24 13:15:00', 22, 9, None);
INSERT INTO NOTIFICATION VALUES(None, '2014-07-24 12:45:00', 'Upcoming appointment', 'Do not forget that you have appointment 458 in room 410.', 10);
INSERT INTO NOTIFICATION VALUES(None, '2014-07-24 12:45:00', 'Upcoming appointment', 'Do not forget that you have appointment 458 in room 410.', 22);
INSERT INTO INVOICE_BILL VALUES('2014-07-24 13:15:00', 850, 11, True);
INSERT INTO MEDICAL_RECORD VALUES('Medical record description 475.', '2014-07-24 13:15:00', 458, 9);
INSERT INTO APPOINTMENT VALUES(459, 139, 0, '2019-04-17 10:45:00', '2019-04-17 11:00:00', 22, 10, None);
INSERT INTO NOTIFICATION VALUES(None, '2019-04-17 10:30:00', 'Upcoming appointment', 'Do not forget that you have appointment 459 in room 139.', 1);
INSERT INTO NOTIFICATION VALUES(None, '2019-04-17 10:30:00', 'Upcoming appointment', 'Do not forget that you have appointment 459 in room 139.', 22);
INSERT INTO INVOICE_BILL VALUES('2019-04-17 11:00:00', 250, 1, True);
INSERT INTO MEDICAL_RECORD VALUES('Medical record description 684.', '2019-04-17 11:00:00', 459, 10);
INSERT INTO APPOINTMENT VALUES(460, 285, 1, '2018-12-21 15:45:00', '2018-12-21 16:00:00', 22, 5, None);
INSERT INTO NOTIFICATION VALUES(None, '2018-12-21 15:30:00', 'Upcoming appointment', 'Do not forget that you have appointment 460 in room 285.', 6);
INSERT INTO NOTIFICATION VALUES(None, '2018-12-21 15:30:00', 'Upcoming appointment', 'Do not forget that you have appointment 460 in room 285.', 22);
INSERT INTO INVOICE_BILL VALUES('2018-12-21 16:00:00', 550, 14, True);
INSERT INTO MEDICAL_RECORD VALUES('Medical record description 86.', '2018-12-21 16:00:00', 460, 5);
INSERT INTO APPOINTMENT VALUES(461, 143, 0, '2018-06-04 17:45:00', '2018-06-04 18:00:00', 22, 7, None);
INSERT INTO NOTIFICATION VALUES(None, '2018-06-04 17:30:00', 'Upcoming appointment', 'Do not forget that you have appointment 461 in room 143.', 10);
INSERT INTO NOTIFICATION VALUES(None, '2018-06-04 17:30:00', 'Upcoming appointment', 'Do not forget that you have appointment 461 in room 143.', 22);
INSERT INTO INVOICE_BILL VALUES('2018-06-04 18:00:00', 700, 8, False);
INSERT INTO MEDICAL_RECORD VALUES('Medical record description 345.', '2018-06-04 18:00:00', 461, 7);
INSERT INTO APPOINTMENT VALUES(462, 476, 0, '2019-02-01 12:00:00', '2019-02-01 12:15:00', 22, 10, None);
INSERT INTO NOTIFICATION VALUES(None, '2019-02-01 11:45:00', 'Upcoming appointment', 'Do not forget that you have appointment 462 in room 476.', 1);
INSERT INTO NOTIFICATION VALUES(None, '2019-02-01 11:45:00', 'Upcoming appointment', 'Do not forget that you have appointment 462 in room 476.', 22);
INSERT INTO INVOICE_BILL VALUES('2019-02-01 12:15:00', 300, 12, True);
INSERT INTO MEDICAL_RECORD VALUES('Medical record description 158.', '2019-02-01 12:15:00', 462, 10);
INSERT INTO APPOINTMENT VALUES(463, 213, 0, '2019-11-07 17:00:00', '2019-11-07 17:15:00', 22, 1, None);
INSERT INTO NOTIFICATION VALUES(None, '2019-11-07 16:45:00', 'Upcoming appointment', 'Do not forget that you have appointment 463 in room 213.', 4);
INSERT INTO NOTIFICATION VALUES(None, '2019-11-07 16:45:00', 'Upcoming appointment', 'Do not forget that you have appointment 463 in room 213.', 22);
INSERT INTO INVOICE_BILL VALUES('2019-11-07 17:15:00', 700, 2, False);
INSERT INTO MEDICAL_RECORD VALUES('Medical record description 93.', '2019-11-07 17:15:00', 463, 1);
INSERT INTO APPOINTMENT VALUES(464, 403, 1, '2014-01-21 14:45:00', '2014-01-21 15:00:00', 22, 3, None);
INSERT INTO NOTIFICATION VALUES(None, '2014-01-21 14:30:00', 'Upcoming appointment', 'Do not forget that you have appointment 464 in room 403.', 9);
INSERT INTO NOTIFICATION VALUES(None, '2014-01-21 14:30:00', 'Upcoming appointment', 'Do not forget that you have appointment 464 in room 403.', 22);
INSERT INTO INVOICE_BILL VALUES('2014-01-21 15:00:00', 500, 12, True);
INSERT INTO MEDICAL_RECORD VALUES('Medical record description 8.', '2014-01-21 15:00:00', 464, 3);
INSERT INTO APPOINTMENT VALUES(465, 261, 1, '2019-11-11 12:00:00', '2019-11-11 12:15:00', 22, 8, None);
INSERT INTO NOTIFICATION VALUES(None, '2019-11-11 11:45:00', 'Upcoming appointment', 'Do not forget that you have appointment 465 in room 261.', 4);
INSERT INTO NOTIFICATION VALUES(None, '2019-11-11 11:45:00', 'Upcoming appointment', 'Do not forget that you have appointment 465 in room 261.', 22);
INSERT INTO INVOICE_BILL VALUES('2019-11-11 12:15:00', 700, 5, True);
INSERT INTO MEDICAL_RECORD VALUES('Medical record description 179.', '2019-11-11 12:15:00', 465, 8);
INSERT INTO APPOINTMENT VALUES(466, 382, 0, '2019-05-14 16:15:00', '2019-05-14 16:30:00', 23, 8, None);
INSERT INTO NOTIFICATION VALUES(None, '2019-05-14 16:00:00', 'Upcoming appointment', 'Do not forget that you have appointment 466 in room 382.', 7);
INSERT INTO NOTIFICATION VALUES(None, '2019-05-14 16:00:00', 'Upcoming appointment', 'Do not forget that you have appointment 466 in room 382.', 23);
INSERT INTO INVOICE_BILL VALUES('2019-05-14 16:30:00', 200, 14, False);
INSERT INTO MEDICAL_RECORD VALUES('Medical record description 159.', '2019-05-14 16:30:00', 466, 8);
INSERT INTO APPOINTMENT VALUES(467, 360, 1, '2019-11-04 16:45:00', '2019-11-04 17:00:00', 23, 7, None);
INSERT INTO NOTIFICATION VALUES(None, '2019-11-04 16:30:00', 'Upcoming appointment', 'Do not forget that you have appointment 467 in room 360.', 9);
INSERT INTO NOTIFICATION VALUES(None, '2019-11-04 16:30:00', 'Upcoming appointment', 'Do not forget that you have appointment 467 in room 360.', 23);
INSERT INTO INVOICE_BILL VALUES('2019-11-04 17:00:00', 900, 9, True);
INSERT INTO MEDICAL_RECORD VALUES('Medical record description 784.', '2019-11-04 17:00:00', 467, 7);
INSERT INTO APPOINTMENT VALUES(468, 302, 1, '2019-05-03 11:30:00', '2019-05-03 11:45:00', 23, 9, None);
INSERT INTO NOTIFICATION VALUES(None, '2019-05-03 11:15:00', 'Upcoming appointment', 'Do not forget that you have appointment 468 in room 302.', 4);
INSERT INTO NOTIFICATION VALUES(None, '2019-05-03 11:15:00', 'Upcoming appointment', 'Do not forget that you have appointment 468 in room 302.', 23);
INSERT INTO INVOICE_BILL VALUES('2019-05-03 11:45:00', 900, 7, True);
INSERT INTO MEDICAL_RECORD VALUES('Medical record description 332.', '2019-05-03 11:45:00', 468, 9);
INSERT INTO APPOINTMENT VALUES(469, 259, 0, '2018-07-26 12:30:00', '2018-07-26 12:45:00', 23, 9, None);
INSERT INTO NOTIFICATION VALUES(None, '2018-07-26 12:15:00', 'Upcoming appointment', 'Do not forget that you have appointment 469 in room 259.', 6);
INSERT INTO NOTIFICATION VALUES(None, '2018-07-26 12:15:00', 'Upcoming appointment', 'Do not forget that you have appointment 469 in room 259.', 23);
INSERT INTO INVOICE_BILL VALUES('2018-07-26 12:45:00', 300, 11, False);
INSERT INTO MEDICAL_RECORD VALUES('Medical record description 364.', '2018-07-26 12:45:00', 469, 9);
INSERT INTO APPOINTMENT VALUES(470, 163, 1, '2013-08-15 15:30:00', '2013-08-15 15:45:00', 23, 1, None);
INSERT INTO NOTIFICATION VALUES(None, '2013-08-15 15:15:00', 'Upcoming appointment', 'Do not forget that you have appointment 470 in room 163.', 6);
INSERT INTO NOTIFICATION VALUES(None, '2013-08-15 15:15:00', 'Upcoming appointment', 'Do not forget that you have appointment 470 in room 163.', 23);
INSERT INTO INVOICE_BILL VALUES('2013-08-15 15:45:00', 400, 10, True);
INSERT INTO MEDICAL_RECORD VALUES('Medical record description 811.', '2013-08-15 15:45:00', 470, 1);
INSERT INTO APPOINTMENT VALUES(471, 218, 0, '2019-05-14 11:45:00', '2019-05-14 12:00:00', 23, 4, None);
INSERT INTO NOTIFICATION VALUES(None, '2019-05-14 11:30:00', 'Upcoming appointment', 'Do not forget that you have appointment 471 in room 218.', 3);
INSERT INTO NOTIFICATION VALUES(None, '2019-05-14 11:30:00', 'Upcoming appointment', 'Do not forget that you have appointment 471 in room 218.', 23);
INSERT INTO INVOICE_BILL VALUES('2019-05-14 12:00:00', 900, 5, True);
INSERT INTO MEDICAL_RECORD VALUES('Medical record description 852.', '2019-05-14 12:00:00', 471, 4);
INSERT INTO APPOINTMENT VALUES(472, 292, 0, '2019-02-22 16:00:00', '2019-02-22 16:15:00', 23, 8, None);
INSERT INTO NOTIFICATION VALUES(None, '2019-02-22 15:45:00', 'Upcoming appointment', 'Do not forget that you have appointment 472 in room 292.', 9);
INSERT INTO NOTIFICATION VALUES(None, '2019-02-22 15:45:00', 'Upcoming appointment', 'Do not forget that you have appointment 472 in room 292.', 23);
INSERT INTO INVOICE_BILL VALUES('2019-02-22 16:15:00', 550, 4, False);
INSERT INTO MEDICAL_RECORD VALUES('Medical record description 165.', '2019-02-22 16:15:00', 472, 8);
INSERT INTO APPOINTMENT VALUES(473, 211, 0, '2019-07-05 11:15:00', '2019-07-05 11:30:00', 23, 8, None);
INSERT INTO NOTIFICATION VALUES(None, '2019-07-05 11:00:00', 'Upcoming appointment', 'Do not forget that you have appointment 473 in room 211.', 9);
INSERT INTO NOTIFICATION VALUES(None, '2019-07-05 11:00:00', 'Upcoming appointment', 'Do not forget that you have appointment 473 in room 211.', 23);
INSERT INTO INVOICE_BILL VALUES('2019-07-05 11:30:00', 350, 9, False);
INSERT INTO MEDICAL_RECORD VALUES('Medical record description 239.', '2019-07-05 11:30:00', 473, 8);
INSERT INTO APPOINTMENT VALUES(474, 121, 0, '2018-05-14 13:30:00', '2018-05-14 13:45:00', 23, 6, None);
INSERT INTO NOTIFICATION VALUES(None, '2018-05-14 13:15:00', 'Upcoming appointment', 'Do not forget that you have appointment 474 in room 121.', 4);
INSERT INTO NOTIFICATION VALUES(None, '2018-05-14 13:15:00', 'Upcoming appointment', 'Do not forget that you have appointment 474 in room 121.', 23);
INSERT INTO INVOICE_BILL VALUES('2018-05-14 13:45:00', 550, 7, False);
INSERT INTO MEDICAL_RECORD VALUES('Medical record description 652.', '2018-05-14 13:45:00', 474, 6);
INSERT INTO APPOINTMENT VALUES(475, 474, 0, '2010-06-16 14:15:00', '2010-06-16 14:30:00', 23, 3, None);
INSERT INTO NOTIFICATION VALUES(None, '2010-06-16 14:00:00', 'Upcoming appointment', 'Do not forget that you have appointment 475 in room 474.', 3);
INSERT INTO NOTIFICATION VALUES(None, '2010-06-16 14:00:00', 'Upcoming appointment', 'Do not forget that you have appointment 475 in room 474.', 23);
INSERT INTO INVOICE_BILL VALUES('2010-06-16 14:30:00', 250, 7, True);
INSERT INTO MEDICAL_RECORD VALUES('Medical record description 312.', '2010-06-16 14:30:00', 475, 3);
INSERT INTO APPOINTMENT VALUES(476, 434, 0, '2014-11-10 17:45:00', '2014-11-10 18:00:00', 23, 9, None);
INSERT INTO NOTIFICATION VALUES(None, '2014-11-10 17:30:00', 'Upcoming appointment', 'Do not forget that you have appointment 476 in room 434.', 5);
INSERT INTO NOTIFICATION VALUES(None, '2014-11-10 17:30:00', 'Upcoming appointment', 'Do not forget that you have appointment 476 in room 434.', 23);
INSERT INTO INVOICE_BILL VALUES('2014-11-10 18:00:00', 400, 8, False);
INSERT INTO MEDICAL_RECORD VALUES('Medical record description 794.', '2014-11-10 18:00:00', 476, 9);
INSERT INTO APPOINTMENT VALUES(477, 306, 0, '2013-03-19 13:45:00', '2013-03-19 14:00:00', 23, 1, None);
INSERT INTO NOTIFICATION VALUES(None, '2013-03-19 13:30:00', 'Upcoming appointment', 'Do not forget that you have appointment 477 in room 306.', 3);
INSERT INTO NOTIFICATION VALUES(None, '2013-03-19 13:30:00', 'Upcoming appointment', 'Do not forget that you have appointment 477 in room 306.', 23);
INSERT INTO INVOICE_BILL VALUES('2013-03-19 14:00:00', 300, 5, True);
INSERT INTO MEDICAL_RECORD VALUES('Medical record description 989.', '2013-03-19 14:00:00', 477, 1);
INSERT INTO APPOINTMENT VALUES(478, 301, 0, '2009-04-14 17:30:00', '2009-04-14 17:45:00', 23, 3, None);
INSERT INTO NOTIFICATION VALUES(None, '2009-04-14 17:15:00', 'Upcoming appointment', 'Do not forget that you have appointment 478 in room 301.', 9);
INSERT INTO NOTIFICATION VALUES(None, '2009-04-14 17:15:00', 'Upcoming appointment', 'Do not forget that you have appointment 478 in room 301.', 23);
INSERT INTO INVOICE_BILL VALUES('2009-04-14 17:45:00', 250, 15, True);
INSERT INTO MEDICAL_RECORD VALUES('Medical record description 193.', '2009-04-14 17:45:00', 478, 3);
INSERT INTO APPOINTMENT VALUES(479, 469, 1, '2018-07-26 12:15:00', '2018-07-26 12:30:00', 23, 6, None);
INSERT INTO NOTIFICATION VALUES(None, '2018-07-26 12:00:00', 'Upcoming appointment', 'Do not forget that you have appointment 479 in room 469.', 4);
INSERT INTO NOTIFICATION VALUES(None, '2018-07-26 12:00:00', 'Upcoming appointment', 'Do not forget that you have appointment 479 in room 469.', 23);
INSERT INTO INVOICE_BILL VALUES('2018-07-26 12:30:00', 750, 13, True);
INSERT INTO MEDICAL_RECORD VALUES('Medical record description 112.', '2018-07-26 12:30:00', 479, 6);
INSERT INTO APPOINTMENT VALUES(480, 144, 0, '2019-05-23 12:15:00', '2019-05-23 12:30:00', 24, 3, None);
INSERT INTO NOTIFICATION VALUES(None, '2019-05-23 12:00:00', 'Upcoming appointment', 'Do not forget that you have appointment 480 in room 144.', 9);
INSERT INTO NOTIFICATION VALUES(None, '2019-05-23 12:00:00', 'Upcoming appointment', 'Do not forget that you have appointment 480 in room 144.', 24);
INSERT INTO INVOICE_BILL VALUES('2019-05-23 12:30:00', 950, 13, False);
INSERT INTO MEDICAL_RECORD VALUES('Medical record description 631.', '2019-05-23 12:30:00', 480, 3);
INSERT INTO APPOINTMENT VALUES(481, 229, 0, '2018-05-29 16:30:00', '2018-05-29 16:45:00', 24, 10, None);
INSERT INTO NOTIFICATION VALUES(None, '2018-05-29 16:15:00', 'Upcoming appointment', 'Do not forget that you have appointment 481 in room 229.', 7);
INSERT INTO NOTIFICATION VALUES(None, '2018-05-29 16:15:00', 'Upcoming appointment', 'Do not forget that you have appointment 481 in room 229.', 24);
INSERT INTO INVOICE_BILL VALUES('2018-05-29 16:45:00', 800, 12, False);
INSERT INTO MEDICAL_RECORD VALUES('Medical record description 209.', '2018-05-29 16:45:00', 481, 10);
INSERT INTO APPOINTMENT VALUES(482, 421, 0, '2018-07-17 10:45:00', '2018-07-17 11:00:00', 24, 5, None);
INSERT INTO NOTIFICATION VALUES(None, '2018-07-17 10:30:00', 'Upcoming appointment', 'Do not forget that you have appointment 482 in room 421.', 7);
INSERT INTO NOTIFICATION VALUES(None, '2018-07-17 10:30:00', 'Upcoming appointment', 'Do not forget that you have appointment 482 in room 421.', 24);
INSERT INTO INVOICE_BILL VALUES('2018-07-17 11:00:00', 350, 5, True);
INSERT INTO MEDICAL_RECORD VALUES('Medical record description 270.', '2018-07-17 11:00:00', 482, 5);
INSERT INTO APPOINTMENT VALUES(483, 111, 1, '2015-04-30 17:30:00', '2015-04-30 17:45:00', 24, 9, None);
INSERT INTO NOTIFICATION VALUES(None, '2015-04-30 17:15:00', 'Upcoming appointment', 'Do not forget that you have appointment 483 in room 111.', 4);
INSERT INTO NOTIFICATION VALUES(None, '2015-04-30 17:15:00', 'Upcoming appointment', 'Do not forget that you have appointment 483 in room 111.', 24);
INSERT INTO INVOICE_BILL VALUES('2015-04-30 17:45:00', 800, 3, False);
INSERT INTO MEDICAL_RECORD VALUES('Medical record description 814.', '2015-04-30 17:45:00', 483, 9);
INSERT INTO APPOINTMENT VALUES(484, 468, 1, '2010-02-05 15:00:00', '2010-02-05 15:15:00', 24, 3, None);
INSERT INTO NOTIFICATION VALUES(None, '2010-02-05 14:45:00', 'Upcoming appointment', 'Do not forget that you have appointment 484 in room 468.', 1);
INSERT INTO NOTIFICATION VALUES(None, '2010-02-05 14:45:00', 'Upcoming appointment', 'Do not forget that you have appointment 484 in room 468.', 24);
INSERT INTO INVOICE_BILL VALUES('2010-02-05 15:15:00', 500, 12, True);
INSERT INTO MEDICAL_RECORD VALUES('Medical record description 168.', '2010-02-05 15:15:00', 484, 3);
INSERT INTO APPOINTMENT VALUES(485, 334, 1, '2017-04-12 11:15:00', '2017-04-12 11:30:00', 24, 3, None);
INSERT INTO NOTIFICATION VALUES(None, '2017-04-12 11:00:00', 'Upcoming appointment', 'Do not forget that you have appointment 485 in room 334.', 10);
INSERT INTO NOTIFICATION VALUES(None, '2017-04-12 11:00:00', 'Upcoming appointment', 'Do not forget that you have appointment 485 in room 334.', 24);
INSERT INTO INVOICE_BILL VALUES('2017-04-12 11:30:00', 1000, 1, True);
INSERT INTO MEDICAL_RECORD VALUES('Medical record description 654.', '2017-04-12 11:30:00', 485, 3);
INSERT INTO APPOINTMENT VALUES(486, 362, 1, '2018-03-23 10:15:00', '2018-03-23 10:30:00', 24, 9, None);
INSERT INTO NOTIFICATION VALUES(None, '2018-03-23 10:00:00', 'Upcoming appointment', 'Do not forget that you have appointment 486 in room 362.', 9);
INSERT INTO NOTIFICATION VALUES(None, '2018-03-23 10:00:00', 'Upcoming appointment', 'Do not forget that you have appointment 486 in room 362.', 24);
INSERT INTO INVOICE_BILL VALUES('2018-03-23 10:30:00', 600, 10, True);
INSERT INTO MEDICAL_RECORD VALUES('Medical record description 337.', '2018-03-23 10:30:00', 486, 9);
INSERT INTO APPOINTMENT VALUES(487, 249, 0, '2017-02-09 15:30:00', '2017-02-09 15:45:00', 24, 10, None);
INSERT INTO NOTIFICATION VALUES(None, '2017-02-09 15:15:00', 'Upcoming appointment', 'Do not forget that you have appointment 487 in room 249.', 5);
INSERT INTO NOTIFICATION VALUES(None, '2017-02-09 15:15:00', 'Upcoming appointment', 'Do not forget that you have appointment 487 in room 249.', 24);
INSERT INTO INVOICE_BILL VALUES('2017-02-09 15:45:00', 350, 5, False);
INSERT INTO MEDICAL_RECORD VALUES('Medical record description 31.', '2017-02-09 15:45:00', 487, 10);
INSERT INTO APPOINTMENT VALUES(488, 402, 0, '2016-05-09 15:15:00', '2016-05-09 15:30:00', 25, 6, None);
INSERT INTO NOTIFICATION VALUES(None, '2016-05-09 15:00:00', 'Upcoming appointment', 'Do not forget that you have appointment 488 in room 402.', 8);
INSERT INTO NOTIFICATION VALUES(None, '2016-05-09 15:00:00', 'Upcoming appointment', 'Do not forget that you have appointment 488 in room 402.', 25);
INSERT INTO INVOICE_BILL VALUES('2016-05-09 15:30:00', 150, 7, False);
INSERT INTO MEDICAL_RECORD VALUES('Medical record description 284.', '2016-05-09 15:30:00', 488, 6);
INSERT INTO APPOINTMENT VALUES(489, 181, 0, '2018-08-31 17:45:00', '2018-08-31 18:00:00', 25, 7, None);
INSERT INTO NOTIFICATION VALUES(None, '2018-08-31 17:30:00', 'Upcoming appointment', 'Do not forget that you have appointment 489 in room 181.', 7);
INSERT INTO NOTIFICATION VALUES(None, '2018-08-31 17:30:00', 'Upcoming appointment', 'Do not forget that you have appointment 489 in room 181.', 25);
INSERT INTO INVOICE_BILL VALUES('2018-08-31 18:00:00', 850, 10, True);
INSERT INTO MEDICAL_RECORD VALUES('Medical record description 925.', '2018-08-31 18:00:00', 489, 7);
INSERT INTO APPOINTMENT VALUES(490, 489, 0, '2018-12-25 17:15:00', '2018-12-25 17:30:00', 25, 7, None);
INSERT INTO NOTIFICATION VALUES(None, '2018-12-25 17:00:00', 'Upcoming appointment', 'Do not forget that you have appointment 490 in room 489.', 8);
INSERT INTO NOTIFICATION VALUES(None, '2018-12-25 17:00:00', 'Upcoming appointment', 'Do not forget that you have appointment 490 in room 489.', 25);
INSERT INTO INVOICE_BILL VALUES('2018-12-25 17:30:00', 800, 12, True);
INSERT INTO MEDICAL_RECORD VALUES('Medical record description 358.', '2018-12-25 17:30:00', 490, 7);
INSERT INTO APPOINTMENT VALUES(491, 296, 0, '2017-02-28 17:00:00', '2017-02-28 17:15:00', 25, 8, None);
INSERT INTO NOTIFICATION VALUES(None, '2017-02-28 16:45:00', 'Upcoming appointment', 'Do not forget that you have appointment 491 in room 296.', 3);
INSERT INTO NOTIFICATION VALUES(None, '2017-02-28 16:45:00', 'Upcoming appointment', 'Do not forget that you have appointment 491 in room 296.', 25);
INSERT INTO INVOICE_BILL VALUES('2017-02-28 17:15:00', 200, 8, False);
INSERT INTO MEDICAL_RECORD VALUES('Medical record description 916.', '2017-02-28 17:15:00', 491, 8);
INSERT INTO APPOINTMENT VALUES(492, 246, 1, '2010-06-22 12:00:00', '2010-06-22 12:15:00', 25, 3, None);
INSERT INTO NOTIFICATION VALUES(None, '2010-06-22 11:45:00', 'Upcoming appointment', 'Do not forget that you have appointment 492 in room 246.', 2);
INSERT INTO NOTIFICATION VALUES(None, '2010-06-22 11:45:00', 'Upcoming appointment', 'Do not forget that you have appointment 492 in room 246.', 25);
INSERT INTO INVOICE_BILL VALUES('2010-06-22 12:15:00', 650, 13, True);
INSERT INTO MEDICAL_RECORD VALUES('Medical record description 959.', '2010-06-22 12:15:00', 492, 3);
INSERT INTO APPOINTMENT VALUES(493, 266, 0, '2018-10-09 16:30:00', '2018-10-09 16:45:00', 25, 7, None);
INSERT INTO NOTIFICATION VALUES(None, '2018-10-09 16:15:00', 'Upcoming appointment', 'Do not forget that you have appointment 493 in room 266.', 10);
INSERT INTO NOTIFICATION VALUES(None, '2018-10-09 16:15:00', 'Upcoming appointment', 'Do not forget that you have appointment 493 in room 266.', 25);
INSERT INTO INVOICE_BILL VALUES('2018-10-09 16:45:00', 750, 5, True);
INSERT INTO MEDICAL_RECORD VALUES('Medical record description 659.', '2018-10-09 16:45:00', 493, 7);
INSERT INTO APPOINTMENT VALUES(494, 420, 1, '2015-06-16 10:00:00', '2015-06-16 10:15:00', 26, 4, None);
INSERT INTO NOTIFICATION VALUES(None, '2015-06-16 09:45:00', 'Upcoming appointment', 'Do not forget that you have appointment 494 in room 420.', 1);
INSERT INTO NOTIFICATION VALUES(None, '2015-06-16 09:45:00', 'Upcoming appointment', 'Do not forget that you have appointment 494 in room 420.', 26);
INSERT INTO INVOICE_BILL VALUES('2015-06-16 10:15:00', 600, 14, True);
INSERT INTO MEDICAL_RECORD VALUES('Medical record description 470.', '2015-06-16 10:15:00', 494, 4);
INSERT INTO APPOINTMENT VALUES(495, 454, 1, '2016-02-15 16:45:00', '2016-02-15 17:00:00', 26, 2, None);
INSERT INTO NOTIFICATION VALUES(None, '2016-02-15 16:30:00', 'Upcoming appointment', 'Do not forget that you have appointment 495 in room 454.', 5);
INSERT INTO NOTIFICATION VALUES(None, '2016-02-15 16:30:00', 'Upcoming appointment', 'Do not forget that you have appointment 495 in room 454.', 26);
INSERT INTO INVOICE_BILL VALUES('2016-02-15 17:00:00', 200, 12, False);
INSERT INTO MEDICAL_RECORD VALUES('Medical record description 442.', '2016-02-15 17:00:00', 495, 2);
INSERT INTO APPOINTMENT VALUES(496, 325, 0, '2015-04-01 16:00:00', '2015-04-01 16:15:00', 26, 1, None);
INSERT INTO NOTIFICATION VALUES(None, '2015-04-01 15:45:00', 'Upcoming appointment', 'Do not forget that you have appointment 496 in room 325.', 4);
INSERT INTO NOTIFICATION VALUES(None, '2015-04-01 15:45:00', 'Upcoming appointment', 'Do not forget that you have appointment 496 in room 325.', 26);
INSERT INTO INVOICE_BILL VALUES('2015-04-01 16:15:00', 800, 9, False);
INSERT INTO MEDICAL_RECORD VALUES('Medical record description 180.', '2015-04-01 16:15:00', 496, 1);
INSERT INTO APPOINTMENT VALUES(497, 132, 1, '2017-06-07 10:45:00', '2017-06-07 11:00:00', 26, 4, None);
INSERT INTO NOTIFICATION VALUES(None, '2017-06-07 10:30:00', 'Upcoming appointment', 'Do not forget that you have appointment 497 in room 132.', 6);
INSERT INTO NOTIFICATION VALUES(None, '2017-06-07 10:30:00', 'Upcoming appointment', 'Do not forget that you have appointment 497 in room 132.', 26);
INSERT INTO INVOICE_BILL VALUES('2017-06-07 11:00:00', 400, 15, True);
INSERT INTO MEDICAL_RECORD VALUES('Medical record description 869.', '2017-06-07 11:00:00', 497, 4);
INSERT INTO APPOINTMENT VALUES(498, 195, 1, '2019-01-24 10:30:00', '2019-01-24 10:45:00', 26, 1, None);
INSERT INTO NOTIFICATION VALUES(None, '2019-01-24 10:15:00', 'Upcoming appointment', 'Do not forget that you have appointment 498 in room 195.', 10);
INSERT INTO NOTIFICATION VALUES(None, '2019-01-24 10:15:00', 'Upcoming appointment', 'Do not forget that you have appointment 498 in room 195.', 26);
INSERT INTO INVOICE_BILL VALUES('2019-01-24 10:45:00', 700, 15, False);
INSERT INTO MEDICAL_RECORD VALUES('Medical record description 334.', '2019-01-24 10:45:00', 498, 1);
INSERT INTO APPOINTMENT VALUES(499, 359, 1, '2019-11-15 17:00:00', '2019-11-15 17:15:00', 26, 5, None);
INSERT INTO NOTIFICATION VALUES(None, '2019-11-15 16:45:00', 'Upcoming appointment', 'Do not forget that you have appointment 499 in room 359.', 1);
INSERT INTO NOTIFICATION VALUES(None, '2019-11-15 16:45:00', 'Upcoming appointment', 'Do not forget that you have appointment 499 in room 359.', 26);
INSERT INTO INVOICE_BILL VALUES('2019-11-15 17:15:00', 450, 2, True);
INSERT INTO MEDICAL_RECORD VALUES('Medical record description 331.', '2019-11-15 17:15:00', 499, 5);
INSERT INTO APPOINTMENT VALUES(500, 111, 1, '2015-01-30 11:30:00', '2015-01-30 11:45:00', 26, 2, None);
INSERT INTO NOTIFICATION VALUES(None, '2015-01-30 11:15:00', 'Upcoming appointment', 'Do not forget that you have appointment 500 in room 111.', 9);
INSERT INTO NOTIFICATION VALUES(None, '2015-01-30 11:15:00', 'Upcoming appointment', 'Do not forget that you have appointment 500 in room 111.', 26);
INSERT INTO INVOICE_BILL VALUES('2015-01-30 11:45:00', 100, 1, False);
INSERT INTO MEDICAL_RECORD VALUES('Medical record description 193.', '2015-01-30 11:45:00', 500, 2);
INSERT INTO APPOINTMENT VALUES(501, 122, 1, '2017-08-15 11:15:00', '2017-08-15 11:30:00', 26, 2, None);
INSERT INTO NOTIFICATION VALUES(None, '2017-08-15 11:00:00', 'Upcoming appointment', 'Do not forget that you have appointment 501 in room 122.', 6);
INSERT INTO NOTIFICATION VALUES(None, '2017-08-15 11:00:00', 'Upcoming appointment', 'Do not forget that you have appointment 501 in room 122.', 26);
INSERT INTO INVOICE_BILL VALUES('2017-08-15 11:30:00', 300, 15, True);
INSERT INTO MEDICAL_RECORD VALUES('Medical record description 368.', '2017-08-15 11:30:00', 501, 2);
INSERT INTO APPOINTMENT VALUES(502, 141, 1, '2019-11-06 16:45:00', '2019-11-06 17:00:00', 26, 1, None);
INSERT INTO NOTIFICATION VALUES(None, '2019-11-06 16:30:00', 'Upcoming appointment', 'Do not forget that you have appointment 502 in room 141.', 2);
INSERT INTO NOTIFICATION VALUES(None, '2019-11-06 16:30:00', 'Upcoming appointment', 'Do not forget that you have appointment 502 in room 141.', 26);
INSERT INTO INVOICE_BILL VALUES('2019-11-06 17:00:00', 200, 10, False);
INSERT INTO MEDICAL_RECORD VALUES('Medical record description 128.', '2019-11-06 17:00:00', 502, 1);
INSERT INTO APPOINTMENT VALUES(503, 285, 1, '2019-07-16 14:30:00', '2019-07-16 14:45:00', 26, 9, None);
INSERT INTO NOTIFICATION VALUES(None, '2019-07-16 14:15:00', 'Upcoming appointment', 'Do not forget that you have appointment 503 in room 285.', 1);
INSERT INTO NOTIFICATION VALUES(None, '2019-07-16 14:15:00', 'Upcoming appointment', 'Do not forget that you have appointment 503 in room 285.', 26);
INSERT INTO INVOICE_BILL VALUES('2019-07-16 14:45:00', 1000, 12, False);
INSERT INTO MEDICAL_RECORD VALUES('Medical record description 42.', '2019-07-16 14:45:00', 503, 9);
INSERT INTO APPOINTMENT VALUES(504, 210, 0, '2017-03-01 15:30:00', '2017-03-01 15:45:00', 26, 8, None);
INSERT INTO NOTIFICATION VALUES(None, '2017-03-01 15:15:00', 'Upcoming appointment', 'Do not forget that you have appointment 504 in room 210.', 1);
INSERT INTO NOTIFICATION VALUES(None, '2017-03-01 15:15:00', 'Upcoming appointment', 'Do not forget that you have appointment 504 in room 210.', 26);
INSERT INTO INVOICE_BILL VALUES('2017-03-01 15:45:00', 700, 9, True);
INSERT INTO MEDICAL_RECORD VALUES('Medical record description 272.', '2017-03-01 15:45:00', 504, 8);
INSERT INTO APPOINTMENT VALUES(505, 269, 0, '2013-07-25 15:30:00', '2013-07-25 15:45:00', 26, 1, None);
INSERT INTO NOTIFICATION VALUES(None, '2013-07-25 15:15:00', 'Upcoming appointment', 'Do not forget that you have appointment 505 in room 269.', 5);
INSERT INTO NOTIFICATION VALUES(None, '2013-07-25 15:15:00', 'Upcoming appointment', 'Do not forget that you have appointment 505 in room 269.', 26);
INSERT INTO INVOICE_BILL VALUES('2013-07-25 15:45:00', 550, 14, True);
INSERT INTO MEDICAL_RECORD VALUES('Medical record description 978.', '2013-07-25 15:45:00', 505, 1);
INSERT INTO APPOINTMENT VALUES(506, 164, 1, '2017-04-13 15:00:00', '2017-04-13 15:15:00', 26, 9, None);
INSERT INTO NOTIFICATION VALUES(None, '2017-04-13 14:45:00', 'Upcoming appointment', 'Do not forget that you have appointment 506 in room 164.', 5);
INSERT INTO NOTIFICATION VALUES(None, '2017-04-13 14:45:00', 'Upcoming appointment', 'Do not forget that you have appointment 506 in room 164.', 26);
INSERT INTO INVOICE_BILL VALUES('2017-04-13 15:15:00', 450, 14, True);
INSERT INTO MEDICAL_RECORD VALUES('Medical record description 643.', '2017-04-13 15:15:00', 506, 9);
INSERT INTO APPOINTMENT VALUES(507, 468, 1, '2016-03-25 13:15:00', '2016-03-25 13:30:00', 26, 1, None);
INSERT INTO NOTIFICATION VALUES(None, '2016-03-25 13:00:00', 'Upcoming appointment', 'Do not forget that you have appointment 507 in room 468.', 9);
INSERT INTO NOTIFICATION VALUES(None, '2016-03-25 13:00:00', 'Upcoming appointment', 'Do not forget that you have appointment 507 in room 468.', 26);
INSERT INTO INVOICE_BILL VALUES('2016-03-25 13:30:00', 50, 11, False);
INSERT INTO MEDICAL_RECORD VALUES('Medical record description 603.', '2016-03-25 13:30:00', 507, 1);
INSERT INTO APPOINTMENT VALUES(508, 458, 0, '2016-12-19 17:30:00', '2016-12-19 17:45:00', 26, 6, None);
INSERT INTO NOTIFICATION VALUES(None, '2016-12-19 17:15:00', 'Upcoming appointment', 'Do not forget that you have appointment 508 in room 458.', 3);
INSERT INTO NOTIFICATION VALUES(None, '2016-12-19 17:15:00', 'Upcoming appointment', 'Do not forget that you have appointment 508 in room 458.', 26);
INSERT INTO INVOICE_BILL VALUES('2016-12-19 17:45:00', 750, 1, False);
INSERT INTO MEDICAL_RECORD VALUES('Medical record description 938.', '2016-12-19 17:45:00', 508, 6);
INSERT INTO APPOINTMENT VALUES(509, 411, 0, '2018-08-29 10:30:00', '2018-08-29 10:45:00', 26, 6, None);
INSERT INTO NOTIFICATION VALUES(None, '2018-08-29 10:15:00', 'Upcoming appointment', 'Do not forget that you have appointment 509 in room 411.', 9);
INSERT INTO NOTIFICATION VALUES(None, '2018-08-29 10:15:00', 'Upcoming appointment', 'Do not forget that you have appointment 509 in room 411.', 26);
INSERT INTO INVOICE_BILL VALUES('2018-08-29 10:45:00', 800, 15, False);
INSERT INTO MEDICAL_RECORD VALUES('Medical record description 973.', '2018-08-29 10:45:00', 509, 6);
INSERT INTO APPOINTMENT VALUES(510, 168, 0, '2019-05-02 16:45:00', '2019-05-02 17:00:00', 26, 6, None);
INSERT INTO NOTIFICATION VALUES(None, '2019-05-02 16:30:00', 'Upcoming appointment', 'Do not forget that you have appointment 510 in room 168.', 1);
INSERT INTO NOTIFICATION VALUES(None, '2019-05-02 16:30:00', 'Upcoming appointment', 'Do not forget that you have appointment 510 in room 168.', 26);
INSERT INTO INVOICE_BILL VALUES('2019-05-02 17:00:00', 500, 4, True);
INSERT INTO MEDICAL_RECORD VALUES('Medical record description 326.', '2019-05-02 17:00:00', 510, 6);
INSERT INTO APPOINTMENT VALUES(511, 143, 1, '2013-08-07 10:15:00', '2013-08-07 10:30:00', 26, 3, None);
INSERT INTO NOTIFICATION VALUES(None, '2013-08-07 10:00:00', 'Upcoming appointment', 'Do not forget that you have appointment 511 in room 143.', 3);
INSERT INTO NOTIFICATION VALUES(None, '2013-08-07 10:00:00', 'Upcoming appointment', 'Do not forget that you have appointment 511 in room 143.', 26);
INSERT INTO INVOICE_BILL VALUES('2013-08-07 10:30:00', 550, 12, False);
INSERT INTO MEDICAL_RECORD VALUES('Medical record description 618.', '2013-08-07 10:30:00', 511, 3);
INSERT INTO APPOINTMENT VALUES(512, 279, 0, '2018-03-15 10:00:00', '2018-03-15 10:15:00', 26, 3, None);
INSERT INTO NOTIFICATION VALUES(None, '2018-03-15 09:45:00', 'Upcoming appointment', 'Do not forget that you have appointment 512 in room 279.', 2);
INSERT INTO NOTIFICATION VALUES(None, '2018-03-15 09:45:00', 'Upcoming appointment', 'Do not forget that you have appointment 512 in room 279.', 26);
INSERT INTO INVOICE_BILL VALUES('2018-03-15 10:15:00', 650, 7, True);
INSERT INTO MEDICAL_RECORD VALUES('Medical record description 266.', '2018-03-15 10:15:00', 512, 3);
INSERT INTO APPOINTMENT VALUES(513, 294, 0, '2017-08-02 17:30:00', '2017-08-02 17:45:00', 26, 7, None);
INSERT INTO NOTIFICATION VALUES(None, '2017-08-02 17:15:00', 'Upcoming appointment', 'Do not forget that you have appointment 513 in room 294.', 5);
INSERT INTO NOTIFICATION VALUES(None, '2017-08-02 17:15:00', 'Upcoming appointment', 'Do not forget that you have appointment 513 in room 294.', 26);
INSERT INTO INVOICE_BILL VALUES('2017-08-02 17:45:00', 750, 14, False);
INSERT INTO MEDICAL_RECORD VALUES('Medical record description 903.', '2017-08-02 17:45:00', 513, 7);
INSERT INTO APPOINTMENT VALUES(514, 350, 0, '2017-01-20 16:45:00', '2017-01-20 17:00:00', 26, 6, None);
INSERT INTO NOTIFICATION VALUES(None, '2017-01-20 16:30:00', 'Upcoming appointment', 'Do not forget that you have appointment 514 in room 350.', 7);
INSERT INTO NOTIFICATION VALUES(None, '2017-01-20 16:30:00', 'Upcoming appointment', 'Do not forget that you have appointment 514 in room 350.', 26);
INSERT INTO INVOICE_BILL VALUES('2017-01-20 17:00:00', 650, 9, False);
INSERT INTO MEDICAL_RECORD VALUES('Medical record description 781.', '2017-01-20 17:00:00', 514, 6);
INSERT INTO APPOINTMENT VALUES(515, 480, 1, '2019-04-10 13:00:00', '2019-04-10 13:15:00', 26, 2, None);
INSERT INTO NOTIFICATION VALUES(None, '2019-04-10 12:45:00', 'Upcoming appointment', 'Do not forget that you have appointment 515 in room 480.', 9);
INSERT INTO NOTIFICATION VALUES(None, '2019-04-10 12:45:00', 'Upcoming appointment', 'Do not forget that you have appointment 515 in room 480.', 26);
INSERT INTO INVOICE_BILL VALUES('2019-04-10 13:15:00', 950, 1, False);
INSERT INTO MEDICAL_RECORD VALUES('Medical record description 842.', '2019-04-10 13:15:00', 515, 2);
INSERT INTO APPOINTMENT VALUES(516, 211, 1, '2019-04-03 12:00:00', '2019-04-03 12:15:00', 26, 10, None);
INSERT INTO NOTIFICATION VALUES(None, '2019-04-03 11:45:00', 'Upcoming appointment', 'Do not forget that you have appointment 516 in room 211.', 10);
INSERT INTO NOTIFICATION VALUES(None, '2019-04-03 11:45:00', 'Upcoming appointment', 'Do not forget that you have appointment 516 in room 211.', 26);
INSERT INTO INVOICE_BILL VALUES('2019-04-03 12:15:00', 750, 13, False);
INSERT INTO MEDICAL_RECORD VALUES('Medical record description 584.', '2019-04-03 12:15:00', 516, 10);
INSERT INTO APPOINTMENT VALUES(517, 390, 1, '2017-08-23 15:15:00', '2017-08-23 15:30:00', 26, 10, None);
INSERT INTO NOTIFICATION VALUES(None, '2017-08-23 15:00:00', 'Upcoming appointment', 'Do not forget that you have appointment 517 in room 390.', 8);
INSERT INTO NOTIFICATION VALUES(None, '2017-08-23 15:00:00', 'Upcoming appointment', 'Do not forget that you have appointment 517 in room 390.', 26);
INSERT INTO INVOICE_BILL VALUES('2017-08-23 15:30:00', 950, 4, True);
INSERT INTO MEDICAL_RECORD VALUES('Medical record description 197.', '2017-08-23 15:30:00', 517, 10);
INSERT INTO APPOINTMENT VALUES(518, 335, 0, '2016-12-22 10:00:00', '2016-12-22 10:15:00', 26, 2, None);
INSERT INTO NOTIFICATION VALUES(None, '2016-12-22 09:45:00', 'Upcoming appointment', 'Do not forget that you have appointment 518 in room 335.', 2);
INSERT INTO NOTIFICATION VALUES(None, '2016-12-22 09:45:00', 'Upcoming appointment', 'Do not forget that you have appointment 518 in room 335.', 26);
INSERT INTO INVOICE_BILL VALUES('2016-12-22 10:15:00', 700, 1, True);
INSERT INTO MEDICAL_RECORD VALUES('Medical record description 259.', '2016-12-22 10:15:00', 518, 2);
INSERT INTO APPOINTMENT VALUES(519, 442, 1, '2013-11-15 15:15:00', '2013-11-15 15:30:00', 26, 3, None);
INSERT INTO NOTIFICATION VALUES(None, '2013-11-15 15:00:00', 'Upcoming appointment', 'Do not forget that you have appointment 519 in room 442.', 10);
INSERT INTO NOTIFICATION VALUES(None, '2013-11-15 15:00:00', 'Upcoming appointment', 'Do not forget that you have appointment 519 in room 442.', 26);
INSERT INTO INVOICE_BILL VALUES('2013-11-15 15:30:00', 100, 14, True);
INSERT INTO MEDICAL_RECORD VALUES('Medical record description 132.', '2013-11-15 15:30:00', 519, 3);
INSERT INTO APPOINTMENT VALUES(520, 264, 1, '2017-11-09 16:15:00', '2017-11-09 16:30:00', 26, 1, None);
INSERT INTO NOTIFICATION VALUES(None, '2017-11-09 16:00:00', 'Upcoming appointment', 'Do not forget that you have appointment 520 in room 264.', 8);
INSERT INTO NOTIFICATION VALUES(None, '2017-11-09 16:00:00', 'Upcoming appointment', 'Do not forget that you have appointment 520 in room 264.', 26);
INSERT INTO INVOICE_BILL VALUES('2017-11-09 16:30:00', 450, 10, True);
INSERT INTO MEDICAL_RECORD VALUES('Medical record description 56.', '2017-11-09 16:30:00', 520, 1);
INSERT INTO APPOINTMENT VALUES(521, 136, 1, '2016-12-05 12:45:00', '2016-12-05 13:00:00', 26, 1, None);
INSERT INTO NOTIFICATION VALUES(None, '2016-12-05 12:30:00', 'Upcoming appointment', 'Do not forget that you have appointment 521 in room 136.', 5);
INSERT INTO NOTIFICATION VALUES(None, '2016-12-05 12:30:00', 'Upcoming appointment', 'Do not forget that you have appointment 521 in room 136.', 26);
INSERT INTO INVOICE_BILL VALUES('2016-12-05 13:00:00', 450, 5, True);
INSERT INTO MEDICAL_RECORD VALUES('Medical record description 241.', '2016-12-05 13:00:00', 521, 1);
INSERT INTO APPOINTMENT VALUES(522, 282, 1, '2017-12-06 14:15:00', '2017-12-06 14:30:00', 27, 1, None);
INSERT INTO NOTIFICATION VALUES(None, '2017-12-06 14:00:00', 'Upcoming appointment', 'Do not forget that you have appointment 522 in room 282.', 7);
INSERT INTO NOTIFICATION VALUES(None, '2017-12-06 14:00:00', 'Upcoming appointment', 'Do not forget that you have appointment 522 in room 282.', 27);
INSERT INTO INVOICE_BILL VALUES('2017-12-06 14:30:00', 200, 5, False);
INSERT INTO MEDICAL_RECORD VALUES('Medical record description 445.', '2017-12-06 14:30:00', 522, 1);
INSERT INTO APPOINTMENT VALUES(523, 435, 1, '2018-05-03 14:45:00', '2018-05-03 15:00:00', 27, 6, None);
INSERT INTO NOTIFICATION VALUES(None, '2018-05-03 14:30:00', 'Upcoming appointment', 'Do not forget that you have appointment 523 in room 435.', 3);
INSERT INTO NOTIFICATION VALUES(None, '2018-05-03 14:30:00', 'Upcoming appointment', 'Do not forget that you have appointment 523 in room 435.', 27);
INSERT INTO INVOICE_BILL VALUES('2018-05-03 15:00:00', 1000, 9, False);
INSERT INTO MEDICAL_RECORD VALUES('Medical record description 68.', '2018-05-03 15:00:00', 523, 6);
INSERT INTO APPOINTMENT VALUES(524, 193, 0, '2018-08-08 13:45:00', '2018-08-08 14:00:00', 27, 9, None);
INSERT INTO NOTIFICATION VALUES(None, '2018-08-08 13:30:00', 'Upcoming appointment', 'Do not forget that you have appointment 524 in room 193.', 10);
INSERT INTO NOTIFICATION VALUES(None, '2018-08-08 13:30:00', 'Upcoming appointment', 'Do not forget that you have appointment 524 in room 193.', 27);
INSERT INTO INVOICE_BILL VALUES('2018-08-08 14:00:00', 550, 9, False);
INSERT INTO MEDICAL_RECORD VALUES('Medical record description 282.', '2018-08-08 14:00:00', 524, 9);
INSERT INTO APPOINTMENT VALUES(525, 352, 0, '2018-11-16 10:00:00', '2018-11-16 10:15:00', 27, 7, None);
INSERT INTO NOTIFICATION VALUES(None, '2018-11-16 09:45:00', 'Upcoming appointment', 'Do not forget that you have appointment 525 in room 352.', 10);
INSERT INTO NOTIFICATION VALUES(None, '2018-11-16 09:45:00', 'Upcoming appointment', 'Do not forget that you have appointment 525 in room 352.', 27);
INSERT INTO INVOICE_BILL VALUES('2018-11-16 10:15:00', 750, 15, False);
INSERT INTO MEDICAL_RECORD VALUES('Medical record description 223.', '2018-11-16 10:15:00', 525, 7);
INSERT INTO APPOINTMENT VALUES(526, 351, 1, '2019-03-25 17:15:00', '2019-03-25 17:30:00', 27, 4, None);
INSERT INTO NOTIFICATION VALUES(None, '2019-03-25 17:00:00', 'Upcoming appointment', 'Do not forget that you have appointment 526 in room 351.', 9);
INSERT INTO NOTIFICATION VALUES(None, '2019-03-25 17:00:00', 'Upcoming appointment', 'Do not forget that you have appointment 526 in room 351.', 27);
INSERT INTO INVOICE_BILL VALUES('2019-03-25 17:30:00', 750, 15, True);
INSERT INTO MEDICAL_RECORD VALUES('Medical record description 947.', '2019-03-25 17:30:00', 526, 4);
INSERT INTO APPOINTMENT VALUES(527, 227, 0, '2016-03-10 13:15:00', '2016-03-10 13:30:00', 27, 9, None);
INSERT INTO NOTIFICATION VALUES(None, '2016-03-10 13:00:00', 'Upcoming appointment', 'Do not forget that you have appointment 527 in room 227.', 4);
INSERT INTO NOTIFICATION VALUES(None, '2016-03-10 13:00:00', 'Upcoming appointment', 'Do not forget that you have appointment 527 in room 227.', 27);
INSERT INTO INVOICE_BILL VALUES('2016-03-10 13:30:00', 400, 4, True);
INSERT INTO MEDICAL_RECORD VALUES('Medical record description 965.', '2016-03-10 13:30:00', 527, 9);
INSERT INTO APPOINTMENT VALUES(528, 408, 0, '2017-04-03 12:15:00', '2017-04-03 12:30:00', 27, 4, None);
INSERT INTO NOTIFICATION VALUES(None, '2017-04-03 12:00:00', 'Upcoming appointment', 'Do not forget that you have appointment 528 in room 408.', 9);
INSERT INTO NOTIFICATION VALUES(None, '2017-04-03 12:00:00', 'Upcoming appointment', 'Do not forget that you have appointment 528 in room 408.', 27);
INSERT INTO INVOICE_BILL VALUES('2017-04-03 12:30:00', 1000, 13, True);
INSERT INTO MEDICAL_RECORD VALUES('Medical record description 52.', '2017-04-03 12:30:00', 528, 4);
INSERT INTO APPOINTMENT VALUES(529, 149, 0, '2010-07-08 11:00:00', '2010-07-08 11:15:00', 27, 3, None);
INSERT INTO NOTIFICATION VALUES(None, '2010-07-08 10:45:00', 'Upcoming appointment', 'Do not forget that you have appointment 529 in room 149.', 10);
INSERT INTO NOTIFICATION VALUES(None, '2010-07-08 10:45:00', 'Upcoming appointment', 'Do not forget that you have appointment 529 in room 149.', 27);
INSERT INTO INVOICE_BILL VALUES('2010-07-08 11:15:00', 350, 15, False);
INSERT INTO MEDICAL_RECORD VALUES('Medical record description 932.', '2010-07-08 11:15:00', 529, 3);
INSERT INTO APPOINTMENT VALUES(530, 402, 0, '2019-05-17 15:30:00', '2019-05-17 15:45:00', 27, 1, None);
INSERT INTO NOTIFICATION VALUES(None, '2019-05-17 15:15:00', 'Upcoming appointment', 'Do not forget that you have appointment 530 in room 402.', 8);
INSERT INTO NOTIFICATION VALUES(None, '2019-05-17 15:15:00', 'Upcoming appointment', 'Do not forget that you have appointment 530 in room 402.', 27);
INSERT INTO INVOICE_BILL VALUES('2019-05-17 15:45:00', 350, 1, True);
INSERT INTO MEDICAL_RECORD VALUES('Medical record description 714.', '2019-05-17 15:45:00', 530, 1);
INSERT INTO APPOINTMENT VALUES(531, 334, 0, '2009-10-09 13:30:00', '2009-10-09 13:45:00', 27, 3, None);
INSERT INTO NOTIFICATION VALUES(None, '2009-10-09 13:15:00', 'Upcoming appointment', 'Do not forget that you have appointment 531 in room 334.', 4);
INSERT INTO NOTIFICATION VALUES(None, '2009-10-09 13:15:00', 'Upcoming appointment', 'Do not forget that you have appointment 531 in room 334.', 27);
INSERT INTO INVOICE_BILL VALUES('2009-10-09 13:45:00', 900, 13, False);
INSERT INTO MEDICAL_RECORD VALUES('Medical record description 155.', '2009-10-09 13:45:00', 531, 3);
INSERT INTO APPOINTMENT VALUES(532, 334, 0, '2019-10-28 17:30:00', '2019-10-28 17:45:00', 27, 2, None);
INSERT INTO NOTIFICATION VALUES(None, '2019-10-28 17:15:00', 'Upcoming appointment', 'Do not forget that you have appointment 532 in room 334.', 1);
INSERT INTO NOTIFICATION VALUES(None, '2019-10-28 17:15:00', 'Upcoming appointment', 'Do not forget that you have appointment 532 in room 334.', 27);
INSERT INTO INVOICE_BILL VALUES('2019-10-28 17:45:00', 350, 12, True);
INSERT INTO MEDICAL_RECORD VALUES('Medical record description 542.', '2019-10-28 17:45:00', 532, 2);
INSERT INTO APPOINTMENT VALUES(533, 344, 1, '2016-11-24 17:00:00', '2016-11-24 17:15:00', 27, 3, None);
INSERT INTO NOTIFICATION VALUES(None, '2016-11-24 16:45:00', 'Upcoming appointment', 'Do not forget that you have appointment 533 in room 344.', 10);
INSERT INTO NOTIFICATION VALUES(None, '2016-11-24 16:45:00', 'Upcoming appointment', 'Do not forget that you have appointment 533 in room 344.', 27);
INSERT INTO INVOICE_BILL VALUES('2016-11-24 17:15:00', 50, 4, True);
INSERT INTO MEDICAL_RECORD VALUES('Medical record description 595.', '2016-11-24 17:15:00', 533, 3);
INSERT INTO APPOINTMENT VALUES(534, 226, 0, '2017-12-27 11:30:00', '2017-12-27 11:45:00', 27, 1, None);
INSERT INTO NOTIFICATION VALUES(None, '2017-12-27 11:15:00', 'Upcoming appointment', 'Do not forget that you have appointment 534 in room 226.', 5);
INSERT INTO NOTIFICATION VALUES(None, '2017-12-27 11:15:00', 'Upcoming appointment', 'Do not forget that you have appointment 534 in room 226.', 27);
INSERT INTO INVOICE_BILL VALUES('2017-12-27 11:45:00', 400, 9, True);
INSERT INTO MEDICAL_RECORD VALUES('Medical record description 787.', '2017-12-27 11:45:00', 534, 1);
INSERT INTO APPOINTMENT VALUES(535, 329, 1, '2012-05-30 11:00:00', '2012-05-30 11:15:00', 27, 3, None);
INSERT INTO NOTIFICATION VALUES(None, '2012-05-30 10:45:00', 'Upcoming appointment', 'Do not forget that you have appointment 535 in room 329.', 8);
INSERT INTO NOTIFICATION VALUES(None, '2012-05-30 10:45:00', 'Upcoming appointment', 'Do not forget that you have appointment 535 in room 329.', 27);
INSERT INTO INVOICE_BILL VALUES('2012-05-30 11:15:00', 50, 11, False);
INSERT INTO MEDICAL_RECORD VALUES('Medical record description 775.', '2012-05-30 11:15:00', 535, 3);
INSERT INTO APPOINTMENT VALUES(536, 135, 1, '2019-06-12 15:00:00', '2019-06-12 15:15:00', 27, 2, None);
INSERT INTO NOTIFICATION VALUES(None, '2019-06-12 14:45:00', 'Upcoming appointment', 'Do not forget that you have appointment 536 in room 135.', 8);
INSERT INTO NOTIFICATION VALUES(None, '2019-06-12 14:45:00', 'Upcoming appointment', 'Do not forget that you have appointment 536 in room 135.', 27);
INSERT INTO INVOICE_BILL VALUES('2019-06-12 15:15:00', 450, 11, False);
INSERT INTO MEDICAL_RECORD VALUES('Medical record description 409.', '2019-06-12 15:15:00', 536, 2);
INSERT INTO APPOINTMENT VALUES(537, 138, 0, '2014-11-10 16:45:00', '2014-11-10 17:00:00', 27, 3, None);
INSERT INTO NOTIFICATION VALUES(None, '2014-11-10 16:30:00', 'Upcoming appointment', 'Do not forget that you have appointment 537 in room 138.', 2);
INSERT INTO NOTIFICATION VALUES(None, '2014-11-10 16:30:00', 'Upcoming appointment', 'Do not forget that you have appointment 537 in room 138.', 27);
INSERT INTO INVOICE_BILL VALUES('2014-11-10 17:00:00', 850, 15, False);
INSERT INTO MEDICAL_RECORD VALUES('Medical record description 388.', '2014-11-10 17:00:00', 537, 3);
INSERT INTO APPOINTMENT VALUES(538, 451, 1, '2016-06-30 12:45:00', '2016-06-30 13:00:00', 27, 3, None);
INSERT INTO NOTIFICATION VALUES(None, '2016-06-30 12:30:00', 'Upcoming appointment', 'Do not forget that you have appointment 538 in room 451.', 7);
INSERT INTO NOTIFICATION VALUES(None, '2016-06-30 12:30:00', 'Upcoming appointment', 'Do not forget that you have appointment 538 in room 451.', 27);
INSERT INTO INVOICE_BILL VALUES('2016-06-30 13:00:00', 600, 5, True);
INSERT INTO MEDICAL_RECORD VALUES('Medical record description 825.', '2016-06-30 13:00:00', 538, 3);
INSERT INTO APPOINTMENT VALUES(539, 181, 1, '2014-11-18 17:00:00', '2014-11-18 17:15:00', 27, 9, None);
INSERT INTO NOTIFICATION VALUES(None, '2014-11-18 16:45:00', 'Upcoming appointment', 'Do not forget that you have appointment 539 in room 181.', 10);
INSERT INTO NOTIFICATION VALUES(None, '2014-11-18 16:45:00', 'Upcoming appointment', 'Do not forget that you have appointment 539 in room 181.', 27);
INSERT INTO INVOICE_BILL VALUES('2014-11-18 17:15:00', 400, 1, True);
INSERT INTO MEDICAL_RECORD VALUES('Medical record description 48.', '2014-11-18 17:15:00', 539, 9);
INSERT INTO APPOINTMENT VALUES(540, 440, 0, '2017-08-31 15:30:00', '2017-08-31 15:45:00', 28, 7, None);
INSERT INTO NOTIFICATION VALUES(None, '2017-08-31 15:15:00', 'Upcoming appointment', 'Do not forget that you have appointment 540 in room 440.', 9);
INSERT INTO NOTIFICATION VALUES(None, '2017-08-31 15:15:00', 'Upcoming appointment', 'Do not forget that you have appointment 540 in room 440.', 28);
INSERT INTO INVOICE_BILL VALUES('2017-08-31 15:45:00', 550, 1, True);
INSERT INTO MEDICAL_RECORD VALUES('Medical record description 74.', '2017-08-31 15:45:00', 540, 7);
INSERT INTO APPOINTMENT VALUES(541, 174, 0, '2018-10-03 16:00:00', '2018-10-03 16:15:00', 28, 4, None);
INSERT INTO NOTIFICATION VALUES(None, '2018-10-03 15:45:00', 'Upcoming appointment', 'Do not forget that you have appointment 541 in room 174.', 2);
INSERT INTO NOTIFICATION VALUES(None, '2018-10-03 15:45:00', 'Upcoming appointment', 'Do not forget that you have appointment 541 in room 174.', 28);
INSERT INTO INVOICE_BILL VALUES('2018-10-03 16:15:00', 1000, 9, True);
INSERT INTO MEDICAL_RECORD VALUES('Medical record description 393.', '2018-10-03 16:15:00', 541, 4);
INSERT INTO APPOINTMENT VALUES(542, 468, 0, '2017-01-09 10:30:00', '2017-01-09 10:45:00', 28, 3, None);
INSERT INTO NOTIFICATION VALUES(None, '2017-01-09 10:15:00', 'Upcoming appointment', 'Do not forget that you have appointment 542 in room 468.', 7);
INSERT INTO NOTIFICATION VALUES(None, '2017-01-09 10:15:00', 'Upcoming appointment', 'Do not forget that you have appointment 542 in room 468.', 28);
INSERT INTO INVOICE_BILL VALUES('2017-01-09 10:45:00', 100, 15, False);
INSERT INTO MEDICAL_RECORD VALUES('Medical record description 41.', '2017-01-09 10:45:00', 542, 3);
INSERT INTO APPOINTMENT VALUES(543, 118, 0, '2015-05-19 15:00:00', '2015-05-19 15:15:00', 28, 1, None);
INSERT INTO NOTIFICATION VALUES(None, '2015-05-19 14:45:00', 'Upcoming appointment', 'Do not forget that you have appointment 543 in room 118.', 9);
INSERT INTO NOTIFICATION VALUES(None, '2015-05-19 14:45:00', 'Upcoming appointment', 'Do not forget that you have appointment 543 in room 118.', 28);
INSERT INTO INVOICE_BILL VALUES('2015-05-19 15:15:00', 850, 1, True);
INSERT INTO MEDICAL_RECORD VALUES('Medical record description 239.', '2015-05-19 15:15:00', 543, 1);
INSERT INTO APPOINTMENT VALUES(544, 197, 0, '2017-09-25 17:15:00', '2017-09-25 17:30:00', 28, 4, None);
INSERT INTO NOTIFICATION VALUES(None, '2017-09-25 17:00:00', 'Upcoming appointment', 'Do not forget that you have appointment 544 in room 197.', 8);
INSERT INTO NOTIFICATION VALUES(None, '2017-09-25 17:00:00', 'Upcoming appointment', 'Do not forget that you have appointment 544 in room 197.', 28);
INSERT INTO INVOICE_BILL VALUES('2017-09-25 17:30:00', 750, 2, False);
INSERT INTO MEDICAL_RECORD VALUES('Medical record description 547.', '2017-09-25 17:30:00', 544, 4);
INSERT INTO APPOINTMENT VALUES(545, 409, 0, '2017-11-21 13:15:00', '2017-11-21 13:30:00', 28, 7, None);
INSERT INTO NOTIFICATION VALUES(None, '2017-11-21 13:00:00', 'Upcoming appointment', 'Do not forget that you have appointment 545 in room 409.', 9);
INSERT INTO NOTIFICATION VALUES(None, '2017-11-21 13:00:00', 'Upcoming appointment', 'Do not forget that you have appointment 545 in room 409.', 28);
INSERT INTO INVOICE_BILL VALUES('2017-11-21 13:30:00', 600, 12, False);
INSERT INTO MEDICAL_RECORD VALUES('Medical record description 159.', '2017-11-21 13:30:00', 545, 7);
INSERT INTO APPOINTMENT VALUES(546, 192, 0, '2018-06-28 17:15:00', '2018-06-28 17:30:00', 28, 4, None);
INSERT INTO NOTIFICATION VALUES(None, '2018-06-28 17:00:00', 'Upcoming appointment', 'Do not forget that you have appointment 546 in room 192.', 1);
INSERT INTO NOTIFICATION VALUES(None, '2018-06-28 17:00:00', 'Upcoming appointment', 'Do not forget that you have appointment 546 in room 192.', 28);
INSERT INTO INVOICE_BILL VALUES('2018-06-28 17:30:00', 600, 15, False);
INSERT INTO MEDICAL_RECORD VALUES('Medical record description 406.', '2018-06-28 17:30:00', 546, 4);
INSERT INTO APPOINTMENT VALUES(547, 469, 1, '2011-01-14 15:45:00', '2011-01-14 16:00:00', 29, 3, None);
INSERT INTO NOTIFICATION VALUES(None, '2011-01-14 15:30:00', 'Upcoming appointment', 'Do not forget that you have appointment 547 in room 469.', 6);
INSERT INTO NOTIFICATION VALUES(None, '2011-01-14 15:30:00', 'Upcoming appointment', 'Do not forget that you have appointment 547 in room 469.', 29);
INSERT INTO INVOICE_BILL VALUES('2011-01-14 16:00:00', 700, 4, True);
INSERT INTO MEDICAL_RECORD VALUES('Medical record description 556.', '2011-01-14 16:00:00', 547, 3);
INSERT INTO APPOINTMENT VALUES(548, 100, 1, '2010-11-17 10:45:00', '2010-11-17 11:00:00', 29, 3, None);
INSERT INTO NOTIFICATION VALUES(None, '2010-11-17 10:30:00', 'Upcoming appointment', 'Do not forget that you have appointment 548 in room 100.', 7);
INSERT INTO NOTIFICATION VALUES(None, '2010-11-17 10:30:00', 'Upcoming appointment', 'Do not forget that you have appointment 548 in room 100.', 29);
INSERT INTO INVOICE_BILL VALUES('2010-11-17 11:00:00', 400, 5, False);
INSERT INTO MEDICAL_RECORD VALUES('Medical record description 881.', '2010-11-17 11:00:00', 548, 3);
INSERT INTO APPOINTMENT VALUES(549, 406, 0, '2015-12-30 14:45:00', '2015-12-30 15:00:00', 29, 9, None);
INSERT INTO NOTIFICATION VALUES(None, '2015-12-30 14:30:00', 'Upcoming appointment', 'Do not forget that you have appointment 549 in room 406.', 9);
INSERT INTO NOTIFICATION VALUES(None, '2015-12-30 14:30:00', 'Upcoming appointment', 'Do not forget that you have appointment 549 in room 406.', 29);
INSERT INTO INVOICE_BILL VALUES('2015-12-30 15:00:00', 550, 13, True);
INSERT INTO MEDICAL_RECORD VALUES('Medical record description 663.', '2015-12-30 15:00:00', 549, 9);
INSERT INTO APPOINTMENT VALUES(550, 231, 0, '2017-06-16 12:00:00', '2017-06-16 12:15:00', 29, 9, None);
INSERT INTO NOTIFICATION VALUES(None, '2017-06-16 11:45:00', 'Upcoming appointment', 'Do not forget that you have appointment 550 in room 231.', 9);
INSERT INTO NOTIFICATION VALUES(None, '2017-06-16 11:45:00', 'Upcoming appointment', 'Do not forget that you have appointment 550 in room 231.', 29);
INSERT INTO INVOICE_BILL VALUES('2017-06-16 12:15:00', 800, 15, True);
INSERT INTO MEDICAL_RECORD VALUES('Medical record description 491.', '2017-06-16 12:15:00', 550, 9);
INSERT INTO APPOINTMENT VALUES(551, 107, 1, '2012-07-24 10:45:00', '2012-07-24 11:00:00', 29, 1, None);
INSERT INTO NOTIFICATION VALUES(None, '2012-07-24 10:30:00', 'Upcoming appointment', 'Do not forget that you have appointment 551 in room 107.', 5);
INSERT INTO NOTIFICATION VALUES(None, '2012-07-24 10:30:00', 'Upcoming appointment', 'Do not forget that you have appointment 551 in room 107.', 29);
INSERT INTO INVOICE_BILL VALUES('2012-07-24 11:00:00', 50, 13, True);
INSERT INTO MEDICAL_RECORD VALUES('Medical record description 454.', '2012-07-24 11:00:00', 551, 1);
INSERT INTO APPOINTMENT VALUES(552, 399, 0, '2016-12-20 14:30:00', '2016-12-20 14:45:00', 29, 4, None);
INSERT INTO NOTIFICATION VALUES(None, '2016-12-20 14:15:00', 'Upcoming appointment', 'Do not forget that you have appointment 552 in room 399.', 2);
INSERT INTO NOTIFICATION VALUES(None, '2016-12-20 14:15:00', 'Upcoming appointment', 'Do not forget that you have appointment 552 in room 399.', 29);
INSERT INTO INVOICE_BILL VALUES('2016-12-20 14:45:00', 250, 9, True);
INSERT INTO MEDICAL_RECORD VALUES('Medical record description 631.', '2016-12-20 14:45:00', 552, 4);
INSERT INTO APPOINTMENT VALUES(553, 283, 0, '2017-08-11 14:15:00', '2017-08-11 14:30:00', 29, 2, None);
INSERT INTO NOTIFICATION VALUES(None, '2017-08-11 14:00:00', 'Upcoming appointment', 'Do not forget that you have appointment 553 in room 283.', 8);
INSERT INTO NOTIFICATION VALUES(None, '2017-08-11 14:00:00', 'Upcoming appointment', 'Do not forget that you have appointment 553 in room 283.', 29);
INSERT INTO INVOICE_BILL VALUES('2017-08-11 14:30:00', 550, 1, False);
INSERT INTO MEDICAL_RECORD VALUES('Medical record description 706.', '2017-08-11 14:30:00', 553, 2);
INSERT INTO APPOINTMENT VALUES(554, 176, 1, '2018-02-09 10:15:00', '2018-02-09 10:30:00', 29, 10, None);
INSERT INTO NOTIFICATION VALUES(None, '2018-02-09 10:00:00', 'Upcoming appointment', 'Do not forget that you have appointment 554 in room 176.', 1);
INSERT INTO NOTIFICATION VALUES(None, '2018-02-09 10:00:00', 'Upcoming appointment', 'Do not forget that you have appointment 554 in room 176.', 29);
INSERT INTO INVOICE_BILL VALUES('2018-02-09 10:30:00', 1000, 4, True);
INSERT INTO MEDICAL_RECORD VALUES('Medical record description 526.', '2018-02-09 10:30:00', 554, 10);
INSERT INTO APPOINTMENT VALUES(555, 303, 0, '2019-08-26 17:45:00', '2019-08-26 18:00:00', 29, 8, None);
INSERT INTO NOTIFICATION VALUES(None, '2019-08-26 17:30:00', 'Upcoming appointment', 'Do not forget that you have appointment 555 in room 303.', 10);
INSERT INTO NOTIFICATION VALUES(None, '2019-08-26 17:30:00', 'Upcoming appointment', 'Do not forget that you have appointment 555 in room 303.', 29);
INSERT INTO INVOICE_BILL VALUES('2019-08-26 18:00:00', 100, 8, True);
INSERT INTO MEDICAL_RECORD VALUES('Medical record description 422.', '2019-08-26 18:00:00', 555, 8);
INSERT INTO APPOINTMENT VALUES(556, 102, 1, '2019-06-03 13:15:00', '2019-06-03 13:30:00', 29, 1, None);
INSERT INTO NOTIFICATION VALUES(None, '2019-06-03 13:00:00', 'Upcoming appointment', 'Do not forget that you have appointment 556 in room 102.', 10);
INSERT INTO NOTIFICATION VALUES(None, '2019-06-03 13:00:00', 'Upcoming appointment', 'Do not forget that you have appointment 556 in room 102.', 29);
INSERT INTO INVOICE_BILL VALUES('2019-06-03 13:30:00', 100, 4, True);
INSERT INTO MEDICAL_RECORD VALUES('Medical record description 568.', '2019-06-03 13:30:00', 556, 1);
INSERT INTO APPOINTMENT VALUES(557, 453, 0, '2018-10-16 11:00:00', '2018-10-16 11:15:00', 29, 5, None);
INSERT INTO NOTIFICATION VALUES(None, '2018-10-16 10:45:00', 'Upcoming appointment', 'Do not forget that you have appointment 557 in room 453.', 2);
INSERT INTO NOTIFICATION VALUES(None, '2018-10-16 10:45:00', 'Upcoming appointment', 'Do not forget that you have appointment 557 in room 453.', 29);
INSERT INTO INVOICE_BILL VALUES('2018-10-16 11:15:00', 450, 7, True);
INSERT INTO MEDICAL_RECORD VALUES('Medical record description 784.', '2018-10-16 11:15:00', 557, 5);
INSERT INTO APPOINTMENT VALUES(558, 250, 1, '2019-11-13 16:00:00', '2019-11-13 16:15:00', 29, 5, None);
INSERT INTO NOTIFICATION VALUES(None, '2019-11-13 15:45:00', 'Upcoming appointment', 'Do not forget that you have appointment 558 in room 250.', 9);
INSERT INTO NOTIFICATION VALUES(None, '2019-11-13 15:45:00', 'Upcoming appointment', 'Do not forget that you have appointment 558 in room 250.', 29);
INSERT INTO INVOICE_BILL VALUES('2019-11-13 16:15:00', 1000, 12, True);
INSERT INTO MEDICAL_RECORD VALUES('Medical record description 926.', '2019-11-13 16:15:00', 558, 5);
INSERT INTO APPOINTMENT VALUES(559, 154, 0, '2019-09-19 13:45:00', '2019-09-19 14:00:00', 29, 8, None);
INSERT INTO NOTIFICATION VALUES(None, '2019-09-19 13:30:00', 'Upcoming appointment', 'Do not forget that you have appointment 559 in room 154.', 5);
INSERT INTO NOTIFICATION VALUES(None, '2019-09-19 13:30:00', 'Upcoming appointment', 'Do not forget that you have appointment 559 in room 154.', 29);
INSERT INTO INVOICE_BILL VALUES('2019-09-19 14:00:00', 950, 11, True);
INSERT INTO MEDICAL_RECORD VALUES('Medical record description 718.', '2019-09-19 14:00:00', 559, 8);
INSERT INTO APPOINTMENT VALUES(560, 330, 0, '2018-07-19 14:15:00', '2018-07-19 14:30:00', 29, 1, None);
INSERT INTO NOTIFICATION VALUES(None, '2018-07-19 14:00:00', 'Upcoming appointment', 'Do not forget that you have appointment 560 in room 330.', 8);
INSERT INTO NOTIFICATION VALUES(None, '2018-07-19 14:00:00', 'Upcoming appointment', 'Do not forget that you have appointment 560 in room 330.', 29);
INSERT INTO INVOICE_BILL VALUES('2018-07-19 14:30:00', 500, 11, False);
INSERT INTO MEDICAL_RECORD VALUES('Medical record description 617.', '2018-07-19 14:30:00', 560, 1);
INSERT INTO APPOINTMENT VALUES(561, 434, 0, '2010-06-21 11:00:00', '2010-06-21 11:15:00', 29, 3, None);
INSERT INTO NOTIFICATION VALUES(None, '2010-06-21 10:45:00', 'Upcoming appointment', 'Do not forget that you have appointment 561 in room 434.', 5);
INSERT INTO NOTIFICATION VALUES(None, '2010-06-21 10:45:00', 'Upcoming appointment', 'Do not forget that you have appointment 561 in room 434.', 29);
INSERT INTO INVOICE_BILL VALUES('2010-06-21 11:15:00', 650, 15, False);
INSERT INTO MEDICAL_RECORD VALUES('Medical record description 252.', '2010-06-21 11:15:00', 561, 3);
INSERT INTO APPOINTMENT VALUES(562, 173, 0, '2019-06-19 15:15:00', '2019-06-19 15:30:00', 29, 7, None);
INSERT INTO NOTIFICATION VALUES(None, '2019-06-19 15:00:00', 'Upcoming appointment', 'Do not forget that you have appointment 562 in room 173.', 9);
INSERT INTO NOTIFICATION VALUES(None, '2019-06-19 15:00:00', 'Upcoming appointment', 'Do not forget that you have appointment 562 in room 173.', 29);
INSERT INTO INVOICE_BILL VALUES('2019-06-19 15:30:00', 700, 7, True);
INSERT INTO MEDICAL_RECORD VALUES('Medical record description 585.', '2019-06-19 15:30:00', 562, 7);
INSERT INTO APPOINTMENT VALUES(563, 427, 1, '2017-09-29 13:30:00', '2017-09-29 13:45:00', 29, 3, None);
INSERT INTO NOTIFICATION VALUES(None, '2017-09-29 13:15:00', 'Upcoming appointment', 'Do not forget that you have appointment 563 in room 427.', 6);
INSERT INTO NOTIFICATION VALUES(None, '2017-09-29 13:15:00', 'Upcoming appointment', 'Do not forget that you have appointment 563 in room 427.', 29);
INSERT INTO INVOICE_BILL VALUES('2017-09-29 13:45:00', 150, 10, True);
INSERT INTO MEDICAL_RECORD VALUES('Medical record description 815.', '2017-09-29 13:45:00', 563, 3);
INSERT INTO APPOINTMENT VALUES(564, 457, 1, '2014-11-19 16:00:00', '2014-11-19 16:15:00', 29, 9, None);
INSERT INTO NOTIFICATION VALUES(None, '2014-11-19 15:45:00', 'Upcoming appointment', 'Do not forget that you have appointment 564 in room 457.', 4);
INSERT INTO NOTIFICATION VALUES(None, '2014-11-19 15:45:00', 'Upcoming appointment', 'Do not forget that you have appointment 564 in room 457.', 29);
INSERT INTO INVOICE_BILL VALUES('2014-11-19 16:15:00', 250, 1, False);
INSERT INTO MEDICAL_RECORD VALUES('Medical record description 291.', '2014-11-19 16:15:00', 564, 9);
INSERT INTO APPOINTMENT VALUES(565, 165, 1, '2017-02-10 16:45:00', '2017-02-10 17:00:00', 29, 10, None);
INSERT INTO NOTIFICATION VALUES(None, '2017-02-10 16:30:00', 'Upcoming appointment', 'Do not forget that you have appointment 565 in room 165.', 7);
INSERT INTO NOTIFICATION VALUES(None, '2017-02-10 16:30:00', 'Upcoming appointment', 'Do not forget that you have appointment 565 in room 165.', 29);
INSERT INTO INVOICE_BILL VALUES('2017-02-10 17:00:00', 600, 15, True);
INSERT INTO MEDICAL_RECORD VALUES('Medical record description 524.', '2017-02-10 17:00:00', 565, 10);
INSERT INTO APPOINTMENT VALUES(566, 453, 0, '2018-05-21 13:45:00', '2018-05-21 14:00:00', 29, 9, None);
INSERT INTO NOTIFICATION VALUES(None, '2018-05-21 13:30:00', 'Upcoming appointment', 'Do not forget that you have appointment 566 in room 453.', 6);
INSERT INTO NOTIFICATION VALUES(None, '2018-05-21 13:30:00', 'Upcoming appointment', 'Do not forget that you have appointment 566 in room 453.', 29);
INSERT INTO INVOICE_BILL VALUES('2018-05-21 14:00:00', 300, 6, False);
INSERT INTO MEDICAL_RECORD VALUES('Medical record description 404.', '2018-05-21 14:00:00', 566, 9);
INSERT INTO APPOINTMENT VALUES(567, 427, 0, '2018-01-12 17:30:00', '2018-01-12 17:45:00', 29, 8, None);
INSERT INTO NOTIFICATION VALUES(None, '2018-01-12 17:15:00', 'Upcoming appointment', 'Do not forget that you have appointment 567 in room 427.', 8);
INSERT INTO NOTIFICATION VALUES(None, '2018-01-12 17:15:00', 'Upcoming appointment', 'Do not forget that you have appointment 567 in room 427.', 29);
INSERT INTO INVOICE_BILL VALUES('2018-01-12 17:45:00', 900, 5, True);
INSERT INTO MEDICAL_RECORD VALUES('Medical record description 604.', '2018-01-12 17:45:00', 567, 8);
INSERT INTO APPOINTMENT VALUES(568, 388, 0, '2018-02-28 15:00:00', '2018-02-28 15:15:00', 29, 5, None);
INSERT INTO NOTIFICATION VALUES(None, '2018-02-28 14:45:00', 'Upcoming appointment', 'Do not forget that you have appointment 568 in room 388.', 10);
INSERT INTO NOTIFICATION VALUES(None, '2018-02-28 14:45:00', 'Upcoming appointment', 'Do not forget that you have appointment 568 in room 388.', 29);
INSERT INTO INVOICE_BILL VALUES('2018-02-28 15:15:00', 300, 14, False);
INSERT INTO MEDICAL_RECORD VALUES('Medical record description 503.', '2018-02-28 15:15:00', 568, 5);
INSERT INTO APPOINTMENT VALUES(569, 105, 1, '2015-06-29 12:30:00', '2015-06-29 12:45:00', 29, 2, None);
INSERT INTO NOTIFICATION VALUES(None, '2015-06-29 12:15:00', 'Upcoming appointment', 'Do not forget that you have appointment 569 in room 105.', 8);
INSERT INTO NOTIFICATION VALUES(None, '2015-06-29 12:15:00', 'Upcoming appointment', 'Do not forget that you have appointment 569 in room 105.', 29);
INSERT INTO INVOICE_BILL VALUES('2015-06-29 12:45:00', 800, 13, False);
INSERT INTO MEDICAL_RECORD VALUES('Medical record description 290.', '2015-06-29 12:45:00', 569, 2);
INSERT INTO APPOINTMENT VALUES(570, 488, 1, '2016-11-21 17:45:00', '2016-11-21 18:00:00', 30, 1, None);
INSERT INTO NOTIFICATION VALUES(None, '2016-11-21 17:30:00', 'Upcoming appointment', 'Do not forget that you have appointment 570 in room 488.', 1);
INSERT INTO NOTIFICATION VALUES(None, '2016-11-21 17:30:00', 'Upcoming appointment', 'Do not forget that you have appointment 570 in room 488.', 30);
INSERT INTO INVOICE_BILL VALUES('2016-11-21 18:00:00', 650, 5, True);
INSERT INTO MEDICAL_RECORD VALUES('Medical record description 372.', '2016-11-21 18:00:00', 570, 1);
INSERT INTO APPOINTMENT VALUES(571, 168, 1, '2019-09-25 16:30:00', '2019-09-25 16:45:00', 30, 5, None);
INSERT INTO NOTIFICATION VALUES(None, '2019-09-25 16:15:00', 'Upcoming appointment', 'Do not forget that you have appointment 571 in room 168.', 9);
INSERT INTO NOTIFICATION VALUES(None, '2019-09-25 16:15:00', 'Upcoming appointment', 'Do not forget that you have appointment 571 in room 168.', 30);
INSERT INTO INVOICE_BILL VALUES('2019-09-25 16:45:00', 600, 4, False);
INSERT INTO MEDICAL_RECORD VALUES('Medical record description 20.', '2019-09-25 16:45:00', 571, 5);
INSERT INTO APPOINTMENT VALUES(572, 490, 1, '2016-01-13 17:00:00', '2016-01-13 17:15:00', 30, 1, None);
INSERT INTO NOTIFICATION VALUES(None, '2016-01-13 16:45:00', 'Upcoming appointment', 'Do not forget that you have appointment 572 in room 490.', 6);
INSERT INTO NOTIFICATION VALUES(None, '2016-01-13 16:45:00', 'Upcoming appointment', 'Do not forget that you have appointment 572 in room 490.', 30);
INSERT INTO INVOICE_BILL VALUES('2016-01-13 17:15:00', 500, 6, True);
INSERT INTO MEDICAL_RECORD VALUES('Medical record description 605.', '2016-01-13 17:15:00', 572, 1);
INSERT INTO APPOINTMENT VALUES(573, 143, 1, '2012-06-28 15:30:00', '2012-06-28 15:45:00', 30, 3, None);
INSERT INTO NOTIFICATION VALUES(None, '2012-06-28 15:15:00', 'Upcoming appointment', 'Do not forget that you have appointment 573 in room 143.', 10);
INSERT INTO NOTIFICATION VALUES(None, '2012-06-28 15:15:00', 'Upcoming appointment', 'Do not forget that you have appointment 573 in room 143.', 30);
INSERT INTO INVOICE_BILL VALUES('2012-06-28 15:45:00', 100, 1, False);
INSERT INTO MEDICAL_RECORD VALUES('Medical record description 445.', '2012-06-28 15:45:00', 573, 3);
INSERT INTO APPOINTMENT VALUES(574, 249, 0, '2010-01-12 16:45:00', '2010-01-12 17:00:00', 30, 3, None);
INSERT INTO NOTIFICATION VALUES(None, '2010-01-12 16:30:00', 'Upcoming appointment', 'Do not forget that you have appointment 574 in room 249.', 1);
INSERT INTO NOTIFICATION VALUES(None, '2010-01-12 16:30:00', 'Upcoming appointment', 'Do not forget that you have appointment 574 in room 249.', 30);
INSERT INTO INVOICE_BILL VALUES('2010-01-12 17:00:00', 550, 12, False);
INSERT INTO MEDICAL_RECORD VALUES('Medical record description 527.', '2010-01-12 17:00:00', 574, 3);
INSERT INTO APPOINTMENT VALUES(575, 459, 1, '2017-10-27 13:45:00', '2017-10-27 14:00:00', 30, 5, None);
INSERT INTO NOTIFICATION VALUES(None, '2017-10-27 13:30:00', 'Upcoming appointment', 'Do not forget that you have appointment 575 in room 459.', 3);
INSERT INTO NOTIFICATION VALUES(None, '2017-10-27 13:30:00', 'Upcoming appointment', 'Do not forget that you have appointment 575 in room 459.', 30);
INSERT INTO INVOICE_BILL VALUES('2017-10-27 14:00:00', 900, 12, False);
INSERT INTO MEDICAL_RECORD VALUES('Medical record description 54.', '2017-10-27 14:00:00', 575, 5);
INSERT INTO APPOINTMENT VALUES(576, 307, 0, '2017-03-10 13:30:00', '2017-03-10 13:45:00', 30, 2, None);
INSERT INTO NOTIFICATION VALUES(None, '2017-03-10 13:15:00', 'Upcoming appointment', 'Do not forget that you have appointment 576 in room 307.', 2);
INSERT INTO NOTIFICATION VALUES(None, '2017-03-10 13:15:00', 'Upcoming appointment', 'Do not forget that you have appointment 576 in room 307.', 30);
INSERT INTO INVOICE_BILL VALUES('2017-03-10 13:45:00', 100, 2, True);
INSERT INTO MEDICAL_RECORD VALUES('Medical record description 224.', '2017-03-10 13:45:00', 576, 2);
INSERT INTO APPOINTMENT VALUES(577, 334, 1, '2014-05-05 12:45:00', '2014-05-05 13:00:00', 30, 9, None);
INSERT INTO NOTIFICATION VALUES(None, '2014-05-05 12:30:00', 'Upcoming appointment', 'Do not forget that you have appointment 577 in room 334.', 10);
INSERT INTO NOTIFICATION VALUES(None, '2014-05-05 12:30:00', 'Upcoming appointment', 'Do not forget that you have appointment 577 in room 334.', 30);
INSERT INTO INVOICE_BILL VALUES('2014-05-05 13:00:00', 150, 15, True);
INSERT INTO MEDICAL_RECORD VALUES('Medical record description 184.', '2014-05-05 13:00:00', 577, 9);
INSERT INTO APPOINTMENT VALUES(578, 257, 0, '2016-04-28 11:45:00', '2016-04-28 12:00:00', 30, 9, None);
INSERT INTO NOTIFICATION VALUES(None, '2016-04-28 11:30:00', 'Upcoming appointment', 'Do not forget that you have appointment 578 in room 257.', 3);
INSERT INTO NOTIFICATION VALUES(None, '2016-04-28 11:30:00', 'Upcoming appointment', 'Do not forget that you have appointment 578 in room 257.', 30);
INSERT INTO INVOICE_BILL VALUES('2016-04-28 12:00:00', 850, 12, True);
INSERT INTO MEDICAL_RECORD VALUES('Medical record description 351.', '2016-04-28 12:00:00', 578, 9);
INSERT INTO APPOINTMENT VALUES(579, 284, 0, '2015-05-07 11:00:00', '2015-05-07 11:15:00', 30, 4, None);
INSERT INTO NOTIFICATION VALUES(None, '2015-05-07 10:45:00', 'Upcoming appointment', 'Do not forget that you have appointment 579 in room 284.', 1);
INSERT INTO NOTIFICATION VALUES(None, '2015-05-07 10:45:00', 'Upcoming appointment', 'Do not forget that you have appointment 579 in room 284.', 30);
INSERT INTO INVOICE_BILL VALUES('2015-05-07 11:15:00', 700, 13, False);
INSERT INTO MEDICAL_RECORD VALUES('Medical record description 402.', '2015-05-07 11:15:00', 579, 4);
INSERT INTO APPOINTMENT VALUES(580, 135, 1, '2018-04-19 15:30:00', '2018-04-19 15:45:00', 30, 2, None);
INSERT INTO NOTIFICATION VALUES(None, '2018-04-19 15:15:00', 'Upcoming appointment', 'Do not forget that you have appointment 580 in room 135.', 2);
INSERT INTO NOTIFICATION VALUES(None, '2018-04-19 15:15:00', 'Upcoming appointment', 'Do not forget that you have appointment 580 in room 135.', 30);
INSERT INTO INVOICE_BILL VALUES('2018-04-19 15:45:00', 650, 11, False);
INSERT INTO MEDICAL_RECORD VALUES('Medical record description 839.', '2018-04-19 15:45:00', 580, 2);
INSERT INTO APPOINTMENT VALUES(581, 489, 0, '2015-07-06 15:00:00', '2015-07-06 15:15:00', 30, 1, None);
INSERT INTO NOTIFICATION VALUES(None, '2015-07-06 14:45:00', 'Upcoming appointment', 'Do not forget that you have appointment 581 in room 489.', 6);
INSERT INTO NOTIFICATION VALUES(None, '2015-07-06 14:45:00', 'Upcoming appointment', 'Do not forget that you have appointment 581 in room 489.', 30);
INSERT INTO INVOICE_BILL VALUES('2015-07-06 15:15:00', 350, 11, True);
INSERT INTO MEDICAL_RECORD VALUES('Medical record description 602.', '2015-07-06 15:15:00', 581, 1);
INSERT INTO APPOINTMENT VALUES(582, 253, 0, '2013-04-15 13:15:00', '2013-04-15 13:30:00', 30, 1, None);
INSERT INTO NOTIFICATION VALUES(None, '2013-04-15 13:00:00', 'Upcoming appointment', 'Do not forget that you have appointment 582 in room 253.', 3);
INSERT INTO NOTIFICATION VALUES(None, '2013-04-15 13:00:00', 'Upcoming appointment', 'Do not forget that you have appointment 582 in room 253.', 30);
INSERT INTO INVOICE_BILL VALUES('2013-04-15 13:30:00', 1000, 13, True);
INSERT INTO MEDICAL_RECORD VALUES('Medical record description 452.', '2013-04-15 13:30:00', 582, 1);
INSERT INTO APPOINTMENT VALUES(583, 318, 0, '2017-05-01 10:30:00', '2017-05-01 10:45:00', 30, 9, None);
INSERT INTO NOTIFICATION VALUES(None, '2017-05-01 10:15:00', 'Upcoming appointment', 'Do not forget that you have appointment 583 in room 318.', 4);
INSERT INTO NOTIFICATION VALUES(None, '2017-05-01 10:15:00', 'Upcoming appointment', 'Do not forget that you have appointment 583 in room 318.', 30);
INSERT INTO INVOICE_BILL VALUES('2017-05-01 10:45:00', 450, 6, True);
INSERT INTO MEDICAL_RECORD VALUES('Medical record description 134.', '2017-05-01 10:45:00', 583, 9);
INSERT INTO APPOINTMENT VALUES(584, 213, 1, '2016-11-29 16:15:00', '2016-11-29 16:30:00', 30, 9, None);
INSERT INTO NOTIFICATION VALUES(None, '2016-11-29 16:00:00', 'Upcoming appointment', 'Do not forget that you have appointment 584 in room 213.', 7);
INSERT INTO NOTIFICATION VALUES(None, '2016-11-29 16:00:00', 'Upcoming appointment', 'Do not forget that you have appointment 584 in room 213.', 30);
INSERT INTO INVOICE_BILL VALUES('2016-11-29 16:30:00', 300, 11, False);
INSERT INTO MEDICAL_RECORD VALUES('Medical record description 270.', '2016-11-29 16:30:00', 584, 9);
INSERT INTO APPOINTMENT VALUES(585, 192, 0, '2019-02-13 15:00:00', '2019-02-13 15:15:00', 30, 8, None);
INSERT INTO NOTIFICATION VALUES(None, '2019-02-13 14:45:00', 'Upcoming appointment', 'Do not forget that you have appointment 585 in room 192.', 2);
INSERT INTO NOTIFICATION VALUES(None, '2019-02-13 14:45:00', 'Upcoming appointment', 'Do not forget that you have appointment 585 in room 192.', 30);
INSERT INTO INVOICE_BILL VALUES('2019-02-13 15:15:00', 250, 3, False);
INSERT INTO MEDICAL_RECORD VALUES('Medical record description 584.', '2019-02-13 15:15:00', 585, 8);
INSERT INTO APPOINTMENT VALUES(586, 269, 1, '2019-08-07 14:15:00', '2019-08-07 14:30:00', 30, 10, None);
INSERT INTO NOTIFICATION VALUES(None, '2019-08-07 14:00:00', 'Upcoming appointment', 'Do not forget that you have appointment 586 in room 269.', 1);
INSERT INTO NOTIFICATION VALUES(None, '2019-08-07 14:00:00', 'Upcoming appointment', 'Do not forget that you have appointment 586 in room 269.', 30);
INSERT INTO INVOICE_BILL VALUES('2019-08-07 14:30:00', 950, 10, True);
INSERT INTO MEDICAL_RECORD VALUES('Medical record description 262.', '2019-08-07 14:30:00', 586, 10);
INSERT INTO APPOINTMENT VALUES(587, 151, 1, '2013-05-29 16:00:00', '2013-05-29 16:15:00', 30, 3, None);
INSERT INTO NOTIFICATION VALUES(None, '2013-05-29 15:45:00', 'Upcoming appointment', 'Do not forget that you have appointment 587 in room 151.', 10);
INSERT INTO NOTIFICATION VALUES(None, '2013-05-29 15:45:00', 'Upcoming appointment', 'Do not forget that you have appointment 587 in room 151.', 30);
INSERT INTO INVOICE_BILL VALUES('2013-05-29 16:15:00', 50, 3, True);
INSERT INTO MEDICAL_RECORD VALUES('Medical record description 545.', '2013-05-29 16:15:00', 587, 3);
INSERT INTO APPOINTMENT VALUES(588, 430, 0, '2019-11-06 17:00:00', '2019-11-06 17:15:00', 30, 4, None);
INSERT INTO NOTIFICATION VALUES(None, '2019-11-06 16:45:00', 'Upcoming appointment', 'Do not forget that you have appointment 588 in room 430.', 6);
INSERT INTO NOTIFICATION VALUES(None, '2019-11-06 16:45:00', 'Upcoming appointment', 'Do not forget that you have appointment 588 in room 430.', 30);
INSERT INTO INVOICE_BILL VALUES('2019-11-06 17:15:00', 1000, 13, True);
INSERT INTO MEDICAL_RECORD VALUES('Medical record description 914.', '2019-11-06 17:15:00', 588, 4);
INSERT INTO APPOINTMENT VALUES(589, 432, 1, '2016-04-19 17:30:00', '2016-04-19 17:45:00', 30, 9, None);
INSERT INTO NOTIFICATION VALUES(None, '2016-04-19 17:15:00', 'Upcoming appointment', 'Do not forget that you have appointment 589 in room 432.', 7);
INSERT INTO NOTIFICATION VALUES(None, '2016-04-19 17:15:00', 'Upcoming appointment', 'Do not forget that you have appointment 589 in room 432.', 30);
INSERT INTO INVOICE_BILL VALUES('2016-04-19 17:45:00', 150, 1, True);
INSERT INTO MEDICAL_RECORD VALUES('Medical record description 48.', '2016-04-19 17:45:00', 589, 9);
INSERT INTO APPOINTMENT VALUES(590, 163, 0, '2017-10-09 15:00:00', '2017-10-09 15:15:00', 30, 6, None);
INSERT INTO NOTIFICATION VALUES(None, '2017-10-09 14:45:00', 'Upcoming appointment', 'Do not forget that you have appointment 590 in room 163.', 8);
INSERT INTO NOTIFICATION VALUES(None, '2017-10-09 14:45:00', 'Upcoming appointment', 'Do not forget that you have appointment 590 in room 163.', 30);
INSERT INTO INVOICE_BILL VALUES('2017-10-09 15:15:00', 900, 9, True);
INSERT INTO MEDICAL_RECORD VALUES('Medical record description 761.', '2017-10-09 15:15:00', 590, 6);
INSERT INTO APPOINTMENT VALUES(591, 437, 0, '2019-03-13 15:15:00', '2019-03-13 15:30:00', 30, 1, None);
INSERT INTO NOTIFICATION VALUES(None, '2019-03-13 15:00:00', 'Upcoming appointment', 'Do not forget that you have appointment 591 in room 437.', 5);
INSERT INTO NOTIFICATION VALUES(None, '2019-03-13 15:00:00', 'Upcoming appointment', 'Do not forget that you have appointment 591 in room 437.', 30);
INSERT INTO INVOICE_BILL VALUES('2019-03-13 15:30:00', 650, 5, False);
INSERT INTO MEDICAL_RECORD VALUES('Medical record description 108.', '2019-03-13 15:30:00', 591, 1);
INSERT INTO APPOINTMENT VALUES(592, 251, 0, '2015-07-09 12:15:00', '2015-07-09 12:30:00', 30, 4, None);
INSERT INTO NOTIFICATION VALUES(None, '2015-07-09 12:00:00', 'Upcoming appointment', 'Do not forget that you have appointment 592 in room 251.', 2);
INSERT INTO NOTIFICATION VALUES(None, '2015-07-09 12:00:00', 'Upcoming appointment', 'Do not forget that you have appointment 592 in room 251.', 30);
INSERT INTO INVOICE_BILL VALUES('2015-07-09 12:30:00', 100, 12, True);
INSERT INTO MEDICAL_RECORD VALUES('Medical record description 821.', '2015-07-09 12:30:00', 592, 4);
INSERT INTO APPOINTMENT VALUES(593, 353, 0, '2010-07-30 15:30:00', '2010-07-30 15:45:00', 31, 3, None);
INSERT INTO NOTIFICATION VALUES(None, '2010-07-30 15:15:00', 'Upcoming appointment', 'Do not forget that you have appointment 593 in room 353.', 5);
INSERT INTO NOTIFICATION VALUES(None, '2010-07-30 15:15:00', 'Upcoming appointment', 'Do not forget that you have appointment 593 in room 353.', 31);
INSERT INTO INVOICE_BILL VALUES('2010-07-30 15:45:00', 50, 15, True);
INSERT INTO MEDICAL_RECORD VALUES('Medical record description 29.', '2010-07-30 15:45:00', 593, 3);
INSERT INTO APPOINTMENT VALUES(594, 289, 0, '2016-04-05 16:30:00', '2016-04-05 16:45:00', 31, 9, None);
INSERT INTO NOTIFICATION VALUES(None, '2016-04-05 16:15:00', 'Upcoming appointment', 'Do not forget that you have appointment 594 in room 289.', 6);
INSERT INTO NOTIFICATION VALUES(None, '2016-04-05 16:15:00', 'Upcoming appointment', 'Do not forget that you have appointment 594 in room 289.', 31);
INSERT INTO INVOICE_BILL VALUES('2016-04-05 16:45:00', 600, 6, True);
INSERT INTO MEDICAL_RECORD VALUES('Medical record description 27.', '2016-04-05 16:45:00', 594, 9);
INSERT INTO APPOINTMENT VALUES(595, 171, 0, '2016-08-09 11:00:00', '2016-08-09 11:15:00', 31, 6, None);
INSERT INTO NOTIFICATION VALUES(None, '2016-08-09 10:45:00', 'Upcoming appointment', 'Do not forget that you have appointment 595 in room 171.', 5);
INSERT INTO NOTIFICATION VALUES(None, '2016-08-09 10:45:00', 'Upcoming appointment', 'Do not forget that you have appointment 595 in room 171.', 31);
INSERT INTO INVOICE_BILL VALUES('2016-08-09 11:15:00', 700, 3, False);
INSERT INTO MEDICAL_RECORD VALUES('Medical record description 634.', '2016-08-09 11:15:00', 595, 6);
INSERT INTO APPOINTMENT VALUES(596, 459, 0, '2018-09-11 12:45:00', '2018-09-11 13:00:00', 31, 3, None);
INSERT INTO NOTIFICATION VALUES(None, '2018-09-11 12:30:00', 'Upcoming appointment', 'Do not forget that you have appointment 596 in room 459.', 2);
INSERT INTO NOTIFICATION VALUES(None, '2018-09-11 12:30:00', 'Upcoming appointment', 'Do not forget that you have appointment 596 in room 459.', 31);
INSERT INTO INVOICE_BILL VALUES('2018-09-11 13:00:00', 450, 4, True);
INSERT INTO MEDICAL_RECORD VALUES('Medical record description 863.', '2018-09-11 13:00:00', 596, 3);
INSERT INTO APPOINTMENT VALUES(597, 134, 1, '2016-09-23 12:45:00', '2016-09-23 13:00:00', 31, 2, None);
INSERT INTO NOTIFICATION VALUES(None, '2016-09-23 12:30:00', 'Upcoming appointment', 'Do not forget that you have appointment 597 in room 134.', 3);
INSERT INTO NOTIFICATION VALUES(None, '2016-09-23 12:30:00', 'Upcoming appointment', 'Do not forget that you have appointment 597 in room 134.', 31);
INSERT INTO INVOICE_BILL VALUES('2016-09-23 13:00:00', 800, 5, True);
INSERT INTO MEDICAL_RECORD VALUES('Medical record description 185.', '2016-09-23 13:00:00', 597, 2);
INSERT INTO APPOINTMENT VALUES(598, 125, 0, '2014-04-21 17:45:00', '2014-04-21 18:00:00', 31, 1, None);
INSERT INTO NOTIFICATION VALUES(None, '2014-04-21 17:30:00', 'Upcoming appointment', 'Do not forget that you have appointment 598 in room 125.', 1);
INSERT INTO NOTIFICATION VALUES(None, '2014-04-21 17:30:00', 'Upcoming appointment', 'Do not forget that you have appointment 598 in room 125.', 31);
INSERT INTO INVOICE_BILL VALUES('2014-04-21 18:00:00', 100, 5, True);
INSERT INTO MEDICAL_RECORD VALUES('Medical record description 773.', '2014-04-21 18:00:00', 598, 1);
INSERT INTO APPOINTMENT VALUES(599, 167, 1, '2017-10-24 10:30:00', '2017-10-24 10:45:00', 31, 1, None);
INSERT INTO NOTIFICATION VALUES(None, '2017-10-24 10:15:00', 'Upcoming appointment', 'Do not forget that you have appointment 599 in room 167.', 6);
INSERT INTO NOTIFICATION VALUES(None, '2017-10-24 10:15:00', 'Upcoming appointment', 'Do not forget that you have appointment 599 in room 167.', 31);
INSERT INTO INVOICE_BILL VALUES('2017-10-24 10:45:00', 550, 3, False);
INSERT INTO MEDICAL_RECORD VALUES('Medical record description 833.', '2017-10-24 10:45:00', 599, 1);
INSERT INTO APPOINTMENT VALUES(600, 309, 0, '2016-06-20 14:30:00', '2016-06-20 14:45:00', 31, 2, None);
INSERT INTO NOTIFICATION VALUES(None, '2016-06-20 14:15:00', 'Upcoming appointment', 'Do not forget that you have appointment 600 in room 309.', 4);
INSERT INTO NOTIFICATION VALUES(None, '2016-06-20 14:15:00', 'Upcoming appointment', 'Do not forget that you have appointment 600 in room 309.', 31);
INSERT INTO INVOICE_BILL VALUES('2016-06-20 14:45:00', 650, 15, True);
INSERT INTO MEDICAL_RECORD VALUES('Medical record description 391.', '2016-06-20 14:45:00', 600, 2);
INSERT INTO APPOINTMENT VALUES(601, 318, 0, '2016-05-04 10:15:00', '2016-05-04 10:30:00', 32, 6, None);
INSERT INTO NOTIFICATION VALUES(None, '2016-05-04 10:00:00', 'Upcoming appointment', 'Do not forget that you have appointment 601 in room 318.', 6);
INSERT INTO NOTIFICATION VALUES(None, '2016-05-04 10:00:00', 'Upcoming appointment', 'Do not forget that you have appointment 601 in room 318.', 32);
INSERT INTO INVOICE_BILL VALUES('2016-05-04 10:30:00', 350, 1, True);
INSERT INTO MEDICAL_RECORD VALUES('Medical record description 957.', '2016-05-04 10:30:00', 601, 6);
INSERT INTO APPOINTMENT VALUES(602, 458, 1, '2017-09-15 12:15:00', '2017-09-15 12:30:00', 32, 10, None);
INSERT INTO NOTIFICATION VALUES(None, '2017-09-15 12:00:00', 'Upcoming appointment', 'Do not forget that you have appointment 602 in room 458.', 6);
INSERT INTO NOTIFICATION VALUES(None, '2017-09-15 12:00:00', 'Upcoming appointment', 'Do not forget that you have appointment 602 in room 458.', 32);
INSERT INTO INVOICE_BILL VALUES('2017-09-15 12:30:00', 300, 11, False);
INSERT INTO MEDICAL_RECORD VALUES('Medical record description 786.', '2017-09-15 12:30:00', 602, 10);
INSERT INTO APPOINTMENT VALUES(603, 277, 0, '2014-01-22 12:30:00', '2014-01-22 12:45:00', 32, 3, None);
INSERT INTO NOTIFICATION VALUES(None, '2014-01-22 12:15:00', 'Upcoming appointment', 'Do not forget that you have appointment 603 in room 277.', 1);
INSERT INTO NOTIFICATION VALUES(None, '2014-01-22 12:15:00', 'Upcoming appointment', 'Do not forget that you have appointment 603 in room 277.', 32);
INSERT INTO INVOICE_BILL VALUES('2014-01-22 12:45:00', 750, 11, True);
INSERT INTO MEDICAL_RECORD VALUES('Medical record description 360.', '2014-01-22 12:45:00', 603, 3);
INSERT INTO APPOINTMENT VALUES(604, 400, 0, '2017-06-13 15:45:00', '2017-06-13 16:00:00', 32, 2, None);
INSERT INTO NOTIFICATION VALUES(None, '2017-06-13 15:30:00', 'Upcoming appointment', 'Do not forget that you have appointment 604 in room 400.', 7);
INSERT INTO NOTIFICATION VALUES(None, '2017-06-13 15:30:00', 'Upcoming appointment', 'Do not forget that you have appointment 604 in room 400.', 32);
INSERT INTO INVOICE_BILL VALUES('2017-06-13 16:00:00', 700, 14, False);
INSERT INTO MEDICAL_RECORD VALUES('Medical record description 909.', '2017-06-13 16:00:00', 604, 2);
INSERT INTO APPOINTMENT VALUES(605, 482, 1, '2016-06-03 17:30:00', '2016-06-03 17:45:00', 32, 2, None);
INSERT INTO NOTIFICATION VALUES(None, '2016-06-03 17:15:00', 'Upcoming appointment', 'Do not forget that you have appointment 605 in room 482.', 5);
INSERT INTO NOTIFICATION VALUES(None, '2016-06-03 17:15:00', 'Upcoming appointment', 'Do not forget that you have appointment 605 in room 482.', 32);
INSERT INTO INVOICE_BILL VALUES('2016-06-03 17:45:00', 850, 12, True);
INSERT INTO MEDICAL_RECORD VALUES('Medical record description 532.', '2016-06-03 17:45:00', 605, 2);
INSERT INTO APPOINTMENT VALUES(606, 216, 0, '2016-07-19 17:30:00', '2016-07-19 17:45:00', 32, 4, None);
INSERT INTO NOTIFICATION VALUES(None, '2016-07-19 17:15:00', 'Upcoming appointment', 'Do not forget that you have appointment 606 in room 216.', 3);
INSERT INTO NOTIFICATION VALUES(None, '2016-07-19 17:15:00', 'Upcoming appointment', 'Do not forget that you have appointment 606 in room 216.', 32);
INSERT INTO INVOICE_BILL VALUES('2016-07-19 17:45:00', 850, 11, False);
INSERT INTO MEDICAL_RECORD VALUES('Medical record description 578.', '2016-07-19 17:45:00', 606, 4);
INSERT INTO APPOINTMENT VALUES(607, 305, 0, '2019-09-06 17:30:00', '2019-09-06 17:45:00', 32, 1, None);
INSERT INTO NOTIFICATION VALUES(None, '2019-09-06 17:15:00', 'Upcoming appointment', 'Do not forget that you have appointment 607 in room 305.', 9);
INSERT INTO NOTIFICATION VALUES(None, '2019-09-06 17:15:00', 'Upcoming appointment', 'Do not forget that you have appointment 607 in room 305.', 32);
INSERT INTO INVOICE_BILL VALUES('2019-09-06 17:45:00', 150, 13, True);
INSERT INTO MEDICAL_RECORD VALUES('Medical record description 106.', '2019-09-06 17:45:00', 607, 1);
INSERT INTO APPOINTMENT VALUES(608, 267, 0, '2017-03-15 13:45:00', '2017-03-15 14:00:00', 32, 3, None);
INSERT INTO NOTIFICATION VALUES(None, '2017-03-15 13:30:00', 'Upcoming appointment', 'Do not forget that you have appointment 608 in room 267.', 7);
INSERT INTO NOTIFICATION VALUES(None, '2017-03-15 13:30:00', 'Upcoming appointment', 'Do not forget that you have appointment 608 in room 267.', 32);
INSERT INTO INVOICE_BILL VALUES('2017-03-15 14:00:00', 1000, 1, False);
INSERT INTO MEDICAL_RECORD VALUES('Medical record description 91.', '2017-03-15 14:00:00', 608, 3);
INSERT INTO APPOINTMENT VALUES(609, 263, 1, '2017-08-25 13:00:00', '2017-08-25 13:15:00', 32, 9, None);
INSERT INTO NOTIFICATION VALUES(None, '2017-08-25 12:45:00', 'Upcoming appointment', 'Do not forget that you have appointment 609 in room 263.', 7);
INSERT INTO NOTIFICATION VALUES(None, '2017-08-25 12:45:00', 'Upcoming appointment', 'Do not forget that you have appointment 609 in room 263.', 32);
INSERT INTO INVOICE_BILL VALUES('2017-08-25 13:15:00', 1000, 13, True);
INSERT INTO MEDICAL_RECORD VALUES('Medical record description 665.', '2017-08-25 13:15:00', 609, 9);
INSERT INTO APPOINTMENT VALUES(610, 343, 0, '2014-01-22 10:30:00', '2014-01-22 10:45:00', 32, 3, None);
INSERT INTO NOTIFICATION VALUES(None, '2014-01-22 10:15:00', 'Upcoming appointment', 'Do not forget that you have appointment 610 in room 343.', 6);
INSERT INTO NOTIFICATION VALUES(None, '2014-01-22 10:15:00', 'Upcoming appointment', 'Do not forget that you have appointment 610 in room 343.', 32);
INSERT INTO INVOICE_BILL VALUES('2014-01-22 10:45:00', 600, 9, False);
INSERT INTO MEDICAL_RECORD VALUES('Medical record description 281.', '2014-01-22 10:45:00', 610, 3);
INSERT INTO APPOINTMENT VALUES(611, 454, 0, '2019-10-24 10:00:00', '2019-10-24 10:15:00', 32, 2, None);
INSERT INTO NOTIFICATION VALUES(None, '2019-10-24 09:45:00', 'Upcoming appointment', 'Do not forget that you have appointment 611 in room 454.', 3);
INSERT INTO NOTIFICATION VALUES(None, '2019-10-24 09:45:00', 'Upcoming appointment', 'Do not forget that you have appointment 611 in room 454.', 32);
INSERT INTO INVOICE_BILL VALUES('2019-10-24 10:15:00', 550, 2, True);
INSERT INTO MEDICAL_RECORD VALUES('Medical record description 261.', '2019-10-24 10:15:00', 611, 2);
INSERT INTO APPOINTMENT VALUES(612, 234, 0, '2017-12-08 15:30:00', '2017-12-08 15:45:00', 32, 10, None);
INSERT INTO NOTIFICATION VALUES(None, '2017-12-08 15:15:00', 'Upcoming appointment', 'Do not forget that you have appointment 612 in room 234.', 7);
INSERT INTO NOTIFICATION VALUES(None, '2017-12-08 15:15:00', 'Upcoming appointment', 'Do not forget that you have appointment 612 in room 234.', 32);
INSERT INTO INVOICE_BILL VALUES('2017-12-08 15:45:00', 850, 4, True);
INSERT INTO MEDICAL_RECORD VALUES('Medical record description 652.', '2017-12-08 15:45:00', 612, 10);
INSERT INTO APPOINTMENT VALUES(613, 302, 1, '2019-04-04 16:45:00', '2019-04-04 17:00:00', 32, 7, None);
INSERT INTO NOTIFICATION VALUES(None, '2019-04-04 16:30:00', 'Upcoming appointment', 'Do not forget that you have appointment 613 in room 302.', 10);
INSERT INTO NOTIFICATION VALUES(None, '2019-04-04 16:30:00', 'Upcoming appointment', 'Do not forget that you have appointment 613 in room 302.', 32);
INSERT INTO INVOICE_BILL VALUES('2019-04-04 17:00:00', 700, 6, True);
INSERT INTO MEDICAL_RECORD VALUES('Medical record description 438.', '2019-04-04 17:00:00', 613, 7);
INSERT INTO APPOINTMENT VALUES(614, 248, 0, '2019-05-09 17:45:00', '2019-05-09 18:00:00', 32, 5, None);
INSERT INTO NOTIFICATION VALUES(None, '2019-05-09 17:30:00', 'Upcoming appointment', 'Do not forget that you have appointment 614 in room 248.', 7);
INSERT INTO NOTIFICATION VALUES(None, '2019-05-09 17:30:00', 'Upcoming appointment', 'Do not forget that you have appointment 614 in room 248.', 32);
INSERT INTO INVOICE_BILL VALUES('2019-05-09 18:00:00', 850, 11, True);
INSERT INTO MEDICAL_RECORD VALUES('Medical record description 37.', '2019-05-09 18:00:00', 614, 5);
INSERT INTO APPOINTMENT VALUES(615, 231, 0, '2019-03-12 15:30:00', '2019-03-12 15:45:00', 32, 5, None);
INSERT INTO NOTIFICATION VALUES(None, '2019-03-12 15:15:00', 'Upcoming appointment', 'Do not forget that you have appointment 615 in room 231.', 10);
INSERT INTO NOTIFICATION VALUES(None, '2019-03-12 15:15:00', 'Upcoming appointment', 'Do not forget that you have appointment 615 in room 231.', 32);
INSERT INTO INVOICE_BILL VALUES('2019-03-12 15:45:00', 750, 5, True);
INSERT INTO MEDICAL_RECORD VALUES('Medical record description 746.', '2019-03-12 15:45:00', 615, 5);
INSERT INTO APPOINTMENT VALUES(616, 255, 1, '2017-07-26 13:15:00', '2017-07-26 13:30:00', 32, 10, None);
INSERT INTO NOTIFICATION VALUES(None, '2017-07-26 13:00:00', 'Upcoming appointment', 'Do not forget that you have appointment 616 in room 255.', 5);
INSERT INTO NOTIFICATION VALUES(None, '2017-07-26 13:00:00', 'Upcoming appointment', 'Do not forget that you have appointment 616 in room 255.', 32);
INSERT INTO INVOICE_BILL VALUES('2017-07-26 13:30:00', 350, 13, True);
INSERT INTO MEDICAL_RECORD VALUES('Medical record description 351.', '2017-07-26 13:30:00', 616, 10);
INSERT INTO APPOINTMENT VALUES(617, 215, 0, '2011-07-18 15:15:00', '2011-07-18 15:30:00', 32, 3, None);
INSERT INTO NOTIFICATION VALUES(None, '2011-07-18 15:00:00', 'Upcoming appointment', 'Do not forget that you have appointment 617 in room 215.', 3);
INSERT INTO NOTIFICATION VALUES(None, '2011-07-18 15:00:00', 'Upcoming appointment', 'Do not forget that you have appointment 617 in room 215.', 32);
INSERT INTO INVOICE_BILL VALUES('2011-07-18 15:30:00', 700, 2, False);
INSERT INTO MEDICAL_RECORD VALUES('Medical record description 321.', '2011-07-18 15:30:00', 617, 3);
INSERT INTO APPOINTMENT VALUES(618, 129, 0, '2014-08-08 16:15:00', '2014-08-08 16:30:00', 32, 3, None);
INSERT INTO NOTIFICATION VALUES(None, '2014-08-08 16:00:00', 'Upcoming appointment', 'Do not forget that you have appointment 618 in room 129.', 9);
INSERT INTO NOTIFICATION VALUES(None, '2014-08-08 16:00:00', 'Upcoming appointment', 'Do not forget that you have appointment 618 in room 129.', 32);
INSERT INTO INVOICE_BILL VALUES('2014-08-08 16:30:00', 300, 1, False);
INSERT INTO MEDICAL_RECORD VALUES('Medical record description 217.', '2014-08-08 16:30:00', 618, 3);
INSERT INTO APPOINTMENT VALUES(619, 408, 1, '2016-07-06 16:00:00', '2016-07-06 16:15:00', 32, 9, None);
INSERT INTO NOTIFICATION VALUES(None, '2016-07-06 15:45:00', 'Upcoming appointment', 'Do not forget that you have appointment 619 in room 408.', 3);
INSERT INTO NOTIFICATION VALUES(None, '2016-07-06 15:45:00', 'Upcoming appointment', 'Do not forget that you have appointment 619 in room 408.', 32);
INSERT INTO INVOICE_BILL VALUES('2016-07-06 16:15:00', 200, 10, False);
INSERT INTO MEDICAL_RECORD VALUES('Medical record description 421.', '2016-07-06 16:15:00', 619, 9);
INSERT INTO APPOINTMENT VALUES(620, 142, 0, '2017-01-06 16:30:00', '2017-01-06 16:45:00', 32, 1, None);
INSERT INTO NOTIFICATION VALUES(None, '2017-01-06 16:15:00', 'Upcoming appointment', 'Do not forget that you have appointment 620 in room 142.', 6);
INSERT INTO NOTIFICATION VALUES(None, '2017-01-06 16:15:00', 'Upcoming appointment', 'Do not forget that you have appointment 620 in room 142.', 32);
INSERT INTO INVOICE_BILL VALUES('2017-01-06 16:45:00', 800, 10, False);
INSERT INTO MEDICAL_RECORD VALUES('Medical record description 372.', '2017-01-06 16:45:00', 620, 1);
INSERT INTO APPOINTMENT VALUES(621, 435, 1, '2014-10-27 10:30:00', '2014-10-27 10:45:00', 32, 1, None);
INSERT INTO NOTIFICATION VALUES(None, '2014-10-27 10:15:00', 'Upcoming appointment', 'Do not forget that you have appointment 621 in room 435.', 9);
INSERT INTO NOTIFICATION VALUES(None, '2014-10-27 10:15:00', 'Upcoming appointment', 'Do not forget that you have appointment 621 in room 435.', 32);
INSERT INTO INVOICE_BILL VALUES('2014-10-27 10:45:00', 350, 14, True);
INSERT INTO MEDICAL_RECORD VALUES('Medical record description 736.', '2014-10-27 10:45:00', 621, 1);
INSERT INTO APPOINTMENT VALUES(622, 200, 0, '2010-01-07 14:45:00', '2010-01-07 15:00:00', 32, 3, None);
INSERT INTO NOTIFICATION VALUES(None, '2010-01-07 14:30:00', 'Upcoming appointment', 'Do not forget that you have appointment 622 in room 200.', 6);
INSERT INTO NOTIFICATION VALUES(None, '2010-01-07 14:30:00', 'Upcoming appointment', 'Do not forget that you have appointment 622 in room 200.', 32);
INSERT INTO INVOICE_BILL VALUES('2010-01-07 15:00:00', 550, 15, False);
INSERT INTO MEDICAL_RECORD VALUES('Medical record description 107.', '2010-01-07 15:00:00', 622, 3);
INSERT INTO APPOINTMENT VALUES(623, 449, 1, '2018-11-27 14:45:00', '2018-11-27 15:00:00', 32, 2, None);
INSERT INTO NOTIFICATION VALUES(None, '2018-11-27 14:30:00', 'Upcoming appointment', 'Do not forget that you have appointment 623 in room 449.', 4);
INSERT INTO NOTIFICATION VALUES(None, '2018-11-27 14:30:00', 'Upcoming appointment', 'Do not forget that you have appointment 623 in room 449.', 32);
INSERT INTO INVOICE_BILL VALUES('2018-11-27 15:00:00', 50, 13, False);
INSERT INTO MEDICAL_RECORD VALUES('Medical record description 184.', '2018-11-27 15:00:00', 623, 2);
INSERT INTO APPOINTMENT VALUES(624, 403, 0, '2014-07-30 11:45:00', '2014-07-30 12:00:00', 32, 3, None);
INSERT INTO NOTIFICATION VALUES(None, '2014-07-30 11:30:00', 'Upcoming appointment', 'Do not forget that you have appointment 624 in room 403.', 3);
INSERT INTO NOTIFICATION VALUES(None, '2014-07-30 11:30:00', 'Upcoming appointment', 'Do not forget that you have appointment 624 in room 403.', 32);
INSERT INTO INVOICE_BILL VALUES('2014-07-30 12:00:00', 550, 6, False);
INSERT INTO MEDICAL_RECORD VALUES('Medical record description 676.', '2014-07-30 12:00:00', 624, 3);
INSERT INTO APPOINTMENT VALUES(625, 436, 1, '2018-12-14 16:30:00', '2018-12-14 16:45:00', 32, 9, None);
INSERT INTO NOTIFICATION VALUES(None, '2018-12-14 16:15:00', 'Upcoming appointment', 'Do not forget that you have appointment 625 in room 436.', 10);
INSERT INTO NOTIFICATION VALUES(None, '2018-12-14 16:15:00', 'Upcoming appointment', 'Do not forget that you have appointment 625 in room 436.', 32);
INSERT INTO INVOICE_BILL VALUES('2018-12-14 16:45:00', 150, 6, True);
INSERT INTO MEDICAL_RECORD VALUES('Medical record description 378.', '2018-12-14 16:45:00', 625, 9);
INSERT INTO APPOINTMENT VALUES(626, 297, 1, '2017-11-21 10:15:00', '2017-11-21 10:30:00', 32, 8, None);
INSERT INTO NOTIFICATION VALUES(None, '2017-11-21 10:00:00', 'Upcoming appointment', 'Do not forget that you have appointment 626 in room 297.', 6);
INSERT INTO NOTIFICATION VALUES(None, '2017-11-21 10:00:00', 'Upcoming appointment', 'Do not forget that you have appointment 626 in room 297.', 32);
INSERT INTO INVOICE_BILL VALUES('2017-11-21 10:30:00', 850, 15, True);
INSERT INTO MEDICAL_RECORD VALUES('Medical record description 394.', '2017-11-21 10:30:00', 626, 8);
INSERT INTO APPOINTMENT VALUES(627, 159, 1, '2014-04-04 12:15:00', '2014-04-04 12:30:00', 32, 9, None);
INSERT INTO NOTIFICATION VALUES(None, '2014-04-04 12:00:00', 'Upcoming appointment', 'Do not forget that you have appointment 627 in room 159.', 1);
INSERT INTO NOTIFICATION VALUES(None, '2014-04-04 12:00:00', 'Upcoming appointment', 'Do not forget that you have appointment 627 in room 159.', 32);
INSERT INTO INVOICE_BILL VALUES('2014-04-04 12:30:00', 600, 15, False);
INSERT INTO MEDICAL_RECORD VALUES('Medical record description 641.', '2014-04-04 12:30:00', 627, 9);
INSERT INTO APPOINTMENT VALUES(628, 320, 1, '2017-01-24 13:30:00', '2017-01-24 13:45:00', 33, 2, None);
INSERT INTO NOTIFICATION VALUES(None, '2017-01-24 13:15:00', 'Upcoming appointment', 'Do not forget that you have appointment 628 in room 320.', 2);
INSERT INTO NOTIFICATION VALUES(None, '2017-01-24 13:15:00', 'Upcoming appointment', 'Do not forget that you have appointment 628 in room 320.', 33);
INSERT INTO INVOICE_BILL VALUES('2017-01-24 13:45:00', 400, 12, False);
INSERT INTO MEDICAL_RECORD VALUES('Medical record description 423.', '2017-01-24 13:45:00', 628, 2);
INSERT INTO APPOINTMENT VALUES(629, 385, 1, '2018-06-04 13:15:00', '2018-06-04 13:30:00', 33, 6, None);
INSERT INTO NOTIFICATION VALUES(None, '2018-06-04 13:00:00', 'Upcoming appointment', 'Do not forget that you have appointment 629 in room 385.', 5);
INSERT INTO NOTIFICATION VALUES(None, '2018-06-04 13:00:00', 'Upcoming appointment', 'Do not forget that you have appointment 629 in room 385.', 33);
INSERT INTO INVOICE_BILL VALUES('2018-06-04 13:30:00', 850, 6, False);
INSERT INTO MEDICAL_RECORD VALUES('Medical record description 360.', '2018-06-04 13:30:00', 629, 6);
INSERT INTO APPOINTMENT VALUES(630, 297, 1, '2009-12-04 13:30:00', '2009-12-04 13:45:00', 33, 3, None);
INSERT INTO NOTIFICATION VALUES(None, '2009-12-04 13:15:00', 'Upcoming appointment', 'Do not forget that you have appointment 630 in room 297.', 6);
INSERT INTO NOTIFICATION VALUES(None, '2009-12-04 13:15:00', 'Upcoming appointment', 'Do not forget that you have appointment 630 in room 297.', 33);
INSERT INTO INVOICE_BILL VALUES('2009-12-04 13:45:00', 700, 14, True);
INSERT INTO MEDICAL_RECORD VALUES('Medical record description 446.', '2009-12-04 13:45:00', 630, 3);
INSERT INTO APPOINTMENT VALUES(631, 109, 0, '2019-06-14 17:15:00', '2019-06-14 17:30:00', 33, 1, None);
INSERT INTO NOTIFICATION VALUES(None, '2019-06-14 17:00:00', 'Upcoming appointment', 'Do not forget that you have appointment 631 in room 109.', 2);
INSERT INTO NOTIFICATION VALUES(None, '2019-06-14 17:00:00', 'Upcoming appointment', 'Do not forget that you have appointment 631 in room 109.', 33);
INSERT INTO INVOICE_BILL VALUES('2019-06-14 17:30:00', 550, 7, False);
INSERT INTO MEDICAL_RECORD VALUES('Medical record description 363.', '2019-06-14 17:30:00', 631, 1);
INSERT INTO APPOINTMENT VALUES(632, 226, 1, '2016-08-04 14:45:00', '2016-08-04 15:00:00', 33, 4, None);
INSERT INTO NOTIFICATION VALUES(None, '2016-08-04 14:30:00', 'Upcoming appointment', 'Do not forget that you have appointment 632 in room 226.', 6);
INSERT INTO NOTIFICATION VALUES(None, '2016-08-04 14:30:00', 'Upcoming appointment', 'Do not forget that you have appointment 632 in room 226.', 33);
INSERT INTO INVOICE_BILL VALUES('2016-08-04 15:00:00', 700, 3, False);
INSERT INTO MEDICAL_RECORD VALUES('Medical record description 866.', '2016-08-04 15:00:00', 632, 4);
INSERT INTO APPOINTMENT VALUES(633, 302, 0, '2019-11-07 15:00:00', '2019-11-07 15:15:00', 33, 5, None);
INSERT INTO NOTIFICATION VALUES(None, '2019-11-07 14:45:00', 'Upcoming appointment', 'Do not forget that you have appointment 633 in room 302.', 6);
INSERT INTO NOTIFICATION VALUES(None, '2019-11-07 14:45:00', 'Upcoming appointment', 'Do not forget that you have appointment 633 in room 302.', 33);
INSERT INTO INVOICE_BILL VALUES('2019-11-07 15:15:00', 400, 9, True);
INSERT INTO MEDICAL_RECORD VALUES('Medical record description 57.', '2019-11-07 15:15:00', 633, 5);
INSERT INTO APPOINTMENT VALUES(634, 372, 1, '2010-11-16 15:45:00', '2010-11-16 16:00:00', 33, 3, None);
INSERT INTO NOTIFICATION VALUES(None, '2010-11-16 15:30:00', 'Upcoming appointment', 'Do not forget that you have appointment 634 in room 372.', 7);
INSERT INTO NOTIFICATION VALUES(None, '2010-11-16 15:30:00', 'Upcoming appointment', 'Do not forget that you have appointment 634 in room 372.', 33);
INSERT INTO INVOICE_BILL VALUES('2010-11-16 16:00:00', 750, 4, False);
INSERT INTO MEDICAL_RECORD VALUES('Medical record description 365.', '2010-11-16 16:00:00', 634, 3);
INSERT INTO APPOINTMENT VALUES(635, 190, 0, '2015-11-24 15:00:00', '2015-11-24 15:15:00', 33, 2, None);
INSERT INTO NOTIFICATION VALUES(None, '2015-11-24 14:45:00', 'Upcoming appointment', 'Do not forget that you have appointment 635 in room 190.', 2);
INSERT INTO NOTIFICATION VALUES(None, '2015-11-24 14:45:00', 'Upcoming appointment', 'Do not forget that you have appointment 635 in room 190.', 33);
INSERT INTO INVOICE_BILL VALUES('2015-11-24 15:15:00', 550, 15, True);
INSERT INTO MEDICAL_RECORD VALUES('Medical record description 527.', '2015-11-24 15:15:00', 635, 2);
INSERT INTO APPOINTMENT VALUES(636, 192, 1, '2014-08-13 12:00:00', '2014-08-13 12:15:00', 33, 3, None);
INSERT INTO NOTIFICATION VALUES(None, '2014-08-13 11:45:00', 'Upcoming appointment', 'Do not forget that you have appointment 636 in room 192.', 2);
INSERT INTO NOTIFICATION VALUES(None, '2014-08-13 11:45:00', 'Upcoming appointment', 'Do not forget that you have appointment 636 in room 192.', 33);
INSERT INTO INVOICE_BILL VALUES('2014-08-13 12:15:00', 150, 9, False);
INSERT INTO MEDICAL_RECORD VALUES('Medical record description 797.', '2014-08-13 12:15:00', 636, 3);
INSERT INTO APPOINTMENT VALUES(637, 128, 0, '2017-09-19 14:30:00', '2017-09-19 14:45:00', 33, 3, None);
INSERT INTO NOTIFICATION VALUES(None, '2017-09-19 14:15:00', 'Upcoming appointment', 'Do not forget that you have appointment 637 in room 128.', 10);
INSERT INTO NOTIFICATION VALUES(None, '2017-09-19 14:15:00', 'Upcoming appointment', 'Do not forget that you have appointment 637 in room 128.', 33);
INSERT INTO INVOICE_BILL VALUES('2017-09-19 14:45:00', 750, 12, True);
INSERT INTO MEDICAL_RECORD VALUES('Medical record description 182.', '2017-09-19 14:45:00', 637, 3);
INSERT INTO APPOINTMENT VALUES(638, 354, 0, '2016-03-21 14:30:00', '2016-03-21 14:45:00', 33, 2, None);
INSERT INTO NOTIFICATION VALUES(None, '2016-03-21 14:15:00', 'Upcoming appointment', 'Do not forget that you have appointment 638 in room 354.', 1);
INSERT INTO NOTIFICATION VALUES(None, '2016-03-21 14:15:00', 'Upcoming appointment', 'Do not forget that you have appointment 638 in room 354.', 33);
INSERT INTO INVOICE_BILL VALUES('2016-03-21 14:45:00', 200, 1, True);
INSERT INTO MEDICAL_RECORD VALUES('Medical record description 601.', '2016-03-21 14:45:00', 638, 2);
INSERT INTO APPOINTMENT VALUES(639, 265, 0, '2017-11-28 15:15:00', '2017-11-28 15:30:00', 33, 8, None);
INSERT INTO NOTIFICATION VALUES(None, '2017-11-28 15:00:00', 'Upcoming appointment', 'Do not forget that you have appointment 639 in room 265.', 3);
INSERT INTO NOTIFICATION VALUES(None, '2017-11-28 15:00:00', 'Upcoming appointment', 'Do not forget that you have appointment 639 in room 265.', 33);
INSERT INTO INVOICE_BILL VALUES('2017-11-28 15:30:00', 350, 9, True);
INSERT INTO MEDICAL_RECORD VALUES('Medical record description 172.', '2017-11-28 15:30:00', 639, 8);
INSERT INTO APPOINTMENT VALUES(640, 102, 1, '2012-10-11 10:45:00', '2012-10-11 11:00:00', 33, 3, None);
INSERT INTO NOTIFICATION VALUES(None, '2012-10-11 10:30:00', 'Upcoming appointment', 'Do not forget that you have appointment 640 in room 102.', 1);
INSERT INTO NOTIFICATION VALUES(None, '2012-10-11 10:30:00', 'Upcoming appointment', 'Do not forget that you have appointment 640 in room 102.', 33);
INSERT INTO INVOICE_BILL VALUES('2012-10-11 11:00:00', 600, 9, True);
INSERT INTO MEDICAL_RECORD VALUES('Medical record description 115.', '2012-10-11 11:00:00', 640, 3);
INSERT INTO APPOINTMENT VALUES(641, 453, 1, '2018-10-04 11:30:00', '2018-10-04 11:45:00', 33, 1, None);
INSERT INTO NOTIFICATION VALUES(None, '2018-10-04 11:15:00', 'Upcoming appointment', 'Do not forget that you have appointment 641 in room 453.', 5);
INSERT INTO NOTIFICATION VALUES(None, '2018-10-04 11:15:00', 'Upcoming appointment', 'Do not forget that you have appointment 641 in room 453.', 33);
INSERT INTO INVOICE_BILL VALUES('2018-10-04 11:45:00', 250, 13, False);
INSERT INTO MEDICAL_RECORD VALUES('Medical record description 613.', '2018-10-04 11:45:00', 641, 1);
INSERT INTO APPOINTMENT VALUES(642, 283, 1, '2019-05-28 15:30:00', '2019-05-28 15:45:00', 33, 6, None);
INSERT INTO NOTIFICATION VALUES(None, '2019-05-28 15:15:00', 'Upcoming appointment', 'Do not forget that you have appointment 642 in room 283.', 6);
INSERT INTO NOTIFICATION VALUES(None, '2019-05-28 15:15:00', 'Upcoming appointment', 'Do not forget that you have appointment 642 in room 283.', 33);
INSERT INTO INVOICE_BILL VALUES('2019-05-28 15:45:00', 400, 13, False);
INSERT INTO MEDICAL_RECORD VALUES('Medical record description 483.', '2019-05-28 15:45:00', 642, 6);
INSERT INTO APPOINTMENT VALUES(643, 377, 1, '2018-02-08 13:45:00', '2018-02-08 14:00:00', 33, 8, None);
INSERT INTO NOTIFICATION VALUES(None, '2018-02-08 13:30:00', 'Upcoming appointment', 'Do not forget that you have appointment 643 in room 377.', 2);
INSERT INTO NOTIFICATION VALUES(None, '2018-02-08 13:30:00', 'Upcoming appointment', 'Do not forget that you have appointment 643 in room 377.', 33);
INSERT INTO INVOICE_BILL VALUES('2018-02-08 14:00:00', 900, 4, False);
INSERT INTO MEDICAL_RECORD VALUES('Medical record description 331.', '2018-02-08 14:00:00', 643, 8);
INSERT INTO APPOINTMENT VALUES(644, 490, 1, '2009-08-20 13:30:00', '2009-08-20 13:45:00', 33, 3, None);
INSERT INTO NOTIFICATION VALUES(None, '2009-08-20 13:15:00', 'Upcoming appointment', 'Do not forget that you have appointment 644 in room 490.', 4);
INSERT INTO NOTIFICATION VALUES(None, '2009-08-20 13:15:00', 'Upcoming appointment', 'Do not forget that you have appointment 644 in room 490.', 33);
INSERT INTO INVOICE_BILL VALUES('2009-08-20 13:45:00', 400, 2, False);
INSERT INTO MEDICAL_RECORD VALUES('Medical record description 24.', '2009-08-20 13:45:00', 644, 3);
INSERT INTO APPOINTMENT VALUES(645, 121, 0, '2015-12-10 13:30:00', '2015-12-10 13:45:00', 33, 6, None);
INSERT INTO NOTIFICATION VALUES(None, '2015-12-10 13:15:00', 'Upcoming appointment', 'Do not forget that you have appointment 645 in room 121.', 8);
INSERT INTO NOTIFICATION VALUES(None, '2015-12-10 13:15:00', 'Upcoming appointment', 'Do not forget that you have appointment 645 in room 121.', 33);
INSERT INTO INVOICE_BILL VALUES('2015-12-10 13:45:00', 700, 8, True);
INSERT INTO MEDICAL_RECORD VALUES('Medical record description 806.', '2015-12-10 13:45:00', 645, 6);
INSERT INTO APPOINTMENT VALUES(646, 204, 0, '2015-08-10 14:30:00', '2015-08-10 14:45:00', 33, 4, None);
INSERT INTO NOTIFICATION VALUES(None, '2015-08-10 14:15:00', 'Upcoming appointment', 'Do not forget that you have appointment 646 in room 204.', 9);
INSERT INTO NOTIFICATION VALUES(None, '2015-08-10 14:15:00', 'Upcoming appointment', 'Do not forget that you have appointment 646 in room 204.', 33);
INSERT INTO INVOICE_BILL VALUES('2015-08-10 14:45:00', 900, 15, False);
INSERT INTO MEDICAL_RECORD VALUES('Medical record description 711.', '2015-08-10 14:45:00', 646, 4);
INSERT INTO APPOINTMENT VALUES(647, 110, 1, '2015-09-18 13:30:00', '2015-09-18 13:45:00', 33, 3, None);
INSERT INTO NOTIFICATION VALUES(None, '2015-09-18 13:15:00', 'Upcoming appointment', 'Do not forget that you have appointment 647 in room 110.', 1);
INSERT INTO NOTIFICATION VALUES(None, '2015-09-18 13:15:00', 'Upcoming appointment', 'Do not forget that you have appointment 647 in room 110.', 33);
INSERT INTO INVOICE_BILL VALUES('2015-09-18 13:45:00', 50, 4, False);
INSERT INTO MEDICAL_RECORD VALUES('Medical record description 522.', '2015-09-18 13:45:00', 647, 3);
INSERT INTO APPOINTMENT VALUES(648, 351, 1, '2017-11-01 16:30:00', '2017-11-01 16:45:00', 33, 7, None);
INSERT INTO NOTIFICATION VALUES(None, '2017-11-01 16:15:00', 'Upcoming appointment', 'Do not forget that you have appointment 648 in room 351.', 5);
INSERT INTO NOTIFICATION VALUES(None, '2017-11-01 16:15:00', 'Upcoming appointment', 'Do not forget that you have appointment 648 in room 351.', 33);
INSERT INTO INVOICE_BILL VALUES('2017-11-01 16:45:00', 750, 2, False);
INSERT INTO MEDICAL_RECORD VALUES('Medical record description 234.', '2017-11-01 16:45:00', 648, 7);
INSERT INTO APPOINTMENT VALUES(649, 400, 1, '2014-01-31 17:00:00', '2014-01-31 17:15:00', 33, 9, None);
INSERT INTO NOTIFICATION VALUES(None, '2014-01-31 16:45:00', 'Upcoming appointment', 'Do not forget that you have appointment 649 in room 400.', 3);
INSERT INTO NOTIFICATION VALUES(None, '2014-01-31 16:45:00', 'Upcoming appointment', 'Do not forget that you have appointment 649 in room 400.', 33);
INSERT INTO INVOICE_BILL VALUES('2014-01-31 17:15:00', 400, 15, True);
INSERT INTO MEDICAL_RECORD VALUES('Medical record description 540.', '2014-01-31 17:15:00', 649, 9);
INSERT INTO APPOINTMENT VALUES(650, 389, 1, '2012-08-22 11:30:00', '2012-08-22 11:45:00', 33, 3, None);
INSERT INTO NOTIFICATION VALUES(None, '2012-08-22 11:15:00', 'Upcoming appointment', 'Do not forget that you have appointment 650 in room 389.', 4);
INSERT INTO NOTIFICATION VALUES(None, '2012-08-22 11:15:00', 'Upcoming appointment', 'Do not forget that you have appointment 650 in room 389.', 33);
INSERT INTO INVOICE_BILL VALUES('2012-08-22 11:45:00', 950, 8, False);
INSERT INTO MEDICAL_RECORD VALUES('Medical record description 118.', '2012-08-22 11:45:00', 650, 3);
INSERT INTO APPOINTMENT VALUES(651, 172, 0, '2019-08-29 15:45:00', '2019-08-29 16:00:00', 33, 4, None);
INSERT INTO NOTIFICATION VALUES(None, '2019-08-29 15:30:00', 'Upcoming appointment', 'Do not forget that you have appointment 651 in room 172.', 4);
INSERT INTO NOTIFICATION VALUES(None, '2019-08-29 15:30:00', 'Upcoming appointment', 'Do not forget that you have appointment 651 in room 172.', 33);
INSERT INTO INVOICE_BILL VALUES('2019-08-29 16:00:00', 300, 13, False);
INSERT INTO MEDICAL_RECORD VALUES('Medical record description 5.', '2019-08-29 16:00:00', 651, 4);
INSERT INTO APPOINTMENT VALUES(652, 406, 0, '2015-09-16 15:45:00', '2015-09-16 16:00:00', 33, 1, None);
INSERT INTO NOTIFICATION VALUES(None, '2015-09-16 15:30:00', 'Upcoming appointment', 'Do not forget that you have appointment 652 in room 406.', 10);
INSERT INTO NOTIFICATION VALUES(None, '2015-09-16 15:30:00', 'Upcoming appointment', 'Do not forget that you have appointment 652 in room 406.', 33);
INSERT INTO INVOICE_BILL VALUES('2015-09-16 16:00:00', 950, 15, False);
INSERT INTO MEDICAL_RECORD VALUES('Medical record description 742.', '2015-09-16 16:00:00', 652, 1);
INSERT INTO APPOINTMENT VALUES(653, 250, 1, '2016-05-10 10:45:00', '2016-05-10 11:00:00', 33, 2, None);
INSERT INTO NOTIFICATION VALUES(None, '2016-05-10 10:30:00', 'Upcoming appointment', 'Do not forget that you have appointment 653 in room 250.', 9);
INSERT INTO NOTIFICATION VALUES(None, '2016-05-10 10:30:00', 'Upcoming appointment', 'Do not forget that you have appointment 653 in room 250.', 33);
INSERT INTO INVOICE_BILL VALUES('2016-05-10 11:00:00', 900, 15, True);
INSERT INTO MEDICAL_RECORD VALUES('Medical record description 800.', '2016-05-10 11:00:00', 653, 2);
INSERT INTO APPOINTMENT VALUES(654, 443, 1, '2019-06-19 16:45:00', '2019-06-19 17:00:00', 33, 5, None);
INSERT INTO NOTIFICATION VALUES(None, '2019-06-19 16:30:00', 'Upcoming appointment', 'Do not forget that you have appointment 654 in room 443.', 9);
INSERT INTO NOTIFICATION VALUES(None, '2019-06-19 16:30:00', 'Upcoming appointment', 'Do not forget that you have appointment 654 in room 443.', 33);
INSERT INTO INVOICE_BILL VALUES('2019-06-19 17:00:00', 500, 5, False);
INSERT INTO MEDICAL_RECORD VALUES('Medical record description 696.', '2019-06-19 17:00:00', 654, 5);
INSERT INTO APPOINTMENT VALUES(655, 500, 0, '2017-09-22 10:15:00', '2017-09-22 10:30:00', 33, 9, None);
INSERT INTO NOTIFICATION VALUES(None, '2017-09-22 10:00:00', 'Upcoming appointment', 'Do not forget that you have appointment 655 in room 500.', 8);
INSERT INTO NOTIFICATION VALUES(None, '2017-09-22 10:00:00', 'Upcoming appointment', 'Do not forget that you have appointment 655 in room 500.', 33);
INSERT INTO INVOICE_BILL VALUES('2017-09-22 10:30:00', 850, 1, False);
INSERT INTO MEDICAL_RECORD VALUES('Medical record description 422.', '2017-09-22 10:30:00', 655, 9);
INSERT INTO APPOINTMENT VALUES(656, 135, 0, '2019-03-11 12:45:00', '2019-03-11 13:00:00', 34, 9, None);
INSERT INTO NOTIFICATION VALUES(None, '2019-03-11 12:30:00', 'Upcoming appointment', 'Do not forget that you have appointment 656 in room 135.', 6);
INSERT INTO NOTIFICATION VALUES(None, '2019-03-11 12:30:00', 'Upcoming appointment', 'Do not forget that you have appointment 656 in room 135.', 34);
INSERT INTO INVOICE_BILL VALUES('2019-03-11 13:00:00', 450, 9, False);
INSERT INTO MEDICAL_RECORD VALUES('Medical record description 856.', '2019-03-11 13:00:00', 656, 9);
INSERT INTO APPOINTMENT VALUES(657, 275, 0, '2017-05-22 13:30:00', '2017-05-22 13:45:00', 34, 1, None);
INSERT INTO NOTIFICATION VALUES(None, '2017-05-22 13:15:00', 'Upcoming appointment', 'Do not forget that you have appointment 657 in room 275.', 2);
INSERT INTO NOTIFICATION VALUES(None, '2017-05-22 13:15:00', 'Upcoming appointment', 'Do not forget that you have appointment 657 in room 275.', 34);
INSERT INTO INVOICE_BILL VALUES('2017-05-22 13:45:00', 650, 7, True);
INSERT INTO MEDICAL_RECORD VALUES('Medical record description 400.', '2017-05-22 13:45:00', 657, 1);
INSERT INTO APPOINTMENT VALUES(658, 209, 1, '2017-11-16 10:30:00', '2017-11-16 10:45:00', 34, 10, None);
INSERT INTO NOTIFICATION VALUES(None, '2017-11-16 10:15:00', 'Upcoming appointment', 'Do not forget that you have appointment 658 in room 209.', 6);
INSERT INTO NOTIFICATION VALUES(None, '2017-11-16 10:15:00', 'Upcoming appointment', 'Do not forget that you have appointment 658 in room 209.', 34);
INSERT INTO INVOICE_BILL VALUES('2017-11-16 10:45:00', 450, 11, True);
INSERT INTO MEDICAL_RECORD VALUES('Medical record description 309.', '2017-11-16 10:45:00', 658, 10);
INSERT INTO APPOINTMENT VALUES(659, 141, 1, '2017-06-12 12:00:00', '2017-06-12 12:15:00', 34, 2, None);
INSERT INTO NOTIFICATION VALUES(None, '2017-06-12 11:45:00', 'Upcoming appointment', 'Do not forget that you have appointment 659 in room 141.', 5);
INSERT INTO NOTIFICATION VALUES(None, '2017-06-12 11:45:00', 'Upcoming appointment', 'Do not forget that you have appointment 659 in room 141.', 34);
INSERT INTO INVOICE_BILL VALUES('2017-06-12 12:15:00', 50, 6, True);
INSERT INTO MEDICAL_RECORD VALUES('Medical record description 893.', '2017-06-12 12:15:00', 659, 2);
INSERT INTO APPOINTMENT VALUES(660, 475, 1, '2016-12-07 13:30:00', '2016-12-07 13:45:00', 34, 9, None);
INSERT INTO NOTIFICATION VALUES(None, '2016-12-07 13:15:00', 'Upcoming appointment', 'Do not forget that you have appointment 660 in room 475.', 4);
INSERT INTO NOTIFICATION VALUES(None, '2016-12-07 13:15:00', 'Upcoming appointment', 'Do not forget that you have appointment 660 in room 475.', 34);
INSERT INTO INVOICE_BILL VALUES('2016-12-07 13:45:00', 300, 3, False);
INSERT INTO MEDICAL_RECORD VALUES('Medical record description 686.', '2016-12-07 13:45:00', 660, 9);
INSERT INTO APPOINTMENT VALUES(661, 251, 0, '2019-02-08 16:30:00', '2019-02-08 16:45:00', 34, 8, None);
INSERT INTO NOTIFICATION VALUES(None, '2019-02-08 16:15:00', 'Upcoming appointment', 'Do not forget that you have appointment 661 in room 251.', 6);
INSERT INTO NOTIFICATION VALUES(None, '2019-02-08 16:15:00', 'Upcoming appointment', 'Do not forget that you have appointment 661 in room 251.', 34);
INSERT INTO INVOICE_BILL VALUES('2019-02-08 16:45:00', 600, 13, True);
INSERT INTO MEDICAL_RECORD VALUES('Medical record description 570.', '2019-02-08 16:45:00', 661, 8);
INSERT INTO APPOINTMENT VALUES(662, 499, 1, '2010-02-03 12:30:00', '2010-02-03 12:45:00', 34, 3, None);
INSERT INTO NOTIFICATION VALUES(None, '2010-02-03 12:15:00', 'Upcoming appointment', 'Do not forget that you have appointment 662 in room 499.', 7);
INSERT INTO NOTIFICATION VALUES(None, '2010-02-03 12:15:00', 'Upcoming appointment', 'Do not forget that you have appointment 662 in room 499.', 34);
INSERT INTO INVOICE_BILL VALUES('2010-02-03 12:45:00', 850, 6, True);
INSERT INTO MEDICAL_RECORD VALUES('Medical record description 751.', '2010-02-03 12:45:00', 662, 3);
INSERT INTO APPOINTMENT VALUES(663, 425, 1, '2014-09-01 14:15:00', '2014-09-01 14:30:00', 34, 9, None);
INSERT INTO NOTIFICATION VALUES(None, '2014-09-01 14:00:00', 'Upcoming appointment', 'Do not forget that you have appointment 663 in room 425.', 7);
INSERT INTO NOTIFICATION VALUES(None, '2014-09-01 14:00:00', 'Upcoming appointment', 'Do not forget that you have appointment 663 in room 425.', 34);
INSERT INTO INVOICE_BILL VALUES('2014-09-01 14:30:00', 550, 1, False);
INSERT INTO MEDICAL_RECORD VALUES('Medical record description 285.', '2014-09-01 14:30:00', 663, 9);
INSERT INTO APPOINTMENT VALUES(664, 324, 1, '2015-06-11 13:45:00', '2015-06-11 14:00:00', 34, 2, None);
INSERT INTO NOTIFICATION VALUES(None, '2015-06-11 13:30:00', 'Upcoming appointment', 'Do not forget that you have appointment 664 in room 324.', 5);
INSERT INTO NOTIFICATION VALUES(None, '2015-06-11 13:30:00', 'Upcoming appointment', 'Do not forget that you have appointment 664 in room 324.', 34);
INSERT INTO INVOICE_BILL VALUES('2015-06-11 14:00:00', 900, 15, False);
INSERT INTO MEDICAL_RECORD VALUES('Medical record description 6.', '2015-06-11 14:00:00', 664, 2);
INSERT INTO APPOINTMENT VALUES(665, 185, 1, '2019-10-29 17:15:00', '2019-10-29 17:30:00', 34, 4, None);
INSERT INTO NOTIFICATION VALUES(None, '2019-10-29 17:00:00', 'Upcoming appointment', 'Do not forget that you have appointment 665 in room 185.', 7);
INSERT INTO NOTIFICATION VALUES(None, '2019-10-29 17:00:00', 'Upcoming appointment', 'Do not forget that you have appointment 665 in room 185.', 34);
INSERT INTO INVOICE_BILL VALUES('2019-10-29 17:30:00', 100, 15, True);
INSERT INTO MEDICAL_RECORD VALUES('Medical record description 910.', '2019-10-29 17:30:00', 665, 4);
INSERT INTO APPOINTMENT VALUES(666, 238, 0, '2019-09-25 11:15:00', '2019-09-25 11:30:00', 34, 1, None);
INSERT INTO NOTIFICATION VALUES(None, '2019-09-25 11:00:00', 'Upcoming appointment', 'Do not forget that you have appointment 666 in room 238.', 10);
INSERT INTO NOTIFICATION VALUES(None, '2019-09-25 11:00:00', 'Upcoming appointment', 'Do not forget that you have appointment 666 in room 238.', 34);
INSERT INTO INVOICE_BILL VALUES('2019-09-25 11:30:00', 100, 2, False);
INSERT INTO MEDICAL_RECORD VALUES('Medical record description 977.', '2019-09-25 11:30:00', 666, 1);
INSERT INTO APPOINTMENT VALUES(667, 320, 0, '2016-11-29 14:45:00', '2016-11-29 15:00:00', 34, 1, None);
INSERT INTO NOTIFICATION VALUES(None, '2016-11-29 14:30:00', 'Upcoming appointment', 'Do not forget that you have appointment 667 in room 320.', 4);
INSERT INTO NOTIFICATION VALUES(None, '2016-11-29 14:30:00', 'Upcoming appointment', 'Do not forget that you have appointment 667 in room 320.', 34);
INSERT INTO INVOICE_BILL VALUES('2016-11-29 15:00:00', 250, 12, False);
INSERT INTO MEDICAL_RECORD VALUES('Medical record description 464.', '2016-11-29 15:00:00', 667, 1);
INSERT INTO APPOINTMENT VALUES(668, 143, 1, '2019-03-08 15:45:00', '2019-03-08 16:00:00', 34, 7, None);
INSERT INTO NOTIFICATION VALUES(None, '2019-03-08 15:30:00', 'Upcoming appointment', 'Do not forget that you have appointment 668 in room 143.', 9);
INSERT INTO NOTIFICATION VALUES(None, '2019-03-08 15:30:00', 'Upcoming appointment', 'Do not forget that you have appointment 668 in room 143.', 34);
INSERT INTO INVOICE_BILL VALUES('2019-03-08 16:00:00', 50, 6, True);
INSERT INTO MEDICAL_RECORD VALUES('Medical record description 356.', '2019-03-08 16:00:00', 668, 7);
INSERT INTO APPOINTMENT VALUES(669, 334, 0, '2019-07-26 11:00:00', '2019-07-26 11:15:00', 34, 9, None);
INSERT INTO NOTIFICATION VALUES(None, '2019-07-26 10:45:00', 'Upcoming appointment', 'Do not forget that you have appointment 669 in room 334.', 6);
INSERT INTO NOTIFICATION VALUES(None, '2019-07-26 10:45:00', 'Upcoming appointment', 'Do not forget that you have appointment 669 in room 334.', 34);
INSERT INTO INVOICE_BILL VALUES('2019-07-26 11:15:00', 200, 12, False);
INSERT INTO MEDICAL_RECORD VALUES('Medical record description 299.', '2019-07-26 11:15:00', 669, 9);
INSERT INTO APPOINTMENT VALUES(670, 444, 1, '2015-09-08 14:45:00', '2015-09-08 15:00:00', 34, 3, None);
INSERT INTO NOTIFICATION VALUES(None, '2015-09-08 14:30:00', 'Upcoming appointment', 'Do not forget that you have appointment 670 in room 444.', 2);
INSERT INTO NOTIFICATION VALUES(None, '2015-09-08 14:30:00', 'Upcoming appointment', 'Do not forget that you have appointment 670 in room 444.', 34);
INSERT INTO INVOICE_BILL VALUES('2015-09-08 15:00:00', 950, 4, True);
INSERT INTO MEDICAL_RECORD VALUES('Medical record description 444.', '2015-09-08 15:00:00', 670, 3);
INSERT INTO APPOINTMENT VALUES(671, 465, 0, '2015-07-06 11:45:00', '2015-07-06 12:00:00', 34, 1, None);
INSERT INTO NOTIFICATION VALUES(None, '2015-07-06 11:30:00', 'Upcoming appointment', 'Do not forget that you have appointment 671 in room 465.', 6);
INSERT INTO NOTIFICATION VALUES(None, '2015-07-06 11:30:00', 'Upcoming appointment', 'Do not forget that you have appointment 671 in room 465.', 34);
INSERT INTO INVOICE_BILL VALUES('2015-07-06 12:00:00', 500, 11, False);
INSERT INTO MEDICAL_RECORD VALUES('Medical record description 882.', '2015-07-06 12:00:00', 671, 1);
INSERT INTO APPOINTMENT VALUES(672, 126, 0, '2015-03-27 17:00:00', '2015-03-27 17:15:00', 34, 1, None);
INSERT INTO NOTIFICATION VALUES(None, '2015-03-27 16:45:00', 'Upcoming appointment', 'Do not forget that you have appointment 672 in room 126.', 6);
INSERT INTO NOTIFICATION VALUES(None, '2015-03-27 16:45:00', 'Upcoming appointment', 'Do not forget that you have appointment 672 in room 126.', 34);
INSERT INTO INVOICE_BILL VALUES('2015-03-27 17:15:00', 800, 13, True);
INSERT INTO MEDICAL_RECORD VALUES('Medical record description 665.', '2015-03-27 17:15:00', 672, 1);
INSERT INTO APPOINTMENT VALUES(673, 473, 0, '2014-03-26 14:45:00', '2014-03-26 15:00:00', 34, 1, None);
INSERT INTO NOTIFICATION VALUES(None, '2014-03-26 14:30:00', 'Upcoming appointment', 'Do not forget that you have appointment 673 in room 473.', 4);
INSERT INTO NOTIFICATION VALUES(None, '2014-03-26 14:30:00', 'Upcoming appointment', 'Do not forget that you have appointment 673 in room 473.', 34);
INSERT INTO INVOICE_BILL VALUES('2014-03-26 15:00:00', 800, 4, True);
INSERT INTO MEDICAL_RECORD VALUES('Medical record description 273.', '2014-03-26 15:00:00', 673, 1);
INSERT INTO APPOINTMENT VALUES(674, 315, 0, '2019-08-01 10:45:00', '2019-08-01 11:00:00', 35, 1, None);
INSERT INTO NOTIFICATION VALUES(None, '2019-08-01 10:30:00', 'Upcoming appointment', 'Do not forget that you have appointment 674 in room 315.', 2);
INSERT INTO NOTIFICATION VALUES(None, '2019-08-01 10:30:00', 'Upcoming appointment', 'Do not forget that you have appointment 674 in room 315.', 35);
INSERT INTO INVOICE_BILL VALUES('2019-08-01 11:00:00', 250, 9, False);
INSERT INTO MEDICAL_RECORD VALUES('Medical record description 2.', '2019-08-01 11:00:00', 674, 1);
INSERT INTO APPOINTMENT VALUES(675, 168, 1, '2014-03-28 10:45:00', '2014-03-28 11:00:00', 35, 9, None);
INSERT INTO NOTIFICATION VALUES(None, '2014-03-28 10:30:00', 'Upcoming appointment', 'Do not forget that you have appointment 675 in room 168.', 2);
INSERT INTO NOTIFICATION VALUES(None, '2014-03-28 10:30:00', 'Upcoming appointment', 'Do not forget that you have appointment 675 in room 168.', 35);
INSERT INTO INVOICE_BILL VALUES('2014-03-28 11:00:00', 950, 9, False);
INSERT INTO MEDICAL_RECORD VALUES('Medical record description 472.', '2014-03-28 11:00:00', 675, 9);
INSERT INTO APPOINTMENT VALUES(676, 389, 0, '2018-07-03 14:45:00', '2018-07-03 15:00:00', 35, 3, None);
INSERT INTO NOTIFICATION VALUES(None, '2018-07-03 14:30:00', 'Upcoming appointment', 'Do not forget that you have appointment 676 in room 389.', 1);
INSERT INTO NOTIFICATION VALUES(None, '2018-07-03 14:30:00', 'Upcoming appointment', 'Do not forget that you have appointment 676 in room 389.', 35);
INSERT INTO INVOICE_BILL VALUES('2018-07-03 15:00:00', 50, 6, False);
INSERT INTO MEDICAL_RECORD VALUES('Medical record description 442.', '2018-07-03 15:00:00', 676, 3);
INSERT INTO APPOINTMENT VALUES(677, 429, 1, '2018-06-27 17:15:00', '2018-06-27 17:30:00', 35, 1, None);
INSERT INTO NOTIFICATION VALUES(None, '2018-06-27 17:00:00', 'Upcoming appointment', 'Do not forget that you have appointment 677 in room 429.', 9);
INSERT INTO NOTIFICATION VALUES(None, '2018-06-27 17:00:00', 'Upcoming appointment', 'Do not forget that you have appointment 677 in room 429.', 35);
INSERT INTO INVOICE_BILL VALUES('2018-06-27 17:30:00', 300, 6, True);
INSERT INTO MEDICAL_RECORD VALUES('Medical record description 456.', '2018-06-27 17:30:00', 677, 1);
INSERT INTO APPOINTMENT VALUES(678, 196, 1, '2014-03-04 10:15:00', '2014-03-04 10:30:00', 35, 3, None);
INSERT INTO NOTIFICATION VALUES(None, '2014-03-04 10:00:00', 'Upcoming appointment', 'Do not forget that you have appointment 678 in room 196.', 10);
INSERT INTO NOTIFICATION VALUES(None, '2014-03-04 10:00:00', 'Upcoming appointment', 'Do not forget that you have appointment 678 in room 196.', 35);
INSERT INTO INVOICE_BILL VALUES('2014-03-04 10:30:00', 450, 13, False);
INSERT INTO MEDICAL_RECORD VALUES('Medical record description 498.', '2014-03-04 10:30:00', 678, 3);
INSERT INTO APPOINTMENT VALUES(679, 479, 0, '2018-04-19 13:45:00', '2018-04-19 14:00:00', 35, 9, None);
INSERT INTO NOTIFICATION VALUES(None, '2018-04-19 13:30:00', 'Upcoming appointment', 'Do not forget that you have appointment 679 in room 479.', 1);
INSERT INTO NOTIFICATION VALUES(None, '2018-04-19 13:30:00', 'Upcoming appointment', 'Do not forget that you have appointment 679 in room 479.', 35);
INSERT INTO INVOICE_BILL VALUES('2018-04-19 14:00:00', 950, 4, True);
INSERT INTO MEDICAL_RECORD VALUES('Medical record description 596.', '2018-04-19 14:00:00', 679, 9);
INSERT INTO APPOINTMENT VALUES(680, 293, 1, '2019-01-15 16:45:00', '2019-01-15 17:00:00', 35, 5, None);
INSERT INTO NOTIFICATION VALUES(None, '2019-01-15 16:30:00', 'Upcoming appointment', 'Do not forget that you have appointment 680 in room 293.', 9);
INSERT INTO NOTIFICATION VALUES(None, '2019-01-15 16:30:00', 'Upcoming appointment', 'Do not forget that you have appointment 680 in room 293.', 35);
INSERT INTO INVOICE_BILL VALUES('2019-01-15 17:00:00', 800, 10, True);
INSERT INTO MEDICAL_RECORD VALUES('Medical record description 987.', '2019-01-15 17:00:00', 680, 5);
INSERT INTO APPOINTMENT VALUES(681, 484, 0, '2016-03-16 17:15:00', '2016-03-16 17:30:00', 35, 4, None);
INSERT INTO NOTIFICATION VALUES(None, '2016-03-16 17:00:00', 'Upcoming appointment', 'Do not forget that you have appointment 681 in room 484.', 10);
INSERT INTO NOTIFICATION VALUES(None, '2016-03-16 17:00:00', 'Upcoming appointment', 'Do not forget that you have appointment 681 in room 484.', 35);
INSERT INTO INVOICE_BILL VALUES('2016-03-16 17:30:00', 100, 13, True);
INSERT INTO MEDICAL_RECORD VALUES('Medical record description 747.', '2016-03-16 17:30:00', 681, 4);
INSERT INTO APPOINTMENT VALUES(682, 351, 0, '2017-01-26 10:00:00', '2017-01-26 10:15:00', 35, 3, None);
INSERT INTO NOTIFICATION VALUES(None, '2017-01-26 09:45:00', 'Upcoming appointment', 'Do not forget that you have appointment 682 in room 351.', 9);
INSERT INTO NOTIFICATION VALUES(None, '2017-01-26 09:45:00', 'Upcoming appointment', 'Do not forget that you have appointment 682 in room 351.', 35);
INSERT INTO INVOICE_BILL VALUES('2017-01-26 10:15:00', 700, 5, False);
INSERT INTO MEDICAL_RECORD VALUES('Medical record description 444.', '2017-01-26 10:15:00', 682, 3);
INSERT INTO APPOINTMENT VALUES(683, 145, 1, '2017-11-24 15:15:00', '2017-11-24 15:30:00', 35, 7, None);
INSERT INTO NOTIFICATION VALUES(None, '2017-11-24 15:00:00', 'Upcoming appointment', 'Do not forget that you have appointment 683 in room 145.', 8);
INSERT INTO NOTIFICATION VALUES(None, '2017-11-24 15:00:00', 'Upcoming appointment', 'Do not forget that you have appointment 683 in room 145.', 35);
INSERT INTO INVOICE_BILL VALUES('2017-11-24 15:30:00', 300, 11, True);
INSERT INTO MEDICAL_RECORD VALUES('Medical record description 909.', '2017-11-24 15:30:00', 683, 7);
INSERT INTO APPOINTMENT VALUES(684, 441, 0, '2019-09-25 17:30:00', '2019-09-25 17:45:00', 35, 9, None);
INSERT INTO NOTIFICATION VALUES(None, '2019-09-25 17:15:00', 'Upcoming appointment', 'Do not forget that you have appointment 684 in room 441.', 8);
INSERT INTO NOTIFICATION VALUES(None, '2019-09-25 17:15:00', 'Upcoming appointment', 'Do not forget that you have appointment 684 in room 441.', 35);
INSERT INTO INVOICE_BILL VALUES('2019-09-25 17:45:00', 200, 2, False);
INSERT INTO MEDICAL_RECORD VALUES('Medical record description 963.', '2019-09-25 17:45:00', 684, 9);
INSERT INTO APPOINTMENT VALUES(685, 456, 1, '2009-10-01 16:15:00', '2009-10-01 16:30:00', 35, 3, None);
INSERT INTO NOTIFICATION VALUES(None, '2009-10-01 16:00:00', 'Upcoming appointment', 'Do not forget that you have appointment 685 in room 456.', 3);
INSERT INTO NOTIFICATION VALUES(None, '2009-10-01 16:00:00', 'Upcoming appointment', 'Do not forget that you have appointment 685 in room 456.', 35);
INSERT INTO INVOICE_BILL VALUES('2009-10-01 16:30:00', 50, 1, False);
INSERT INTO MEDICAL_RECORD VALUES('Medical record description 386.', '2009-10-01 16:30:00', 685, 3);
INSERT INTO APPOINTMENT VALUES(686, 245, 0, '2017-08-08 15:45:00', '2017-08-08 16:00:00', 35, 10, None);
INSERT INTO NOTIFICATION VALUES(None, '2017-08-08 15:30:00', 'Upcoming appointment', 'Do not forget that you have appointment 686 in room 245.', 5);
INSERT INTO NOTIFICATION VALUES(None, '2017-08-08 15:30:00', 'Upcoming appointment', 'Do not forget that you have appointment 686 in room 245.', 35);
INSERT INTO INVOICE_BILL VALUES('2017-08-08 16:00:00', 750, 15, False);
INSERT INTO MEDICAL_RECORD VALUES('Medical record description 169.', '2017-08-08 16:00:00', 686, 10);
INSERT INTO APPOINTMENT VALUES(687, 397, 1, '2018-12-10 17:00:00', '2018-12-10 17:15:00', 35, 8, None);
INSERT INTO NOTIFICATION VALUES(None, '2018-12-10 16:45:00', 'Upcoming appointment', 'Do not forget that you have appointment 687 in room 397.', 6);
INSERT INTO NOTIFICATION VALUES(None, '2018-12-10 16:45:00', 'Upcoming appointment', 'Do not forget that you have appointment 687 in room 397.', 35);
INSERT INTO INVOICE_BILL VALUES('2018-12-10 17:15:00', 200, 4, False);
INSERT INTO MEDICAL_RECORD VALUES('Medical record description 897.', '2018-12-10 17:15:00', 687, 8);
INSERT INTO APPOINTMENT VALUES(688, 412, 1, '2018-10-24 10:30:00', '2018-10-24 10:45:00', 35, 8, None);
INSERT INTO NOTIFICATION VALUES(None, '2018-10-24 10:15:00', 'Upcoming appointment', 'Do not forget that you have appointment 688 in room 412.', 1);
INSERT INTO NOTIFICATION VALUES(None, '2018-10-24 10:15:00', 'Upcoming appointment', 'Do not forget that you have appointment 688 in room 412.', 35);
INSERT INTO INVOICE_BILL VALUES('2018-10-24 10:45:00', 650, 11, True);
INSERT INTO MEDICAL_RECORD VALUES('Medical record description 932.', '2018-10-24 10:45:00', 688, 8);
INSERT INTO APPOINTMENT VALUES(689, 127, 0, '2019-09-02 15:15:00', '2019-09-02 15:30:00', 35, 10, None);
INSERT INTO NOTIFICATION VALUES(None, '2019-09-02 15:00:00', 'Upcoming appointment', 'Do not forget that you have appointment 689 in room 127.', 7);
INSERT INTO NOTIFICATION VALUES(None, '2019-09-02 15:00:00', 'Upcoming appointment', 'Do not forget that you have appointment 689 in room 127.', 35);
INSERT INTO INVOICE_BILL VALUES('2019-09-02 15:30:00', 550, 8, False);
INSERT INTO MEDICAL_RECORD VALUES('Medical record description 280.', '2019-09-02 15:30:00', 689, 10);
INSERT INTO APPOINTMENT VALUES(690, 437, 1, '2013-07-12 15:00:00', '2013-07-12 15:15:00', 35, 1, None);
INSERT INTO NOTIFICATION VALUES(None, '2013-07-12 14:45:00', 'Upcoming appointment', 'Do not forget that you have appointment 690 in room 437.', 1);
INSERT INTO NOTIFICATION VALUES(None, '2013-07-12 14:45:00', 'Upcoming appointment', 'Do not forget that you have appointment 690 in room 437.', 35);
INSERT INTO INVOICE_BILL VALUES('2013-07-12 15:15:00', 500, 14, True);
INSERT INTO MEDICAL_RECORD VALUES('Medical record description 855.', '2013-07-12 15:15:00', 690, 1);
INSERT INTO APPOINTMENT VALUES(691, 320, 0, '2017-05-11 12:00:00', '2017-05-11 12:15:00', 35, 3, None);
INSERT INTO NOTIFICATION VALUES(None, '2017-05-11 11:45:00', 'Upcoming appointment', 'Do not forget that you have appointment 691 in room 320.', 9);
INSERT INTO NOTIFICATION VALUES(None, '2017-05-11 11:45:00', 'Upcoming appointment', 'Do not forget that you have appointment 691 in room 320.', 35);
INSERT INTO INVOICE_BILL VALUES('2017-05-11 12:15:00', 800, 7, False);
INSERT INTO MEDICAL_RECORD VALUES('Medical record description 534.', '2017-05-11 12:15:00', 691, 3);
INSERT INTO APPOINTMENT VALUES(692, 483, 0, '2018-11-20 15:15:00', '2018-11-20 15:30:00', 35, 8, None);
INSERT INTO NOTIFICATION VALUES(None, '2018-11-20 15:00:00', 'Upcoming appointment', 'Do not forget that you have appointment 692 in room 483.', 3);
INSERT INTO NOTIFICATION VALUES(None, '2018-11-20 15:00:00', 'Upcoming appointment', 'Do not forget that you have appointment 692 in room 483.', 35);
INSERT INTO INVOICE_BILL VALUES('2018-11-20 15:30:00', 200, 11, False);
INSERT INTO MEDICAL_RECORD VALUES('Medical record description 803.', '2018-11-20 15:30:00', 692, 8);
INSERT INTO APPOINTMENT VALUES(693, 258, 1, '2014-01-10 11:45:00', '2014-01-10 12:00:00', 35, 1, None);
INSERT INTO NOTIFICATION VALUES(None, '2014-01-10 11:30:00', 'Upcoming appointment', 'Do not forget that you have appointment 693 in room 258.', 3);
INSERT INTO NOTIFICATION VALUES(None, '2014-01-10 11:30:00', 'Upcoming appointment', 'Do not forget that you have appointment 693 in room 258.', 35);
INSERT INTO INVOICE_BILL VALUES('2014-01-10 12:00:00', 300, 9, False);
INSERT INTO MEDICAL_RECORD VALUES('Medical record description 112.', '2014-01-10 12:00:00', 693, 1);
INSERT INTO APPOINTMENT VALUES(694, 332, 0, '2017-11-07 12:30:00', '2017-11-07 12:45:00', 35, 10, None);
INSERT INTO NOTIFICATION VALUES(None, '2017-11-07 12:15:00', 'Upcoming appointment', 'Do not forget that you have appointment 694 in room 332.', 2);
INSERT INTO NOTIFICATION VALUES(None, '2017-11-07 12:15:00', 'Upcoming appointment', 'Do not forget that you have appointment 694 in room 332.', 35);
INSERT INTO INVOICE_BILL VALUES('2017-11-07 12:45:00', 900, 5, False);
INSERT INTO MEDICAL_RECORD VALUES('Medical record description 24.', '2017-11-07 12:45:00', 694, 10);
INSERT INTO APPOINTMENT VALUES(695, 497, 0, '2019-03-29 12:15:00', '2019-03-29 12:30:00', 35, 7, None);
INSERT INTO NOTIFICATION VALUES(None, '2019-03-29 12:00:00', 'Upcoming appointment', 'Do not forget that you have appointment 695 in room 497.', 9);
INSERT INTO NOTIFICATION VALUES(None, '2019-03-29 12:00:00', 'Upcoming appointment', 'Do not forget that you have appointment 695 in room 497.', 35);
INSERT INTO INVOICE_BILL VALUES('2019-03-29 12:30:00', 500, 3, False);
INSERT INTO MEDICAL_RECORD VALUES('Medical record description 976.', '2019-03-29 12:30:00', 695, 7);
INSERT INTO APPOINTMENT VALUES(696, 190, 1, '2019-07-11 11:30:00', '2019-07-11 11:45:00', 35, 1, None);
INSERT INTO NOTIFICATION VALUES(None, '2019-07-11 11:15:00', 'Upcoming appointment', 'Do not forget that you have appointment 696 in room 190.', 5);
INSERT INTO NOTIFICATION VALUES(None, '2019-07-11 11:15:00', 'Upcoming appointment', 'Do not forget that you have appointment 696 in room 190.', 35);
INSERT INTO INVOICE_BILL VALUES('2019-07-11 11:45:00', 150, 11, False);
INSERT INTO MEDICAL_RECORD VALUES('Medical record description 893.', '2019-07-11 11:45:00', 696, 1);
INSERT INTO APPOINTMENT VALUES(697, 480, 0, '2010-05-31 16:30:00', '2010-05-31 16:45:00', 35, 3, None);
INSERT INTO NOTIFICATION VALUES(None, '2010-05-31 16:15:00', 'Upcoming appointment', 'Do not forget that you have appointment 697 in room 480.', 5);
INSERT INTO NOTIFICATION VALUES(None, '2010-05-31 16:15:00', 'Upcoming appointment', 'Do not forget that you have appointment 697 in room 480.', 35);
INSERT INTO INVOICE_BILL VALUES('2010-05-31 16:45:00', 1000, 5, False);
INSERT INTO MEDICAL_RECORD VALUES('Medical record description 609.', '2010-05-31 16:45:00', 697, 3);
INSERT INTO APPOINTMENT VALUES(698, 295, 0, '2018-07-20 15:30:00', '2018-07-20 15:45:00', 35, 4, None);
INSERT INTO NOTIFICATION VALUES(None, '2018-07-20 15:15:00', 'Upcoming appointment', 'Do not forget that you have appointment 698 in room 295.', 3);
INSERT INTO NOTIFICATION VALUES(None, '2018-07-20 15:15:00', 'Upcoming appointment', 'Do not forget that you have appointment 698 in room 295.', 35);
INSERT INTO INVOICE_BILL VALUES('2018-07-20 15:45:00', 650, 7, True);
INSERT INTO MEDICAL_RECORD VALUES('Medical record description 305.', '2018-07-20 15:45:00', 698, 4);
INSERT INTO APPOINTMENT VALUES(699, 484, 0, '2017-03-28 11:30:00', '2017-03-28 11:45:00', 35, 6, None);
INSERT INTO NOTIFICATION VALUES(None, '2017-03-28 11:15:00', 'Upcoming appointment', 'Do not forget that you have appointment 699 in room 484.', 2);
INSERT INTO NOTIFICATION VALUES(None, '2017-03-28 11:15:00', 'Upcoming appointment', 'Do not forget that you have appointment 699 in room 484.', 35);
INSERT INTO INVOICE_BILL VALUES('2017-03-28 11:45:00', 100, 8, False);
INSERT INTO MEDICAL_RECORD VALUES('Medical record description 404.', '2017-03-28 11:45:00', 699, 6);
INSERT INTO APPOINTMENT VALUES(700, 367, 0, '2017-07-04 15:30:00', '2017-07-04 15:45:00', 36, 9, None);
INSERT INTO NOTIFICATION VALUES(None, '2017-07-04 15:15:00', 'Upcoming appointment', 'Do not forget that you have appointment 700 in room 367.', 2);
INSERT INTO NOTIFICATION VALUES(None, '2017-07-04 15:15:00', 'Upcoming appointment', 'Do not forget that you have appointment 700 in room 367.', 36);
INSERT INTO INVOICE_BILL VALUES('2017-07-04 15:45:00', 50, 7, True);
INSERT INTO MEDICAL_RECORD VALUES('Medical record description 781.', '2017-07-04 15:45:00', 700, 9);
INSERT INTO APPOINTMENT VALUES(701, 370, 0, '2015-02-09 17:45:00', '2015-02-09 18:00:00', 36, 3, None);
INSERT INTO NOTIFICATION VALUES(None, '2015-02-09 17:30:00', 'Upcoming appointment', 'Do not forget that you have appointment 701 in room 370.', 8);
INSERT INTO NOTIFICATION VALUES(None, '2015-02-09 17:30:00', 'Upcoming appointment', 'Do not forget that you have appointment 701 in room 370.', 36);
INSERT INTO INVOICE_BILL VALUES('2015-02-09 18:00:00', 250, 2, True);
INSERT INTO MEDICAL_RECORD VALUES('Medical record description 134.', '2015-02-09 18:00:00', 701, 3);
INSERT INTO APPOINTMENT VALUES(702, 433, 0, '2018-02-07 13:15:00', '2018-02-07 13:30:00', 36, 1, None);
INSERT INTO NOTIFICATION VALUES(None, '2018-02-07 13:00:00', 'Upcoming appointment', 'Do not forget that you have appointment 702 in room 433.', 4);
INSERT INTO NOTIFICATION VALUES(None, '2018-02-07 13:00:00', 'Upcoming appointment', 'Do not forget that you have appointment 702 in room 433.', 36);
INSERT INTO INVOICE_BILL VALUES('2018-02-07 13:30:00', 1000, 1, True);
INSERT INTO MEDICAL_RECORD VALUES('Medical record description 364.', '2018-02-07 13:30:00', 702, 1);
INSERT INTO APPOINTMENT VALUES(703, 450, 0, '2016-07-21 14:15:00', '2016-07-21 14:30:00', 36, 2, None);
INSERT INTO NOTIFICATION VALUES(None, '2016-07-21 14:00:00', 'Upcoming appointment', 'Do not forget that you have appointment 703 in room 450.', 8);
INSERT INTO NOTIFICATION VALUES(None, '2016-07-21 14:00:00', 'Upcoming appointment', 'Do not forget that you have appointment 703 in room 450.', 36);
INSERT INTO INVOICE_BILL VALUES('2016-07-21 14:30:00', 150, 7, True);
INSERT INTO MEDICAL_RECORD VALUES('Medical record description 550.', '2016-07-21 14:30:00', 703, 2);
INSERT INTO APPOINTMENT VALUES(704, 293, 1, '2014-12-31 13:30:00', '2014-12-31 13:45:00', 37, 9, None);
INSERT INTO NOTIFICATION VALUES(None, '2014-12-31 13:15:00', 'Upcoming appointment', 'Do not forget that you have appointment 704 in room 293.', 5);
INSERT INTO NOTIFICATION VALUES(None, '2014-12-31 13:15:00', 'Upcoming appointment', 'Do not forget that you have appointment 704 in room 293.', 37);
INSERT INTO INVOICE_BILL VALUES('2014-12-31 13:45:00', 450, 9, False);
INSERT INTO MEDICAL_RECORD VALUES('Medical record description 41.', '2014-12-31 13:45:00', 704, 9);
INSERT INTO APPOINTMENT VALUES(705, 448, 0, '2009-06-11 17:15:00', '2009-06-11 17:30:00', 37, 3, None);
INSERT INTO NOTIFICATION VALUES(None, '2009-06-11 17:00:00', 'Upcoming appointment', 'Do not forget that you have appointment 705 in room 448.', 9);
INSERT INTO NOTIFICATION VALUES(None, '2009-06-11 17:00:00', 'Upcoming appointment', 'Do not forget that you have appointment 705 in room 448.', 37);
INSERT INTO INVOICE_BILL VALUES('2009-06-11 17:30:00', 250, 7, False);
INSERT INTO MEDICAL_RECORD VALUES('Medical record description 922.', '2009-06-11 17:30:00', 705, 3);
INSERT INTO APPOINTMENT VALUES(706, 318, 1, '2010-02-19 12:45:00', '2010-02-19 13:00:00', 37, 3, None);
INSERT INTO NOTIFICATION VALUES(None, '2010-02-19 12:30:00', 'Upcoming appointment', 'Do not forget that you have appointment 706 in room 318.', 2);
INSERT INTO NOTIFICATION VALUES(None, '2010-02-19 12:30:00', 'Upcoming appointment', 'Do not forget that you have appointment 706 in room 318.', 37);
INSERT INTO INVOICE_BILL VALUES('2010-02-19 13:00:00', 850, 4, True);
INSERT INTO MEDICAL_RECORD VALUES('Medical record description 675.', '2010-02-19 13:00:00', 706, 3);
INSERT INTO APPOINTMENT VALUES(707, 459, 0, '2015-11-27 13:15:00', '2015-11-27 13:30:00', 37, 1, None);
INSERT INTO NOTIFICATION VALUES(None, '2015-11-27 13:00:00', 'Upcoming appointment', 'Do not forget that you have appointment 707 in room 459.', 8);
INSERT INTO NOTIFICATION VALUES(None, '2015-11-27 13:00:00', 'Upcoming appointment', 'Do not forget that you have appointment 707 in room 459.', 37);
INSERT INTO INVOICE_BILL VALUES('2015-11-27 13:30:00', 650, 8, True);
INSERT INTO MEDICAL_RECORD VALUES('Medical record description 478.', '2015-11-27 13:30:00', 707, 1);
INSERT INTO APPOINTMENT VALUES(708, 165, 1, '2017-02-02 17:00:00', '2017-02-02 17:15:00', 37, 2, None);
INSERT INTO NOTIFICATION VALUES(None, '2017-02-02 16:45:00', 'Upcoming appointment', 'Do not forget that you have appointment 708 in room 165.', 8);
INSERT INTO NOTIFICATION VALUES(None, '2017-02-02 16:45:00', 'Upcoming appointment', 'Do not forget that you have appointment 708 in room 165.', 37);
INSERT INTO INVOICE_BILL VALUES('2017-02-02 17:15:00', 250, 14, False);
INSERT INTO MEDICAL_RECORD VALUES('Medical record description 724.', '2017-02-02 17:15:00', 708, 2);
INSERT INTO APPOINTMENT VALUES(709, 200, 1, '2019-07-15 12:30:00', '2019-07-15 12:45:00', 37, 5, None);
INSERT INTO NOTIFICATION VALUES(None, '2019-07-15 12:15:00', 'Upcoming appointment', 'Do not forget that you have appointment 709 in room 200.', 2);
INSERT INTO NOTIFICATION VALUES(None, '2019-07-15 12:15:00', 'Upcoming appointment', 'Do not forget that you have appointment 709 in room 200.', 37);
INSERT INTO INVOICE_BILL VALUES('2019-07-15 12:45:00', 300, 15, True);
INSERT INTO MEDICAL_RECORD VALUES('Medical record description 272.', '2019-07-15 12:45:00', 709, 5);
INSERT INTO APPOINTMENT VALUES(710, 411, 1, '2013-03-11 13:45:00', '2013-03-11 14:00:00', 37, 1, None);
INSERT INTO NOTIFICATION VALUES(None, '2013-03-11 13:30:00', 'Upcoming appointment', 'Do not forget that you have appointment 710 in room 411.', 2);
INSERT INTO NOTIFICATION VALUES(None, '2013-03-11 13:30:00', 'Upcoming appointment', 'Do not forget that you have appointment 710 in room 411.', 37);
INSERT INTO INVOICE_BILL VALUES('2013-03-11 14:00:00', 800, 2, False);
INSERT INTO MEDICAL_RECORD VALUES('Medical record description 177.', '2013-03-11 14:00:00', 710, 1);
INSERT INTO APPOINTMENT VALUES(711, 432, 1, '2019-05-14 10:15:00', '2019-05-14 10:30:00', 37, 2, None);
INSERT INTO NOTIFICATION VALUES(None, '2019-05-14 10:00:00', 'Upcoming appointment', 'Do not forget that you have appointment 711 in room 432.', 7);
INSERT INTO NOTIFICATION VALUES(None, '2019-05-14 10:00:00', 'Upcoming appointment', 'Do not forget that you have appointment 711 in room 432.', 37);
INSERT INTO INVOICE_BILL VALUES('2019-05-14 10:30:00', 100, 15, False);
INSERT INTO MEDICAL_RECORD VALUES('Medical record description 562.', '2019-05-14 10:30:00', 711, 2);
INSERT INTO APPOINTMENT VALUES(712, 379, 1, '2018-10-02 16:45:00', '2018-10-02 17:00:00', 37, 2, None);
INSERT INTO NOTIFICATION VALUES(None, '2018-10-02 16:30:00', 'Upcoming appointment', 'Do not forget that you have appointment 712 in room 379.', 9);
INSERT INTO NOTIFICATION VALUES(None, '2018-10-02 16:30:00', 'Upcoming appointment', 'Do not forget that you have appointment 712 in room 379.', 37);
INSERT INTO INVOICE_BILL VALUES('2018-10-02 17:00:00', 100, 2, True);
INSERT INTO MEDICAL_RECORD VALUES('Medical record description 494.', '2018-10-02 17:00:00', 712, 2);
INSERT INTO APPOINTMENT VALUES(713, 234, 1, '2019-08-05 10:15:00', '2019-08-05 10:30:00', 37, 7, None);
INSERT INTO NOTIFICATION VALUES(None, '2019-08-05 10:00:00', 'Upcoming appointment', 'Do not forget that you have appointment 713 in room 234.', 9);
INSERT INTO NOTIFICATION VALUES(None, '2019-08-05 10:00:00', 'Upcoming appointment', 'Do not forget that you have appointment 713 in room 234.', 37);
INSERT INTO INVOICE_BILL VALUES('2019-08-05 10:30:00', 850, 13, False);
INSERT INTO MEDICAL_RECORD VALUES('Medical record description 276.', '2019-08-05 10:30:00', 713, 7);
INSERT INTO APPOINTMENT VALUES(714, 133, 1, '2015-12-18 16:15:00', '2015-12-18 16:30:00', 38, 9, None);
INSERT INTO NOTIFICATION VALUES(None, '2015-12-18 16:00:00', 'Upcoming appointment', 'Do not forget that you have appointment 714 in room 133.', 10);
INSERT INTO NOTIFICATION VALUES(None, '2015-12-18 16:00:00', 'Upcoming appointment', 'Do not forget that you have appointment 714 in room 133.', 38);
INSERT INTO INVOICE_BILL VALUES('2015-12-18 16:30:00', 650, 12, True);
INSERT INTO MEDICAL_RECORD VALUES('Medical record description 848.', '2015-12-18 16:30:00', 714, 9);
INSERT INTO APPOINTMENT VALUES(715, 231, 0, '2019-05-31 10:45:00', '2019-05-31 11:00:00', 38, 5, None);
INSERT INTO NOTIFICATION VALUES(None, '2019-05-31 10:30:00', 'Upcoming appointment', 'Do not forget that you have appointment 715 in room 231.', 7);
INSERT INTO NOTIFICATION VALUES(None, '2019-05-31 10:30:00', 'Upcoming appointment', 'Do not forget that you have appointment 715 in room 231.', 38);
INSERT INTO INVOICE_BILL VALUES('2019-05-31 11:00:00', 100, 5, True);
INSERT INTO MEDICAL_RECORD VALUES('Medical record description 640.', '2019-05-31 11:00:00', 715, 5);
INSERT INTO APPOINTMENT VALUES(716, 279, 1, '2018-07-03 15:45:00', '2018-07-03 16:00:00', 38, 6, None);
INSERT INTO NOTIFICATION VALUES(None, '2018-07-03 15:30:00', 'Upcoming appointment', 'Do not forget that you have appointment 716 in room 279.', 8);
INSERT INTO NOTIFICATION VALUES(None, '2018-07-03 15:30:00', 'Upcoming appointment', 'Do not forget that you have appointment 716 in room 279.', 38);
INSERT INTO INVOICE_BILL VALUES('2018-07-03 16:00:00', 850, 5, False);
INSERT INTO MEDICAL_RECORD VALUES('Medical record description 466.', '2018-07-03 16:00:00', 716, 6);
INSERT INTO APPOINTMENT VALUES(717, 390, 0, '2014-12-05 15:30:00', '2014-12-05 15:45:00', 38, 3, None);
INSERT INTO NOTIFICATION VALUES(None, '2014-12-05 15:15:00', 'Upcoming appointment', 'Do not forget that you have appointment 717 in room 390.', 5);
INSERT INTO NOTIFICATION VALUES(None, '2014-12-05 15:15:00', 'Upcoming appointment', 'Do not forget that you have appointment 717 in room 390.', 38);
INSERT INTO INVOICE_BILL VALUES('2014-12-05 15:45:00', 500, 4, False);
INSERT INTO MEDICAL_RECORD VALUES('Medical record description 546.', '2014-12-05 15:45:00', 717, 3);
INSERT INTO APPOINTMENT VALUES(718, 205, 1, '2014-08-19 14:30:00', '2014-08-19 14:45:00', 39, 3, None);
INSERT INTO NOTIFICATION VALUES(None, '2014-08-19 14:15:00', 'Upcoming appointment', 'Do not forget that you have appointment 718 in room 205.', 7);
INSERT INTO NOTIFICATION VALUES(None, '2014-08-19 14:15:00', 'Upcoming appointment', 'Do not forget that you have appointment 718 in room 205.', 39);
INSERT INTO INVOICE_BILL VALUES('2014-08-19 14:45:00', 600, 6, True);
INSERT INTO MEDICAL_RECORD VALUES('Medical record description 500.', '2014-08-19 14:45:00', 718, 3);
INSERT INTO APPOINTMENT VALUES(719, 297, 0, '2009-11-11 14:45:00', '2009-11-11 15:00:00', 39, 3, None);
INSERT INTO NOTIFICATION VALUES(None, '2009-11-11 14:30:00', 'Upcoming appointment', 'Do not forget that you have appointment 719 in room 297.', 5);
INSERT INTO NOTIFICATION VALUES(None, '2009-11-11 14:30:00', 'Upcoming appointment', 'Do not forget that you have appointment 719 in room 297.', 39);
INSERT INTO INVOICE_BILL VALUES('2009-11-11 15:00:00', 250, 5, False);
INSERT INTO MEDICAL_RECORD VALUES('Medical record description 367.', '2009-11-11 15:00:00', 719, 3);
INSERT INTO APPOINTMENT VALUES(720, 442, 1, '2013-05-01 17:30:00', '2013-05-01 17:45:00', 39, 3, None);
INSERT INTO NOTIFICATION VALUES(None, '2013-05-01 17:15:00', 'Upcoming appointment', 'Do not forget that you have appointment 720 in room 442.', 2);
INSERT INTO NOTIFICATION VALUES(None, '2013-05-01 17:15:00', 'Upcoming appointment', 'Do not forget that you have appointment 720 in room 442.', 39);
INSERT INTO INVOICE_BILL VALUES('2013-05-01 17:45:00', 50, 14, True);
INSERT INTO MEDICAL_RECORD VALUES('Medical record description 595.', '2013-05-01 17:45:00', 720, 3);
INSERT INTO APPOINTMENT VALUES(721, 470, 0, '2011-11-04 11:15:00', '2011-11-04 11:30:00', 39, 3, None);
INSERT INTO NOTIFICATION VALUES(None, '2011-11-04 11:00:00', 'Upcoming appointment', 'Do not forget that you have appointment 721 in room 470.', 4);
INSERT INTO NOTIFICATION VALUES(None, '2011-11-04 11:00:00', 'Upcoming appointment', 'Do not forget that you have appointment 721 in room 470.', 39);
INSERT INTO INVOICE_BILL VALUES('2011-11-04 11:30:00', 600, 15, False);
INSERT INTO MEDICAL_RECORD VALUES('Medical record description 876.', '2011-11-04 11:30:00', 721, 3);
INSERT INTO APPOINTMENT VALUES(722, 224, 0, '2017-09-06 12:15:00', '2017-09-06 12:30:00', 39, 5, None);
INSERT INTO NOTIFICATION VALUES(None, '2017-09-06 12:00:00', 'Upcoming appointment', 'Do not forget that you have appointment 722 in room 224.', 8);
INSERT INTO NOTIFICATION VALUES(None, '2017-09-06 12:00:00', 'Upcoming appointment', 'Do not forget that you have appointment 722 in room 224.', 39);
INSERT INTO INVOICE_BILL VALUES('2017-09-06 12:30:00', 250, 6, False);
INSERT INTO MEDICAL_RECORD VALUES('Medical record description 656.', '2017-09-06 12:30:00', 722, 5);
INSERT INTO APPOINTMENT VALUES(723, 305, 0, '2010-09-20 10:00:00', '2010-09-20 10:15:00', 39, 3, None);
INSERT INTO NOTIFICATION VALUES(None, '2010-09-20 09:45:00', 'Upcoming appointment', 'Do not forget that you have appointment 723 in room 305.', 1);
INSERT INTO NOTIFICATION VALUES(None, '2010-09-20 09:45:00', 'Upcoming appointment', 'Do not forget that you have appointment 723 in room 305.', 39);
INSERT INTO INVOICE_BILL VALUES('2010-09-20 10:15:00', 600, 13, True);
INSERT INTO MEDICAL_RECORD VALUES('Medical record description 724.', '2010-09-20 10:15:00', 723, 3);
INSERT INTO APPOINTMENT VALUES(724, 339, 0, '2018-02-09 16:30:00', '2018-02-09 16:45:00', 39, 6, None);
INSERT INTO NOTIFICATION VALUES(None, '2018-02-09 16:15:00', 'Upcoming appointment', 'Do not forget that you have appointment 724 in room 339.', 10);
INSERT INTO NOTIFICATION VALUES(None, '2018-02-09 16:15:00', 'Upcoming appointment', 'Do not forget that you have appointment 724 in room 339.', 39);
INSERT INTO INVOICE_BILL VALUES('2018-02-09 16:45:00', 950, 8, False);
INSERT INTO MEDICAL_RECORD VALUES('Medical record description 34.', '2018-02-09 16:45:00', 724, 6);
INSERT INTO APPOINTMENT VALUES(725, 457, 0, '2016-07-27 17:30:00', '2016-07-27 17:45:00', 39, 1, None);
INSERT INTO NOTIFICATION VALUES(None, '2016-07-27 17:15:00', 'Upcoming appointment', 'Do not forget that you have appointment 725 in room 457.', 4);
INSERT INTO NOTIFICATION VALUES(None, '2016-07-27 17:15:00', 'Upcoming appointment', 'Do not forget that you have appointment 725 in room 457.', 39);
INSERT INTO INVOICE_BILL VALUES('2016-07-27 17:45:00', 550, 9, True);
INSERT INTO MEDICAL_RECORD VALUES('Medical record description 556.', '2016-07-27 17:45:00', 725, 1);
INSERT INTO APPOINTMENT VALUES(726, 398, 1, '2017-05-12 16:15:00', '2017-05-12 16:30:00', 39, 6, None);
INSERT INTO NOTIFICATION VALUES(None, '2017-05-12 16:00:00', 'Upcoming appointment', 'Do not forget that you have appointment 726 in room 398.', 4);
INSERT INTO NOTIFICATION VALUES(None, '2017-05-12 16:00:00', 'Upcoming appointment', 'Do not forget that you have appointment 726 in room 398.', 39);
INSERT INTO INVOICE_BILL VALUES('2017-05-12 16:30:00', 800, 13, True);
INSERT INTO MEDICAL_RECORD VALUES('Medical record description 190.', '2017-05-12 16:30:00', 726, 6);
INSERT INTO APPOINTMENT VALUES(727, 440, 0, '2013-09-23 13:30:00', '2013-09-23 13:45:00', 39, 3, None);
INSERT INTO NOTIFICATION VALUES(None, '2013-09-23 13:15:00', 'Upcoming appointment', 'Do not forget that you have appointment 727 in room 440.', 4);
INSERT INTO NOTIFICATION VALUES(None, '2013-09-23 13:15:00', 'Upcoming appointment', 'Do not forget that you have appointment 727 in room 440.', 39);
INSERT INTO INVOICE_BILL VALUES('2013-09-23 13:45:00', 750, 9, True);
INSERT INTO MEDICAL_RECORD VALUES('Medical record description 959.', '2013-09-23 13:45:00', 727, 3);
INSERT INTO APPOINTMENT VALUES(728, 416, 0, '2019-01-21 16:30:00', '2019-01-21 16:45:00', 39, 5, None);
INSERT INTO NOTIFICATION VALUES(None, '2019-01-21 16:15:00', 'Upcoming appointment', 'Do not forget that you have appointment 728 in room 416.', 9);
INSERT INTO NOTIFICATION VALUES(None, '2019-01-21 16:15:00', 'Upcoming appointment', 'Do not forget that you have appointment 728 in room 416.', 39);
INSERT INTO INVOICE_BILL VALUES('2019-01-21 16:45:00', 800, 15, True);
INSERT INTO MEDICAL_RECORD VALUES('Medical record description 46.', '2019-01-21 16:45:00', 728, 5);
INSERT INTO APPOINTMENT VALUES(729, 417, 1, '2015-09-01 13:15:00', '2015-09-01 13:30:00', 39, 2, None);
INSERT INTO NOTIFICATION VALUES(None, '2015-09-01 13:00:00', 'Upcoming appointment', 'Do not forget that you have appointment 729 in room 417.', 10);
INSERT INTO NOTIFICATION VALUES(None, '2015-09-01 13:00:00', 'Upcoming appointment', 'Do not forget that you have appointment 729 in room 417.', 39);
INSERT INTO INVOICE_BILL VALUES('2015-09-01 13:30:00', 800, 5, True);
INSERT INTO MEDICAL_RECORD VALUES('Medical record description 812.', '2015-09-01 13:30:00', 729, 2);
INSERT INTO APPOINTMENT VALUES(730, 174, 1, '2012-08-02 12:30:00', '2012-08-02 12:45:00', 39, 1, None);
INSERT INTO NOTIFICATION VALUES(None, '2012-08-02 12:15:00', 'Upcoming appointment', 'Do not forget that you have appointment 730 in room 174.', 7);
INSERT INTO NOTIFICATION VALUES(None, '2012-08-02 12:15:00', 'Upcoming appointment', 'Do not forget that you have appointment 730 in room 174.', 39);
INSERT INTO INVOICE_BILL VALUES('2012-08-02 12:45:00', 400, 9, False);
INSERT INTO MEDICAL_RECORD VALUES('Medical record description 604.', '2012-08-02 12:45:00', 730, 1);
INSERT INTO APPOINTMENT VALUES(731, 321, 0, '2014-05-09 15:30:00', '2014-05-09 15:45:00', 39, 1, None);
INSERT INTO NOTIFICATION VALUES(None, '2014-05-09 15:15:00', 'Upcoming appointment', 'Do not forget that you have appointment 731 in room 321.', 9);
INSERT INTO NOTIFICATION VALUES(None, '2014-05-09 15:15:00', 'Upcoming appointment', 'Do not forget that you have appointment 731 in room 321.', 39);
INSERT INTO INVOICE_BILL VALUES('2014-05-09 15:45:00', 300, 5, False);
INSERT INTO MEDICAL_RECORD VALUES('Medical record description 951.', '2014-05-09 15:45:00', 731, 1);
INSERT INTO APPOINTMENT VALUES(732, 436, 0, '2018-04-18 15:45:00', '2018-04-18 16:00:00', 39, 10, None);
INSERT INTO NOTIFICATION VALUES(None, '2018-04-18 15:30:00', 'Upcoming appointment', 'Do not forget that you have appointment 732 in room 436.', 9);
INSERT INTO NOTIFICATION VALUES(None, '2018-04-18 15:30:00', 'Upcoming appointment', 'Do not forget that you have appointment 732 in room 436.', 39);
INSERT INTO INVOICE_BILL VALUES('2018-04-18 16:00:00', 800, 9, True);
INSERT INTO MEDICAL_RECORD VALUES('Medical record description 742.', '2018-04-18 16:00:00', 732, 10);
INSERT INTO APPOINTMENT VALUES(733, 272, 0, '2017-01-04 13:30:00', '2017-01-04 13:45:00', 40, 4, None);
INSERT INTO NOTIFICATION VALUES(None, '2017-01-04 13:15:00', 'Upcoming appointment', 'Do not forget that you have appointment 733 in room 272.', 8);
INSERT INTO NOTIFICATION VALUES(None, '2017-01-04 13:15:00', 'Upcoming appointment', 'Do not forget that you have appointment 733 in room 272.', 40);
INSERT INTO INVOICE_BILL VALUES('2017-01-04 13:45:00', 450, 15, False);
INSERT INTO MEDICAL_RECORD VALUES('Medical record description 170.', '2017-01-04 13:45:00', 733, 4);
INSERT INTO APPOINTMENT VALUES(734, 430, 1, '2017-05-24 16:30:00', '2017-05-24 16:45:00', 40, 10, None);
INSERT INTO NOTIFICATION VALUES(None, '2017-05-24 16:15:00', 'Upcoming appointment', 'Do not forget that you have appointment 734 in room 430.', 6);
INSERT INTO NOTIFICATION VALUES(None, '2017-05-24 16:15:00', 'Upcoming appointment', 'Do not forget that you have appointment 734 in room 430.', 40);
INSERT INTO INVOICE_BILL VALUES('2017-05-24 16:45:00', 100, 4, False);
INSERT INTO MEDICAL_RECORD VALUES('Medical record description 50.', '2017-05-24 16:45:00', 734, 10);
INSERT INTO APPOINTMENT VALUES(735, 239, 0, '2018-10-15 14:00:00', '2018-10-15 14:15:00', 40, 6, None);
INSERT INTO NOTIFICATION VALUES(None, '2018-10-15 13:45:00', 'Upcoming appointment', 'Do not forget that you have appointment 735 in room 239.', 2);
INSERT INTO NOTIFICATION VALUES(None, '2018-10-15 13:45:00', 'Upcoming appointment', 'Do not forget that you have appointment 735 in room 239.', 40);
INSERT INTO INVOICE_BILL VALUES('2018-10-15 14:15:00', 150, 8, True);
INSERT INTO MEDICAL_RECORD VALUES('Medical record description 176.', '2018-10-15 14:15:00', 735, 6);
INSERT INTO APPOINTMENT VALUES(736, 212, 0, '2016-08-31 17:00:00', '2016-08-31 17:15:00', 40, 3, None);
INSERT INTO NOTIFICATION VALUES(None, '2016-08-31 16:45:00', 'Upcoming appointment', 'Do not forget that you have appointment 736 in room 212.', 4);
INSERT INTO NOTIFICATION VALUES(None, '2016-08-31 16:45:00', 'Upcoming appointment', 'Do not forget that you have appointment 736 in room 212.', 40);
INSERT INTO INVOICE_BILL VALUES('2016-08-31 17:15:00', 150, 12, False);
INSERT INTO MEDICAL_RECORD VALUES('Medical record description 358.', '2016-08-31 17:15:00', 736, 3);
INSERT INTO APPOINTMENT VALUES(737, 150, 1, '2018-09-04 11:00:00', '2018-09-04 11:15:00', 40, 2, None);
INSERT INTO NOTIFICATION VALUES(None, '2018-09-04 10:45:00', 'Upcoming appointment', 'Do not forget that you have appointment 737 in room 150.', 8);
INSERT INTO NOTIFICATION VALUES(None, '2018-09-04 10:45:00', 'Upcoming appointment', 'Do not forget that you have appointment 737 in room 150.', 40);
INSERT INTO INVOICE_BILL VALUES('2018-09-04 11:15:00', 50, 6, True);
INSERT INTO MEDICAL_RECORD VALUES('Medical record description 650.', '2018-09-04 11:15:00', 737, 2);
INSERT INTO APPOINTMENT VALUES(738, 110, 0, '2014-02-07 14:30:00', '2014-02-07 14:45:00', 40, 9, None);
INSERT INTO NOTIFICATION VALUES(None, '2014-02-07 14:15:00', 'Upcoming appointment', 'Do not forget that you have appointment 738 in room 110.', 4);
INSERT INTO NOTIFICATION VALUES(None, '2014-02-07 14:15:00', 'Upcoming appointment', 'Do not forget that you have appointment 738 in room 110.', 40);
INSERT INTO INVOICE_BILL VALUES('2014-02-07 14:45:00', 400, 13, False);
INSERT INTO MEDICAL_RECORD VALUES('Medical record description 567.', '2014-02-07 14:45:00', 738, 9);
INSERT INTO APPOINTMENT VALUES(739, 389, 0, '2016-07-22 14:30:00', '2016-07-22 14:45:00', 40, 6, None);
INSERT INTO NOTIFICATION VALUES(None, '2016-07-22 14:15:00', 'Upcoming appointment', 'Do not forget that you have appointment 739 in room 389.', 4);
INSERT INTO NOTIFICATION VALUES(None, '2016-07-22 14:15:00', 'Upcoming appointment', 'Do not forget that you have appointment 739 in room 389.', 40);
INSERT INTO INVOICE_BILL VALUES('2016-07-22 14:45:00', 950, 5, False);
INSERT INTO MEDICAL_RECORD VALUES('Medical record description 686.', '2016-07-22 14:45:00', 739, 6);
INSERT INTO APPOINTMENT VALUES(740, 336, 0, '2017-03-29 12:30:00', '2017-03-29 12:45:00', 40, 9, None);
INSERT INTO NOTIFICATION VALUES(None, '2017-03-29 12:15:00', 'Upcoming appointment', 'Do not forget that you have appointment 740 in room 336.', 5);
INSERT INTO NOTIFICATION VALUES(None, '2017-03-29 12:15:00', 'Upcoming appointment', 'Do not forget that you have appointment 740 in room 336.', 40);
INSERT INTO INVOICE_BILL VALUES('2017-03-29 12:45:00', 950, 12, False);
INSERT INTO MEDICAL_RECORD VALUES('Medical record description 568.', '2017-03-29 12:45:00', 740, 9);
INSERT INTO APPOINTMENT VALUES(741, 228, 1, '2019-09-12 17:45:00', '2019-09-12 18:00:00', 40, 8, None);
INSERT INTO NOTIFICATION VALUES(None, '2019-09-12 17:30:00', 'Upcoming appointment', 'Do not forget that you have appointment 741 in room 228.', 2);
INSERT INTO NOTIFICATION VALUES(None, '2019-09-12 17:30:00', 'Upcoming appointment', 'Do not forget that you have appointment 741 in room 228.', 40);
INSERT INTO INVOICE_BILL VALUES('2019-09-12 18:00:00', 900, 9, False);
INSERT INTO MEDICAL_RECORD VALUES('Medical record description 520.', '2019-09-12 18:00:00', 741, 8);
INSERT INTO APPOINTMENT VALUES(742, 428, 1, '2016-08-05 15:30:00', '2016-08-05 15:45:00', 40, 2, None);
INSERT INTO NOTIFICATION VALUES(None, '2016-08-05 15:15:00', 'Upcoming appointment', 'Do not forget that you have appointment 742 in room 428.', 10);
INSERT INTO NOTIFICATION VALUES(None, '2016-08-05 15:15:00', 'Upcoming appointment', 'Do not forget that you have appointment 742 in room 428.', 40);
INSERT INTO INVOICE_BILL VALUES('2016-08-05 15:45:00', 600, 5, False);
INSERT INTO MEDICAL_RECORD VALUES('Medical record description 477.', '2016-08-05 15:45:00', 742, 2);
INSERT INTO APPOINTMENT VALUES(743, 108, 1, '2018-10-25 15:00:00', '2018-10-25 15:15:00', 40, 6, None);
INSERT INTO NOTIFICATION VALUES(None, '2018-10-25 14:45:00', 'Upcoming appointment', 'Do not forget that you have appointment 743 in room 108.', 9);
INSERT INTO NOTIFICATION VALUES(None, '2018-10-25 14:45:00', 'Upcoming appointment', 'Do not forget that you have appointment 743 in room 108.', 40);
INSERT INTO INVOICE_BILL VALUES('2018-10-25 15:15:00', 550, 5, False);
INSERT INTO MEDICAL_RECORD VALUES('Medical record description 224.', '2018-10-25 15:15:00', 743, 6);
INSERT INTO APPOINTMENT VALUES(744, 454, 0, '2018-01-24 12:45:00', '2018-01-24 13:00:00', 40, 5, None);
INSERT INTO NOTIFICATION VALUES(None, '2018-01-24 12:30:00', 'Upcoming appointment', 'Do not forget that you have appointment 744 in room 454.', 1);
INSERT INTO NOTIFICATION VALUES(None, '2018-01-24 12:30:00', 'Upcoming appointment', 'Do not forget that you have appointment 744 in room 454.', 40);
INSERT INTO INVOICE_BILL VALUES('2018-01-24 13:00:00', 450, 8, True);
INSERT INTO MEDICAL_RECORD VALUES('Medical record description 994.', '2018-01-24 13:00:00', 744, 5);
INSERT INTO APPOINTMENT VALUES(745, 105, 1, '2016-07-21 17:45:00', '2016-07-21 18:00:00', 40, 4, None);
INSERT INTO NOTIFICATION VALUES(None, '2016-07-21 17:30:00', 'Upcoming appointment', 'Do not forget that you have appointment 745 in room 105.', 1);
INSERT INTO NOTIFICATION VALUES(None, '2016-07-21 17:30:00', 'Upcoming appointment', 'Do not forget that you have appointment 745 in room 105.', 40);
INSERT INTO INVOICE_BILL VALUES('2016-07-21 18:00:00', 650, 9, False);
INSERT INTO MEDICAL_RECORD VALUES('Medical record description 867.', '2016-07-21 18:00:00', 745, 4);
INSERT INTO APPOINTMENT VALUES(746, 288, 0, '2017-12-28 10:30:00', '2017-12-28 10:45:00', 40, 6, None);
INSERT INTO NOTIFICATION VALUES(None, '2017-12-28 10:15:00', 'Upcoming appointment', 'Do not forget that you have appointment 746 in room 288.', 8);
INSERT INTO NOTIFICATION VALUES(None, '2017-12-28 10:15:00', 'Upcoming appointment', 'Do not forget that you have appointment 746 in room 288.', 40);
INSERT INTO INVOICE_BILL VALUES('2017-12-28 10:45:00', 950, 8, False);
INSERT INTO MEDICAL_RECORD VALUES('Medical record description 603.', '2017-12-28 10:45:00', 746, 6);
INSERT INTO APPOINTMENT VALUES(747, 358, 1, '2015-09-17 16:45:00', '2015-09-17 17:00:00', 40, 3, None);
INSERT INTO NOTIFICATION VALUES(None, '2015-09-17 16:30:00', 'Upcoming appointment', 'Do not forget that you have appointment 747 in room 358.', 7);
INSERT INTO NOTIFICATION VALUES(None, '2015-09-17 16:30:00', 'Upcoming appointment', 'Do not forget that you have appointment 747 in room 358.', 40);
INSERT INTO INVOICE_BILL VALUES('2015-09-17 17:00:00', 500, 15, False);
INSERT INTO MEDICAL_RECORD VALUES('Medical record description 480.', '2015-09-17 17:00:00', 747, 3);
INSERT INTO APPOINTMENT VALUES(748, 384, 0, '2018-10-31 14:15:00', '2018-10-31 14:30:00', 40, 8, None);
INSERT INTO NOTIFICATION VALUES(None, '2018-10-31 14:00:00', 'Upcoming appointment', 'Do not forget that you have appointment 748 in room 384.', 3);
INSERT INTO NOTIFICATION VALUES(None, '2018-10-31 14:00:00', 'Upcoming appointment', 'Do not forget that you have appointment 748 in room 384.', 40);
INSERT INTO INVOICE_BILL VALUES('2018-10-31 14:30:00', 900, 14, True);
INSERT INTO MEDICAL_RECORD VALUES('Medical record description 93.', '2018-10-31 14:30:00', 748, 8);
INSERT INTO APPOINTMENT VALUES(749, 293, 0, '2018-07-27 15:30:00', '2018-07-27 15:45:00', 40, 1, None);
INSERT INTO NOTIFICATION VALUES(None, '2018-07-27 15:15:00', 'Upcoming appointment', 'Do not forget that you have appointment 749 in room 293.', 1);
INSERT INTO NOTIFICATION VALUES(None, '2018-07-27 15:15:00', 'Upcoming appointment', 'Do not forget that you have appointment 749 in room 293.', 40);
INSERT INTO INVOICE_BILL VALUES('2018-07-27 15:45:00', 550, 14, True);
INSERT INTO MEDICAL_RECORD VALUES('Medical record description 34.', '2018-07-27 15:45:00', 749, 1);
INSERT INTO APPOINTMENT VALUES(750, 223, 1, '2015-12-24 12:45:00', '2015-12-24 13:00:00', 40, 3, None);
INSERT INTO NOTIFICATION VALUES(None, '2015-12-24 12:30:00', 'Upcoming appointment', 'Do not forget that you have appointment 750 in room 223.', 1);
INSERT INTO NOTIFICATION VALUES(None, '2015-12-24 12:30:00', 'Upcoming appointment', 'Do not forget that you have appointment 750 in room 223.', 40);
INSERT INTO INVOICE_BILL VALUES('2015-12-24 13:00:00', 550, 15, False);
INSERT INTO MEDICAL_RECORD VALUES('Medical record description 251.', '2015-12-24 13:00:00', 750, 3);
INSERT INTO APPOINTMENT VALUES(751, 378, 1, '2019-03-18 16:45:00', '2019-03-18 17:00:00', 40, 3, None);
INSERT INTO NOTIFICATION VALUES(None, '2019-03-18 16:30:00', 'Upcoming appointment', 'Do not forget that you have appointment 751 in room 378.', 8);
INSERT INTO NOTIFICATION VALUES(None, '2019-03-18 16:30:00', 'Upcoming appointment', 'Do not forget that you have appointment 751 in room 378.', 40);
INSERT INTO INVOICE_BILL VALUES('2019-03-18 17:00:00', 750, 15, True);
INSERT INTO MEDICAL_RECORD VALUES('Medical record description 311.', '2019-03-18 17:00:00', 751, 3);
INSERT INTO APPOINTMENT VALUES(752, 296, 0, '2017-02-14 12:15:00', '2017-02-14 12:30:00', 40, 9, None);
INSERT INTO NOTIFICATION VALUES(None, '2017-02-14 12:00:00', 'Upcoming appointment', 'Do not forget that you have appointment 752 in room 296.', 6);
INSERT INTO NOTIFICATION VALUES(None, '2017-02-14 12:00:00', 'Upcoming appointment', 'Do not forget that you have appointment 752 in room 296.', 40);
INSERT INTO INVOICE_BILL VALUES('2017-02-14 12:30:00', 300, 13, False);
INSERT INTO MEDICAL_RECORD VALUES('Medical record description 691.', '2017-02-14 12:30:00', 752, 9);
INSERT INTO APPOINTMENT VALUES(753, 424, 0, '2015-09-10 10:30:00', '2015-09-10 10:45:00', 40, 9, None);
INSERT INTO NOTIFICATION VALUES(None, '2015-09-10 10:15:00', 'Upcoming appointment', 'Do not forget that you have appointment 753 in room 424.', 10);
INSERT INTO NOTIFICATION VALUES(None, '2015-09-10 10:15:00', 'Upcoming appointment', 'Do not forget that you have appointment 753 in room 424.', 40);
INSERT INTO INVOICE_BILL VALUES('2015-09-10 10:45:00', 800, 9, True);
INSERT INTO MEDICAL_RECORD VALUES('Medical record description 582.', '2015-09-10 10:45:00', 753, 9);
INSERT INTO APPOINTMENT VALUES(754, 135, 1, '2017-03-29 15:30:00', '2017-03-29 15:45:00', 40, 1, None);
INSERT INTO NOTIFICATION VALUES(None, '2017-03-29 15:15:00', 'Upcoming appointment', 'Do not forget that you have appointment 754 in room 135.', 5);
INSERT INTO NOTIFICATION VALUES(None, '2017-03-29 15:15:00', 'Upcoming appointment', 'Do not forget that you have appointment 754 in room 135.', 40);
INSERT INTO INVOICE_BILL VALUES('2017-03-29 15:45:00', 400, 12, True);
INSERT INTO MEDICAL_RECORD VALUES('Medical record description 157.', '2017-03-29 15:45:00', 754, 1);
INSERT INTO APPOINTMENT VALUES(755, 460, 1, '2018-08-01 10:30:00', '2018-08-01 10:45:00', 40, 1, None);
INSERT INTO NOTIFICATION VALUES(None, '2018-08-01 10:15:00', 'Upcoming appointment', 'Do not forget that you have appointment 755 in room 460.', 7);
INSERT INTO NOTIFICATION VALUES(None, '2018-08-01 10:15:00', 'Upcoming appointment', 'Do not forget that you have appointment 755 in room 460.', 40);
INSERT INTO INVOICE_BILL VALUES('2018-08-01 10:45:00', 200, 13, True);
INSERT INTO MEDICAL_RECORD VALUES('Medical record description 237.', '2018-08-01 10:45:00', 755, 1);
INSERT INTO APPOINTMENT VALUES(756, 325, 0, '2017-07-28 17:30:00', '2017-07-28 17:45:00', 40, 4, None);
INSERT INTO NOTIFICATION VALUES(None, '2017-07-28 17:15:00', 'Upcoming appointment', 'Do not forget that you have appointment 756 in room 325.', 1);
INSERT INTO NOTIFICATION VALUES(None, '2017-07-28 17:15:00', 'Upcoming appointment', 'Do not forget that you have appointment 756 in room 325.', 40);
INSERT INTO INVOICE_BILL VALUES('2017-07-28 17:45:00', 450, 2, False);
INSERT INTO MEDICAL_RECORD VALUES('Medical record description 449.', '2017-07-28 17:45:00', 756, 4);
INSERT INTO APPOINTMENT VALUES(757, 287, 1, '2017-12-27 17:00:00', '2017-12-27 17:15:00', 41, 5, None);
INSERT INTO NOTIFICATION VALUES(None, '2017-12-27 16:45:00', 'Upcoming appointment', 'Do not forget that you have appointment 757 in room 287.', 1);
INSERT INTO NOTIFICATION VALUES(None, '2017-12-27 16:45:00', 'Upcoming appointment', 'Do not forget that you have appointment 757 in room 287.', 41);
INSERT INTO INVOICE_BILL VALUES('2017-12-27 17:15:00', 700, 11, True);
INSERT INTO MEDICAL_RECORD VALUES('Medical record description 627.', '2017-12-27 17:15:00', 757, 5);
INSERT INTO APPOINTMENT VALUES(758, 273, 0, '2013-02-25 14:00:00', '2013-02-25 14:15:00', 41, 3, None);
INSERT INTO NOTIFICATION VALUES(None, '2013-02-25 13:45:00', 'Upcoming appointment', 'Do not forget that you have appointment 758 in room 273.', 5);
INSERT INTO NOTIFICATION VALUES(None, '2013-02-25 13:45:00', 'Upcoming appointment', 'Do not forget that you have appointment 758 in room 273.', 41);
INSERT INTO INVOICE_BILL VALUES('2013-02-25 14:15:00', 550, 6, True);
INSERT INTO MEDICAL_RECORD VALUES('Medical record description 365.', '2013-02-25 14:15:00', 758, 3);
INSERT INTO APPOINTMENT VALUES(759, 263, 1, '2014-12-26 15:30:00', '2014-12-26 15:45:00', 41, 3, None);
INSERT INTO NOTIFICATION VALUES(None, '2014-12-26 15:15:00', 'Upcoming appointment', 'Do not forget that you have appointment 759 in room 263.', 1);
INSERT INTO NOTIFICATION VALUES(None, '2014-12-26 15:15:00', 'Upcoming appointment', 'Do not forget that you have appointment 759 in room 263.', 41);
INSERT INTO INVOICE_BILL VALUES('2014-12-26 15:45:00', 300, 12, False);
INSERT INTO MEDICAL_RECORD VALUES('Medical record description 17.', '2014-12-26 15:45:00', 759, 3);
INSERT INTO APPOINTMENT VALUES(760, 273, 1, '2018-07-10 16:30:00', '2018-07-10 16:45:00', 41, 5, None);
INSERT INTO NOTIFICATION VALUES(None, '2018-07-10 16:15:00', 'Upcoming appointment', 'Do not forget that you have appointment 760 in room 273.', 8);
INSERT INTO NOTIFICATION VALUES(None, '2018-07-10 16:15:00', 'Upcoming appointment', 'Do not forget that you have appointment 760 in room 273.', 41);
INSERT INTO INVOICE_BILL VALUES('2018-07-10 16:45:00', 800, 9, False);
INSERT INTO MEDICAL_RECORD VALUES('Medical record description 386.', '2018-07-10 16:45:00', 760, 5);
INSERT INTO APPOINTMENT VALUES(761, 215, 1, '2019-05-16 10:00:00', '2019-05-16 10:15:00', 41, 8, None);
INSERT INTO NOTIFICATION VALUES(None, '2019-05-16 09:45:00', 'Upcoming appointment', 'Do not forget that you have appointment 761 in room 215.', 10);
INSERT INTO NOTIFICATION VALUES(None, '2019-05-16 09:45:00', 'Upcoming appointment', 'Do not forget that you have appointment 761 in room 215.', 41);
INSERT INTO INVOICE_BILL VALUES('2019-05-16 10:15:00', 750, 3, True);
INSERT INTO MEDICAL_RECORD VALUES('Medical record description 919.', '2019-05-16 10:15:00', 761, 8);
INSERT INTO APPOINTMENT VALUES(762, 106, 0, '2017-11-27 17:30:00', '2017-11-27 17:45:00', 41, 10, None);
INSERT INTO NOTIFICATION VALUES(None, '2017-11-27 17:15:00', 'Upcoming appointment', 'Do not forget that you have appointment 762 in room 106.', 4);
INSERT INTO NOTIFICATION VALUES(None, '2017-11-27 17:15:00', 'Upcoming appointment', 'Do not forget that you have appointment 762 in room 106.', 41);
INSERT INTO INVOICE_BILL VALUES('2017-11-27 17:45:00', 900, 6, True);
INSERT INTO MEDICAL_RECORD VALUES('Medical record description 330.', '2017-11-27 17:45:00', 762, 10);
INSERT INTO APPOINTMENT VALUES(763, 105, 1, '2015-01-19 15:15:00', '2015-01-19 15:30:00', 41, 3, None);
INSERT INTO NOTIFICATION VALUES(None, '2015-01-19 15:00:00', 'Upcoming appointment', 'Do not forget that you have appointment 763 in room 105.', 2);
INSERT INTO NOTIFICATION VALUES(None, '2015-01-19 15:00:00', 'Upcoming appointment', 'Do not forget that you have appointment 763 in room 105.', 41);
INSERT INTO INVOICE_BILL VALUES('2015-01-19 15:30:00', 800, 11, False);
INSERT INTO MEDICAL_RECORD VALUES('Medical record description 766.', '2015-01-19 15:30:00', 763, 3);
INSERT INTO APPOINTMENT VALUES(764, 270, 0, '2016-12-12 17:00:00', '2016-12-12 17:15:00', 41, 1, None);
INSERT INTO NOTIFICATION VALUES(None, '2016-12-12 16:45:00', 'Upcoming appointment', 'Do not forget that you have appointment 764 in room 270.', 4);
INSERT INTO NOTIFICATION VALUES(None, '2016-12-12 16:45:00', 'Upcoming appointment', 'Do not forget that you have appointment 764 in room 270.', 41);
INSERT INTO INVOICE_BILL VALUES('2016-12-12 17:15:00', 600, 2, True);
INSERT INTO MEDICAL_RECORD VALUES('Medical record description 910.', '2016-12-12 17:15:00', 764, 1);
INSERT INTO APPOINTMENT VALUES(765, 393, 0, '2019-02-19 14:00:00', '2019-02-19 14:15:00', 41, 6, None);
INSERT INTO NOTIFICATION VALUES(None, '2019-02-19 13:45:00', 'Upcoming appointment', 'Do not forget that you have appointment 765 in room 393.', 4);
INSERT INTO NOTIFICATION VALUES(None, '2019-02-19 13:45:00', 'Upcoming appointment', 'Do not forget that you have appointment 765 in room 393.', 41);
INSERT INTO INVOICE_BILL VALUES('2019-02-19 14:15:00', 1000, 10, True);
INSERT INTO MEDICAL_RECORD VALUES('Medical record description 709.', '2019-02-19 14:15:00', 765, 6);
INSERT INTO APPOINTMENT VALUES(766, 288, 1, '2017-04-27 11:30:00', '2017-04-27 11:45:00', 41, 1, None);
INSERT INTO NOTIFICATION VALUES(None, '2017-04-27 11:15:00', 'Upcoming appointment', 'Do not forget that you have appointment 766 in room 288.', 2);
INSERT INTO NOTIFICATION VALUES(None, '2017-04-27 11:15:00', 'Upcoming appointment', 'Do not forget that you have appointment 766 in room 288.', 41);
INSERT INTO INVOICE_BILL VALUES('2017-04-27 11:45:00', 150, 9, False);
INSERT INTO MEDICAL_RECORD VALUES('Medical record description 54.', '2017-04-27 11:45:00', 766, 1);
INSERT INTO APPOINTMENT VALUES(767, 428, 1, '2018-05-15 15:45:00', '2018-05-15 16:00:00', 41, 9, None);
INSERT INTO NOTIFICATION VALUES(None, '2018-05-15 15:30:00', 'Upcoming appointment', 'Do not forget that you have appointment 767 in room 428.', 4);
INSERT INTO NOTIFICATION VALUES(None, '2018-05-15 15:30:00', 'Upcoming appointment', 'Do not forget that you have appointment 767 in room 428.', 41);
INSERT INTO INVOICE_BILL VALUES('2018-05-15 16:00:00', 100, 9, True);
INSERT INTO MEDICAL_RECORD VALUES('Medical record description 2.', '2018-05-15 16:00:00', 767, 9);
INSERT INTO APPOINTMENT VALUES(768, 209, 0, '2017-06-22 15:00:00', '2017-06-22 15:15:00', 41, 3, None);
INSERT INTO NOTIFICATION VALUES(None, '2017-06-22 14:45:00', 'Upcoming appointment', 'Do not forget that you have appointment 768 in room 209.', 2);
INSERT INTO NOTIFICATION VALUES(None, '2017-06-22 14:45:00', 'Upcoming appointment', 'Do not forget that you have appointment 768 in room 209.', 41);
INSERT INTO INVOICE_BILL VALUES('2017-06-22 15:15:00', 750, 3, True);
INSERT INTO MEDICAL_RECORD VALUES('Medical record description 574.', '2017-06-22 15:15:00', 768, 3);
INSERT INTO APPOINTMENT VALUES(769, 414, 0, '2019-03-26 14:15:00', '2019-03-26 14:30:00', 41, 7, None);
INSERT INTO NOTIFICATION VALUES(None, '2019-03-26 14:00:00', 'Upcoming appointment', 'Do not forget that you have appointment 769 in room 414.', 10);
INSERT INTO NOTIFICATION VALUES(None, '2019-03-26 14:00:00', 'Upcoming appointment', 'Do not forget that you have appointment 769 in room 414.', 41);
INSERT INTO INVOICE_BILL VALUES('2019-03-26 14:30:00', 350, 9, True);
INSERT INTO MEDICAL_RECORD VALUES('Medical record description 597.', '2019-03-26 14:30:00', 769, 7);
INSERT INTO APPOINTMENT VALUES(770, 321, 1, '2019-04-22 14:30:00', '2019-04-22 14:45:00', 41, 3, None);
INSERT INTO NOTIFICATION VALUES(None, '2019-04-22 14:15:00', 'Upcoming appointment', 'Do not forget that you have appointment 770 in room 321.', 5);
INSERT INTO NOTIFICATION VALUES(None, '2019-04-22 14:15:00', 'Upcoming appointment', 'Do not forget that you have appointment 770 in room 321.', 41);
INSERT INTO INVOICE_BILL VALUES('2019-04-22 14:45:00', 750, 1, False);
INSERT INTO MEDICAL_RECORD VALUES('Medical record description 930.', '2019-04-22 14:45:00', 770, 3);
INSERT INTO APPOINTMENT VALUES(771, 296, 1, '2019-07-04 17:45:00', '2019-07-04 18:00:00', 41, 7, None);
INSERT INTO NOTIFICATION VALUES(None, '2019-07-04 17:30:00', 'Upcoming appointment', 'Do not forget that you have appointment 771 in room 296.', 4);
INSERT INTO NOTIFICATION VALUES(None, '2019-07-04 17:30:00', 'Upcoming appointment', 'Do not forget that you have appointment 771 in room 296.', 41);
INSERT INTO INVOICE_BILL VALUES('2019-07-04 18:00:00', 50, 3, True);
INSERT INTO MEDICAL_RECORD VALUES('Medical record description 899.', '2019-07-04 18:00:00', 771, 7);
INSERT INTO APPOINTMENT VALUES(772, 438, 0, '2013-09-16 16:45:00', '2013-09-16 17:00:00', 41, 3, None);
INSERT INTO NOTIFICATION VALUES(None, '2013-09-16 16:30:00', 'Upcoming appointment', 'Do not forget that you have appointment 772 in room 438.', 6);
INSERT INTO NOTIFICATION VALUES(None, '2013-09-16 16:30:00', 'Upcoming appointment', 'Do not forget that you have appointment 772 in room 438.', 41);
INSERT INTO INVOICE_BILL VALUES('2013-09-16 17:00:00', 1000, 11, True);
INSERT INTO MEDICAL_RECORD VALUES('Medical record description 212.', '2013-09-16 17:00:00', 772, 3);
INSERT INTO APPOINTMENT VALUES(773, 150, 1, '2018-12-28 11:45:00', '2018-12-28 12:00:00', 41, 8, None);
INSERT INTO NOTIFICATION VALUES(None, '2018-12-28 11:30:00', 'Upcoming appointment', 'Do not forget that you have appointment 773 in room 150.', 1);
INSERT INTO NOTIFICATION VALUES(None, '2018-12-28 11:30:00', 'Upcoming appointment', 'Do not forget that you have appointment 773 in room 150.', 41);
INSERT INTO INVOICE_BILL VALUES('2018-12-28 12:00:00', 1000, 10, True);
INSERT INTO MEDICAL_RECORD VALUES('Medical record description 981.', '2018-12-28 12:00:00', 773, 8);
INSERT INTO APPOINTMENT VALUES(774, 469, 1, '2017-05-10 16:15:00', '2017-05-10 16:30:00', 41, 3, None);
INSERT INTO NOTIFICATION VALUES(None, '2017-05-10 16:00:00', 'Upcoming appointment', 'Do not forget that you have appointment 774 in room 469.', 1);
INSERT INTO NOTIFICATION VALUES(None, '2017-05-10 16:00:00', 'Upcoming appointment', 'Do not forget that you have appointment 774 in room 469.', 41);
INSERT INTO INVOICE_BILL VALUES('2017-05-10 16:30:00', 800, 15, False);
INSERT INTO MEDICAL_RECORD VALUES('Medical record description 675.', '2017-05-10 16:30:00', 774, 3);
INSERT INTO APPOINTMENT VALUES(775, 416, 0, '2019-05-08 14:15:00', '2019-05-08 14:30:00', 41, 5, None);
INSERT INTO NOTIFICATION VALUES(None, '2019-05-08 14:00:00', 'Upcoming appointment', 'Do not forget that you have appointment 775 in room 416.', 7);
INSERT INTO NOTIFICATION VALUES(None, '2019-05-08 14:00:00', 'Upcoming appointment', 'Do not forget that you have appointment 775 in room 416.', 41);
INSERT INTO INVOICE_BILL VALUES('2019-05-08 14:30:00', 200, 7, True);
INSERT INTO MEDICAL_RECORD VALUES('Medical record description 224.', '2019-05-08 14:30:00', 775, 5);
INSERT INTO APPOINTMENT VALUES(776, 281, 1, '2016-07-07 17:45:00', '2016-07-07 18:00:00', 41, 2, None);
INSERT INTO NOTIFICATION VALUES(None, '2016-07-07 17:30:00', 'Upcoming appointment', 'Do not forget that you have appointment 776 in room 281.', 4);
INSERT INTO NOTIFICATION VALUES(None, '2016-07-07 17:30:00', 'Upcoming appointment', 'Do not forget that you have appointment 776 in room 281.', 41);
INSERT INTO INVOICE_BILL VALUES('2016-07-07 18:00:00', 350, 10, True);
INSERT INTO MEDICAL_RECORD VALUES('Medical record description 135.', '2016-07-07 18:00:00', 776, 2);
INSERT INTO APPOINTMENT VALUES(777, 285, 1, '2018-01-05 17:45:00', '2018-01-05 18:00:00', 41, 6, None);
INSERT INTO NOTIFICATION VALUES(None, '2018-01-05 17:30:00', 'Upcoming appointment', 'Do not forget that you have appointment 777 in room 285.', 4);
INSERT INTO NOTIFICATION VALUES(None, '2018-01-05 17:30:00', 'Upcoming appointment', 'Do not forget that you have appointment 777 in room 285.', 41);
INSERT INTO INVOICE_BILL VALUES('2018-01-05 18:00:00', 300, 10, True);
INSERT INTO MEDICAL_RECORD VALUES('Medical record description 111.', '2018-01-05 18:00:00', 777, 6);
INSERT INTO APPOINTMENT VALUES(778, 293, 1, '2018-09-19 16:15:00', '2018-09-19 16:30:00', 41, 4, None);
INSERT INTO NOTIFICATION VALUES(None, '2018-09-19 16:00:00', 'Upcoming appointment', 'Do not forget that you have appointment 778 in room 293.', 8);
INSERT INTO NOTIFICATION VALUES(None, '2018-09-19 16:00:00', 'Upcoming appointment', 'Do not forget that you have appointment 778 in room 293.', 41);
INSERT INTO INVOICE_BILL VALUES('2018-09-19 16:30:00', 550, 11, True);
INSERT INTO MEDICAL_RECORD VALUES('Medical record description 106.', '2018-09-19 16:30:00', 778, 4);
INSERT INTO APPOINTMENT VALUES(779, 439, 1, '2017-10-11 11:45:00', '2017-10-11 12:00:00', 41, 6, None);
INSERT INTO NOTIFICATION VALUES(None, '2017-10-11 11:30:00', 'Upcoming appointment', 'Do not forget that you have appointment 779 in room 439.', 8);
INSERT INTO NOTIFICATION VALUES(None, '2017-10-11 11:30:00', 'Upcoming appointment', 'Do not forget that you have appointment 779 in room 439.', 41);
INSERT INTO INVOICE_BILL VALUES('2017-10-11 12:00:00', 400, 10, True);
INSERT INTO MEDICAL_RECORD VALUES('Medical record description 525.', '2017-10-11 12:00:00', 779, 6);
INSERT INTO APPOINTMENT VALUES(780, 370, 1, '2018-09-06 16:45:00', '2018-09-06 17:00:00', 41, 5, None);
INSERT INTO NOTIFICATION VALUES(None, '2018-09-06 16:30:00', 'Upcoming appointment', 'Do not forget that you have appointment 780 in room 370.', 4);
INSERT INTO NOTIFICATION VALUES(None, '2018-09-06 16:30:00', 'Upcoming appointment', 'Do not forget that you have appointment 780 in room 370.', 41);
INSERT INTO INVOICE_BILL VALUES('2018-09-06 17:00:00', 250, 1, False);
INSERT INTO MEDICAL_RECORD VALUES('Medical record description 738.', '2018-09-06 17:00:00', 780, 5);
INSERT INTO APPOINTMENT VALUES(781, 416, 0, '2016-09-22 14:15:00', '2016-09-22 14:30:00', 41, 2, None);
INSERT INTO NOTIFICATION VALUES(None, '2016-09-22 14:00:00', 'Upcoming appointment', 'Do not forget that you have appointment 781 in room 416.', 9);
INSERT INTO NOTIFICATION VALUES(None, '2016-09-22 14:00:00', 'Upcoming appointment', 'Do not forget that you have appointment 781 in room 416.', 41);
INSERT INTO INVOICE_BILL VALUES('2016-09-22 14:30:00', 250, 8, True);
INSERT INTO MEDICAL_RECORD VALUES('Medical record description 970.', '2016-09-22 14:30:00', 781, 2);
INSERT INTO APPOINTMENT VALUES(782, 258, 0, '2019-06-27 15:30:00', '2019-06-27 15:45:00', 41, 8, None);
INSERT INTO NOTIFICATION VALUES(None, '2019-06-27 15:15:00', 'Upcoming appointment', 'Do not forget that you have appointment 782 in room 258.', 6);
INSERT INTO NOTIFICATION VALUES(None, '2019-06-27 15:15:00', 'Upcoming appointment', 'Do not forget that you have appointment 782 in room 258.', 41);
INSERT INTO INVOICE_BILL VALUES('2019-06-27 15:45:00', 800, 15, False);
INSERT INTO MEDICAL_RECORD VALUES('Medical record description 540.', '2019-06-27 15:45:00', 782, 8);
INSERT INTO APPOINTMENT VALUES(783, 415, 0, '2019-07-18 14:45:00', '2019-07-18 15:00:00', 41, 1, None);
INSERT INTO NOTIFICATION VALUES(None, '2019-07-18 14:30:00', 'Upcoming appointment', 'Do not forget that you have appointment 783 in room 415.', 1);
INSERT INTO NOTIFICATION VALUES(None, '2019-07-18 14:30:00', 'Upcoming appointment', 'Do not forget that you have appointment 783 in room 415.', 41);
INSERT INTO INVOICE_BILL VALUES('2019-07-18 15:00:00', 900, 12, True);
INSERT INTO MEDICAL_RECORD VALUES('Medical record description 584.', '2019-07-18 15:00:00', 783, 1);
INSERT INTO APPOINTMENT VALUES(784, 208, 0, '2015-01-27 16:45:00', '2015-01-27 17:00:00', 41, 2, None);
INSERT INTO NOTIFICATION VALUES(None, '2015-01-27 16:30:00', 'Upcoming appointment', 'Do not forget that you have appointment 784 in room 208.', 2);
INSERT INTO NOTIFICATION VALUES(None, '2015-01-27 16:30:00', 'Upcoming appointment', 'Do not forget that you have appointment 784 in room 208.', 41);
INSERT INTO INVOICE_BILL VALUES('2015-01-27 17:00:00', 450, 15, False);
INSERT INTO MEDICAL_RECORD VALUES('Medical record description 404.', '2015-01-27 17:00:00', 784, 2);
INSERT INTO APPOINTMENT VALUES(785, 132, 1, '2017-10-30 16:45:00', '2017-10-30 17:00:00', 41, 2, None);
INSERT INTO NOTIFICATION VALUES(None, '2017-10-30 16:30:00', 'Upcoming appointment', 'Do not forget that you have appointment 785 in room 132.', 3);
INSERT INTO NOTIFICATION VALUES(None, '2017-10-30 16:30:00', 'Upcoming appointment', 'Do not forget that you have appointment 785 in room 132.', 41);
INSERT INTO INVOICE_BILL VALUES('2017-10-30 17:00:00', 300, 11, False);
INSERT INTO MEDICAL_RECORD VALUES('Medical record description 965.', '2017-10-30 17:00:00', 785, 2);
INSERT INTO APPOINTMENT VALUES(786, 262, 1, '2018-03-19 15:30:00', '2018-03-19 15:45:00', 42, 4, None);
INSERT INTO NOTIFICATION VALUES(None, '2018-03-19 15:15:00', 'Upcoming appointment', 'Do not forget that you have appointment 786 in room 262.', 3);
INSERT INTO NOTIFICATION VALUES(None, '2018-03-19 15:15:00', 'Upcoming appointment', 'Do not forget that you have appointment 786 in room 262.', 42);
INSERT INTO INVOICE_BILL VALUES('2018-03-19 15:45:00', 150, 3, True);
INSERT INTO MEDICAL_RECORD VALUES('Medical record description 529.', '2018-03-19 15:45:00', 786, 4);
INSERT INTO APPOINTMENT VALUES(787, 365, 0, '2018-05-04 17:15:00', '2018-05-04 17:30:00', 42, 1, None);
INSERT INTO NOTIFICATION VALUES(None, '2018-05-04 17:00:00', 'Upcoming appointment', 'Do not forget that you have appointment 787 in room 365.', 5);
INSERT INTO NOTIFICATION VALUES(None, '2018-05-04 17:00:00', 'Upcoming appointment', 'Do not forget that you have appointment 787 in room 365.', 42);
INSERT INTO INVOICE_BILL VALUES('2018-05-04 17:30:00', 950, 14, False);
INSERT INTO MEDICAL_RECORD VALUES('Medical record description 795.', '2018-05-04 17:30:00', 787, 1);
INSERT INTO APPOINTMENT VALUES(788, 209, 0, '2017-01-30 11:00:00', '2017-01-30 11:15:00', 42, 2, None);
INSERT INTO NOTIFICATION VALUES(None, '2017-01-30 10:45:00', 'Upcoming appointment', 'Do not forget that you have appointment 788 in room 209.', 9);
INSERT INTO NOTIFICATION VALUES(None, '2017-01-30 10:45:00', 'Upcoming appointment', 'Do not forget that you have appointment 788 in room 209.', 42);
INSERT INTO INVOICE_BILL VALUES('2017-01-30 11:15:00', 250, 10, True);
INSERT INTO MEDICAL_RECORD VALUES('Medical record description 759.', '2017-01-30 11:15:00', 788, 2);
INSERT INTO APPOINTMENT VALUES(789, 455, 0, '2016-09-22 17:00:00', '2016-09-22 17:15:00', 42, 2, None);
INSERT INTO NOTIFICATION VALUES(None, '2016-09-22 16:45:00', 'Upcoming appointment', 'Do not forget that you have appointment 789 in room 455.', 4);
INSERT INTO NOTIFICATION VALUES(None, '2016-09-22 16:45:00', 'Upcoming appointment', 'Do not forget that you have appointment 789 in room 455.', 42);
INSERT INTO INVOICE_BILL VALUES('2016-09-22 17:15:00', 550, 13, False);
INSERT INTO MEDICAL_RECORD VALUES('Medical record description 514.', '2016-09-22 17:15:00', 789, 2);
INSERT INTO APPOINTMENT VALUES(790, 354, 1, '2018-08-21 10:30:00', '2018-08-21 10:45:00', 42, 7, None);
INSERT INTO NOTIFICATION VALUES(None, '2018-08-21 10:15:00', 'Upcoming appointment', 'Do not forget that you have appointment 790 in room 354.', 2);
INSERT INTO NOTIFICATION VALUES(None, '2018-08-21 10:15:00', 'Upcoming appointment', 'Do not forget that you have appointment 790 in room 354.', 42);
INSERT INTO INVOICE_BILL VALUES('2018-08-21 10:45:00', 350, 15, True);
INSERT INTO MEDICAL_RECORD VALUES('Medical record description 862.', '2018-08-21 10:45:00', 790, 7);
INSERT INTO APPOINTMENT VALUES(791, 392, 1, '2018-12-04 11:15:00', '2018-12-04 11:30:00', 42, 1, None);
INSERT INTO NOTIFICATION VALUES(None, '2018-12-04 11:00:00', 'Upcoming appointment', 'Do not forget that you have appointment 791 in room 392.', 1);
INSERT INTO NOTIFICATION VALUES(None, '2018-12-04 11:00:00', 'Upcoming appointment', 'Do not forget that you have appointment 791 in room 392.', 42);
INSERT INTO INVOICE_BILL VALUES('2018-12-04 11:30:00', 950, 14, False);
INSERT INTO MEDICAL_RECORD VALUES('Medical record description 788.', '2018-12-04 11:30:00', 791, 1);
INSERT INTO APPOINTMENT VALUES(792, 401, 0, '2015-05-08 11:45:00', '2015-05-08 12:00:00', 42, 1, None);
INSERT INTO NOTIFICATION VALUES(None, '2015-05-08 11:30:00', 'Upcoming appointment', 'Do not forget that you have appointment 792 in room 401.', 4);
INSERT INTO NOTIFICATION VALUES(None, '2015-05-08 11:30:00', 'Upcoming appointment', 'Do not forget that you have appointment 792 in room 401.', 42);
INSERT INTO INVOICE_BILL VALUES('2015-05-08 12:00:00', 950, 6, True);
INSERT INTO MEDICAL_RECORD VALUES('Medical record description 470.', '2015-05-08 12:00:00', 792, 1);
INSERT INTO APPOINTMENT VALUES(793, 137, 1, '2014-12-04 13:00:00', '2014-12-04 13:15:00', 42, 1, None);
INSERT INTO NOTIFICATION VALUES(None, '2014-12-04 12:45:00', 'Upcoming appointment', 'Do not forget that you have appointment 793 in room 137.', 5);
INSERT INTO NOTIFICATION VALUES(None, '2014-12-04 12:45:00', 'Upcoming appointment', 'Do not forget that you have appointment 793 in room 137.', 42);
INSERT INTO INVOICE_BILL VALUES('2014-12-04 13:15:00', 700, 6, False);
INSERT INTO MEDICAL_RECORD VALUES('Medical record description 886.', '2014-12-04 13:15:00', 793, 1);
INSERT INTO APPOINTMENT VALUES(794, 475, 0, '2019-03-05 14:00:00', '2019-03-05 14:15:00', 42, 2, None);
INSERT INTO NOTIFICATION VALUES(None, '2019-03-05 13:45:00', 'Upcoming appointment', 'Do not forget that you have appointment 794 in room 475.', 10);
INSERT INTO NOTIFICATION VALUES(None, '2019-03-05 13:45:00', 'Upcoming appointment', 'Do not forget that you have appointment 794 in room 475.', 42);
INSERT INTO INVOICE_BILL VALUES('2019-03-05 14:15:00', 150, 9, False);
INSERT INTO MEDICAL_RECORD VALUES('Medical record description 578.', '2019-03-05 14:15:00', 794, 2);
INSERT INTO APPOINTMENT VALUES(795, 470, 1, '2016-05-02 13:15:00', '2016-05-02 13:30:00', 42, 9, None);
INSERT INTO NOTIFICATION VALUES(None, '2016-05-02 13:00:00', 'Upcoming appointment', 'Do not forget that you have appointment 795 in room 470.', 3);
INSERT INTO NOTIFICATION VALUES(None, '2016-05-02 13:00:00', 'Upcoming appointment', 'Do not forget that you have appointment 795 in room 470.', 42);
INSERT INTO INVOICE_BILL VALUES('2016-05-02 13:30:00', 250, 10, True);
INSERT INTO MEDICAL_RECORD VALUES('Medical record description 708.', '2016-05-02 13:30:00', 795, 9);
INSERT INTO APPOINTMENT VALUES(796, 272, 0, '2018-03-13 14:30:00', '2018-03-13 14:45:00', 42, 3, None);
INSERT INTO NOTIFICATION VALUES(None, '2018-03-13 14:15:00', 'Upcoming appointment', 'Do not forget that you have appointment 796 in room 272.', 1);
INSERT INTO NOTIFICATION VALUES(None, '2018-03-13 14:15:00', 'Upcoming appointment', 'Do not forget that you have appointment 796 in room 272.', 42);
INSERT INTO INVOICE_BILL VALUES('2018-03-13 14:45:00', 200, 9, True);
INSERT INTO MEDICAL_RECORD VALUES('Medical record description 929.', '2018-03-13 14:45:00', 796, 3);
INSERT INTO APPOINTMENT VALUES(797, 434, 1, '2016-08-12 17:45:00', '2016-08-12 18:00:00', 42, 3, None);
INSERT INTO NOTIFICATION VALUES(None, '2016-08-12 17:30:00', 'Upcoming appointment', 'Do not forget that you have appointment 797 in room 434.', 5);
INSERT INTO NOTIFICATION VALUES(None, '2016-08-12 17:30:00', 'Upcoming appointment', 'Do not forget that you have appointment 797 in room 434.', 42);
INSERT INTO INVOICE_BILL VALUES('2016-08-12 18:00:00', 450, 12, False);
INSERT INTO MEDICAL_RECORD VALUES('Medical record description 403.', '2016-08-12 18:00:00', 797, 3);
INSERT INTO APPOINTMENT VALUES(798, 454, 0, '2019-06-13 15:30:00', '2019-06-13 15:45:00', 42, 7, None);
INSERT INTO NOTIFICATION VALUES(None, '2019-06-13 15:15:00', 'Upcoming appointment', 'Do not forget that you have appointment 798 in room 454.', 4);
INSERT INTO NOTIFICATION VALUES(None, '2019-06-13 15:15:00', 'Upcoming appointment', 'Do not forget that you have appointment 798 in room 454.', 42);
INSERT INTO INVOICE_BILL VALUES('2019-06-13 15:45:00', 750, 1, False);
INSERT INTO MEDICAL_RECORD VALUES('Medical record description 56.', '2019-06-13 15:45:00', 798, 7);
INSERT INTO APPOINTMENT VALUES(799, 208, 0, '2016-08-05 11:45:00', '2016-08-05 12:00:00', 42, 2, None);
INSERT INTO NOTIFICATION VALUES(None, '2016-08-05 11:30:00', 'Upcoming appointment', 'Do not forget that you have appointment 799 in room 208.', 5);
INSERT INTO NOTIFICATION VALUES(None, '2016-08-05 11:30:00', 'Upcoming appointment', 'Do not forget that you have appointment 799 in room 208.', 42);
INSERT INTO INVOICE_BILL VALUES('2016-08-05 12:00:00', 600, 10, False);
INSERT INTO MEDICAL_RECORD VALUES('Medical record description 152.', '2016-08-05 12:00:00', 799, 2);
INSERT INTO APPOINTMENT VALUES(800, 342, 1, '2018-02-27 13:15:00', '2018-02-27 13:30:00', 42, 8, None);
INSERT INTO NOTIFICATION VALUES(None, '2018-02-27 13:00:00', 'Upcoming appointment', 'Do not forget that you have appointment 800 in room 342.', 7);
INSERT INTO NOTIFICATION VALUES(None, '2018-02-27 13:00:00', 'Upcoming appointment', 'Do not forget that you have appointment 800 in room 342.', 42);
INSERT INTO INVOICE_BILL VALUES('2018-02-27 13:30:00', 200, 8, False);
INSERT INTO MEDICAL_RECORD VALUES('Medical record description 163.', '2018-02-27 13:30:00', 800, 8);
INSERT INTO APPOINTMENT VALUES(801, 320, 1, '2017-02-17 12:45:00', '2017-02-17 13:00:00', 42, 9, None);
INSERT INTO NOTIFICATION VALUES(None, '2017-02-17 12:30:00', 'Upcoming appointment', 'Do not forget that you have appointment 801 in room 320.', 9);
INSERT INTO NOTIFICATION VALUES(None, '2017-02-17 12:30:00', 'Upcoming appointment', 'Do not forget that you have appointment 801 in room 320.', 42);
INSERT INTO INVOICE_BILL VALUES('2017-02-17 13:00:00', 300, 11, False);
INSERT INTO MEDICAL_RECORD VALUES('Medical record description 787.', '2017-02-17 13:00:00', 801, 9);
INSERT INTO APPOINTMENT VALUES(802, 334, 0, '2014-06-16 10:30:00', '2014-06-16 10:45:00', 42, 9, None);
INSERT INTO NOTIFICATION VALUES(None, '2014-06-16 10:15:00', 'Upcoming appointment', 'Do not forget that you have appointment 802 in room 334.', 2);
INSERT INTO NOTIFICATION VALUES(None, '2014-06-16 10:15:00', 'Upcoming appointment', 'Do not forget that you have appointment 802 in room 334.', 42);
INSERT INTO INVOICE_BILL VALUES('2014-06-16 10:45:00', 450, 8, True);
INSERT INTO MEDICAL_RECORD VALUES('Medical record description 910.', '2014-06-16 10:45:00', 802, 9);
INSERT INTO APPOINTMENT VALUES(803, 259, 0, '2012-06-18 14:15:00', '2012-06-18 14:30:00', 42, 1, None);
INSERT INTO NOTIFICATION VALUES(None, '2012-06-18 14:00:00', 'Upcoming appointment', 'Do not forget that you have appointment 803 in room 259.', 9);
INSERT INTO NOTIFICATION VALUES(None, '2012-06-18 14:00:00', 'Upcoming appointment', 'Do not forget that you have appointment 803 in room 259.', 42);
INSERT INTO INVOICE_BILL VALUES('2012-06-18 14:30:00', 350, 11, True);
INSERT INTO MEDICAL_RECORD VALUES('Medical record description 483.', '2012-06-18 14:30:00', 803, 1);
INSERT INTO APPOINTMENT VALUES(804, 411, 0, '2018-03-22 16:15:00', '2018-03-22 16:30:00', 42, 8, None);
INSERT INTO NOTIFICATION VALUES(None, '2018-03-22 16:00:00', 'Upcoming appointment', 'Do not forget that you have appointment 804 in room 411.', 9);
INSERT INTO NOTIFICATION VALUES(None, '2018-03-22 16:00:00', 'Upcoming appointment', 'Do not forget that you have appointment 804 in room 411.', 42);
INSERT INTO INVOICE_BILL VALUES('2018-03-22 16:30:00', 50, 11, False);
INSERT INTO MEDICAL_RECORD VALUES('Medical record description 918.', '2018-03-22 16:30:00', 804, 8);
INSERT INTO APPOINTMENT VALUES(805, 315, 0, '2019-01-09 16:15:00', '2019-01-09 16:30:00', 42, 5, None);
INSERT INTO NOTIFICATION VALUES(None, '2019-01-09 16:00:00', 'Upcoming appointment', 'Do not forget that you have appointment 805 in room 315.', 8);
INSERT INTO NOTIFICATION VALUES(None, '2019-01-09 16:00:00', 'Upcoming appointment', 'Do not forget that you have appointment 805 in room 315.', 42);
INSERT INTO INVOICE_BILL VALUES('2019-01-09 16:30:00', 900, 11, True);
INSERT INTO MEDICAL_RECORD VALUES('Medical record description 927.', '2019-01-09 16:30:00', 805, 5);
INSERT INTO APPOINTMENT VALUES(806, 446, 1, '2015-06-05 12:30:00', '2015-06-05 12:45:00', 42, 9, None);
INSERT INTO NOTIFICATION VALUES(None, '2015-06-05 12:15:00', 'Upcoming appointment', 'Do not forget that you have appointment 806 in room 446.', 7);
INSERT INTO NOTIFICATION VALUES(None, '2015-06-05 12:15:00', 'Upcoming appointment', 'Do not forget that you have appointment 806 in room 446.', 42);
INSERT INTO INVOICE_BILL VALUES('2015-06-05 12:45:00', 1000, 8, True);
INSERT INTO MEDICAL_RECORD VALUES('Medical record description 551.', '2015-06-05 12:45:00', 806, 9);
INSERT INTO APPOINTMENT VALUES(807, 166, 1, '2018-07-04 10:00:00', '2018-07-04 10:15:00', 42, 3, None);
INSERT INTO NOTIFICATION VALUES(None, '2018-07-04 09:45:00', 'Upcoming appointment', 'Do not forget that you have appointment 807 in room 166.', 1);
INSERT INTO NOTIFICATION VALUES(None, '2018-07-04 09:45:00', 'Upcoming appointment', 'Do not forget that you have appointment 807 in room 166.', 42);
INSERT INTO INVOICE_BILL VALUES('2018-07-04 10:15:00', 800, 11, True);
INSERT INTO MEDICAL_RECORD VALUES('Medical record description 492.', '2018-07-04 10:15:00', 807, 3);
INSERT INTO APPOINTMENT VALUES(808, 283, 0, '2019-07-03 10:15:00', '2019-07-03 10:30:00', 42, 1, None);
INSERT INTO NOTIFICATION VALUES(None, '2019-07-03 10:00:00', 'Upcoming appointment', 'Do not forget that you have appointment 808 in room 283.', 1);
INSERT INTO NOTIFICATION VALUES(None, '2019-07-03 10:00:00', 'Upcoming appointment', 'Do not forget that you have appointment 808 in room 283.', 42);
INSERT INTO INVOICE_BILL VALUES('2019-07-03 10:30:00', 600, 1, True);
INSERT INTO MEDICAL_RECORD VALUES('Medical record description 268.', '2019-07-03 10:30:00', 808, 1);
INSERT INTO APPOINTMENT VALUES(809, 135, 0, '2014-12-31 12:45:00', '2014-12-31 13:00:00', 42, 3, None);
INSERT INTO NOTIFICATION VALUES(None, '2014-12-31 12:30:00', 'Upcoming appointment', 'Do not forget that you have appointment 809 in room 135.', 5);
INSERT INTO NOTIFICATION VALUES(None, '2014-12-31 12:30:00', 'Upcoming appointment', 'Do not forget that you have appointment 809 in room 135.', 42);
INSERT INTO INVOICE_BILL VALUES('2014-12-31 13:00:00', 300, 3, True);
INSERT INTO MEDICAL_RECORD VALUES('Medical record description 12.', '2014-12-31 13:00:00', 809, 3);
INSERT INTO APPOINTMENT VALUES(810, 396, 0, '2017-09-19 17:15:00', '2017-09-19 17:30:00', 42, 8, None);
INSERT INTO NOTIFICATION VALUES(None, '2017-09-19 17:00:00', 'Upcoming appointment', 'Do not forget that you have appointment 810 in room 396.', 4);
INSERT INTO NOTIFICATION VALUES(None, '2017-09-19 17:00:00', 'Upcoming appointment', 'Do not forget that you have appointment 810 in room 396.', 42);
INSERT INTO INVOICE_BILL VALUES('2017-09-19 17:30:00', 500, 6, False);
INSERT INTO MEDICAL_RECORD VALUES('Medical record description 621.', '2017-09-19 17:30:00', 810, 8);
INSERT INTO APPOINTMENT VALUES(811, 249, 1, '2018-03-29 15:15:00', '2018-03-29 15:30:00', 42, 6, None);
INSERT INTO NOTIFICATION VALUES(None, '2018-03-29 15:00:00', 'Upcoming appointment', 'Do not forget that you have appointment 811 in room 249.', 6);
INSERT INTO NOTIFICATION VALUES(None, '2018-03-29 15:00:00', 'Upcoming appointment', 'Do not forget that you have appointment 811 in room 249.', 42);
INSERT INTO INVOICE_BILL VALUES('2018-03-29 15:30:00', 900, 12, False);
INSERT INTO MEDICAL_RECORD VALUES('Medical record description 457.', '2018-03-29 15:30:00', 811, 6);
INSERT INTO APPOINTMENT VALUES(812, 353, 1, '2018-11-13 16:30:00', '2018-11-13 16:45:00', 42, 4, None);
INSERT INTO NOTIFICATION VALUES(None, '2018-11-13 16:15:00', 'Upcoming appointment', 'Do not forget that you have appointment 812 in room 353.', 1);
INSERT INTO NOTIFICATION VALUES(None, '2018-11-13 16:15:00', 'Upcoming appointment', 'Do not forget that you have appointment 812 in room 353.', 42);
INSERT INTO INVOICE_BILL VALUES('2018-11-13 16:45:00', 1000, 4, False);
INSERT INTO MEDICAL_RECORD VALUES('Medical record description 620.', '2018-11-13 16:45:00', 812, 4);
INSERT INTO APPOINTMENT VALUES(813, 219, 1, '2014-10-30 13:15:00', '2014-10-30 13:30:00', 42, 3, None);
INSERT INTO NOTIFICATION VALUES(None, '2014-10-30 13:00:00', 'Upcoming appointment', 'Do not forget that you have appointment 813 in room 219.', 2);
INSERT INTO NOTIFICATION VALUES(None, '2014-10-30 13:00:00', 'Upcoming appointment', 'Do not forget that you have appointment 813 in room 219.', 42);
INSERT INTO INVOICE_BILL VALUES('2014-10-30 13:30:00', 450, 11, True);
INSERT INTO MEDICAL_RECORD VALUES('Medical record description 163.', '2014-10-30 13:30:00', 813, 3);
INSERT INTO APPOINTMENT VALUES(814, 215, 1, '2017-04-21 15:15:00', '2017-04-21 15:30:00', 42, 6, None);
INSERT INTO NOTIFICATION VALUES(None, '2017-04-21 15:00:00', 'Upcoming appointment', 'Do not forget that you have appointment 814 in room 215.', 3);
INSERT INTO NOTIFICATION VALUES(None, '2017-04-21 15:00:00', 'Upcoming appointment', 'Do not forget that you have appointment 814 in room 215.', 42);
INSERT INTO INVOICE_BILL VALUES('2017-04-21 15:30:00', 900, 6, False);
INSERT INTO MEDICAL_RECORD VALUES('Medical record description 314.', '2017-04-21 15:30:00', 814, 6);
INSERT INTO APPOINTMENT VALUES(815, 372, 0, '2018-11-26 12:00:00', '2018-11-26 12:15:00', 42, 10, None);
INSERT INTO NOTIFICATION VALUES(None, '2018-11-26 11:45:00', 'Upcoming appointment', 'Do not forget that you have appointment 815 in room 372.', 8);
INSERT INTO NOTIFICATION VALUES(None, '2018-11-26 11:45:00', 'Upcoming appointment', 'Do not forget that you have appointment 815 in room 372.', 42);
INSERT INTO INVOICE_BILL VALUES('2018-11-26 12:15:00', 1000, 5, False);
INSERT INTO MEDICAL_RECORD VALUES('Medical record description 509.', '2018-11-26 12:15:00', 815, 10);
INSERT INTO APPOINTMENT VALUES(816, 401, 1, '2016-02-11 10:45:00', '2016-02-11 11:00:00', 43, 6, None);
INSERT INTO NOTIFICATION VALUES(None, '2016-02-11 10:30:00', 'Upcoming appointment', 'Do not forget that you have appointment 816 in room 401.', 3);
INSERT INTO NOTIFICATION VALUES(None, '2016-02-11 10:30:00', 'Upcoming appointment', 'Do not forget that you have appointment 816 in room 401.', 43);
INSERT INTO INVOICE_BILL VALUES('2016-02-11 11:00:00', 600, 4, False);
INSERT INTO MEDICAL_RECORD VALUES('Medical record description 133.', '2016-02-11 11:00:00', 816, 6);
INSERT INTO APPOINTMENT VALUES(817, 155, 1, '2017-09-27 12:00:00', '2017-09-27 12:15:00', 43, 6, None);
INSERT INTO NOTIFICATION VALUES(None, '2017-09-27 11:45:00', 'Upcoming appointment', 'Do not forget that you have appointment 817 in room 155.', 4);
INSERT INTO NOTIFICATION VALUES(None, '2017-09-27 11:45:00', 'Upcoming appointment', 'Do not forget that you have appointment 817 in room 155.', 43);
INSERT INTO INVOICE_BILL VALUES('2017-09-27 12:15:00', 950, 8, True);
INSERT INTO MEDICAL_RECORD VALUES('Medical record description 443.', '2017-09-27 12:15:00', 817, 6);
INSERT INTO APPOINTMENT VALUES(818, 439, 0, '2019-01-16 13:45:00', '2019-01-16 14:00:00', 43, 6, None);
INSERT INTO NOTIFICATION VALUES(None, '2019-01-16 13:30:00', 'Upcoming appointment', 'Do not forget that you have appointment 818 in room 439.', 5);
INSERT INTO NOTIFICATION VALUES(None, '2019-01-16 13:30:00', 'Upcoming appointment', 'Do not forget that you have appointment 818 in room 439.', 43);
INSERT INTO INVOICE_BILL VALUES('2019-01-16 14:00:00', 800, 15, False);
INSERT INTO MEDICAL_RECORD VALUES('Medical record description 558.', '2019-01-16 14:00:00', 818, 6);
INSERT INTO APPOINTMENT VALUES(819, 219, 0, '2017-09-27 14:45:00', '2017-09-27 15:00:00', 43, 5, None);
INSERT INTO NOTIFICATION VALUES(None, '2017-09-27 14:30:00', 'Upcoming appointment', 'Do not forget that you have appointment 819 in room 219.', 1);
INSERT INTO NOTIFICATION VALUES(None, '2017-09-27 14:30:00', 'Upcoming appointment', 'Do not forget that you have appointment 819 in room 219.', 43);
INSERT INTO INVOICE_BILL VALUES('2017-09-27 15:00:00', 800, 1, True);
INSERT INTO MEDICAL_RECORD VALUES('Medical record description 487.', '2017-09-27 15:00:00', 819, 5);
INSERT INTO APPOINTMENT VALUES(820, 204, 1, '2015-11-12 12:15:00', '2015-11-12 12:30:00', 43, 3, None);
INSERT INTO NOTIFICATION VALUES(None, '2015-11-12 12:00:00', 'Upcoming appointment', 'Do not forget that you have appointment 820 in room 204.', 2);
INSERT INTO NOTIFICATION VALUES(None, '2015-11-12 12:00:00', 'Upcoming appointment', 'Do not forget that you have appointment 820 in room 204.', 43);
INSERT INTO INVOICE_BILL VALUES('2015-11-12 12:30:00', 800, 2, False);
INSERT INTO MEDICAL_RECORD VALUES('Medical record description 133.', '2015-11-12 12:30:00', 820, 3);
INSERT INTO APPOINTMENT VALUES(821, 483, 1, '2017-11-22 17:15:00', '2017-11-22 17:30:00', 43, 7, None);
INSERT INTO NOTIFICATION VALUES(None, '2017-11-22 17:00:00', 'Upcoming appointment', 'Do not forget that you have appointment 821 in room 483.', 4);
INSERT INTO NOTIFICATION VALUES(None, '2017-11-22 17:00:00', 'Upcoming appointment', 'Do not forget that you have appointment 821 in room 483.', 43);
INSERT INTO INVOICE_BILL VALUES('2017-11-22 17:30:00', 800, 15, False);
INSERT INTO MEDICAL_RECORD VALUES('Medical record description 731.', '2017-11-22 17:30:00', 821, 7);
INSERT INTO APPOINTMENT VALUES(822, 143, 0, '2017-02-14 12:45:00', '2017-02-14 13:00:00', 43, 1, None);
INSERT INTO NOTIFICATION VALUES(None, '2017-02-14 12:30:00', 'Upcoming appointment', 'Do not forget that you have appointment 822 in room 143.', 4);
INSERT INTO NOTIFICATION VALUES(None, '2017-02-14 12:30:00', 'Upcoming appointment', 'Do not forget that you have appointment 822 in room 143.', 43);
INSERT INTO INVOICE_BILL VALUES('2017-02-14 13:00:00', 850, 7, False);
INSERT INTO MEDICAL_RECORD VALUES('Medical record description 144.', '2017-02-14 13:00:00', 822, 1);
INSERT INTO APPOINTMENT VALUES(823, 247, 0, '2017-10-11 13:00:00', '2017-10-11 13:15:00', 43, 5, None);
INSERT INTO NOTIFICATION VALUES(None, '2017-10-11 12:45:00', 'Upcoming appointment', 'Do not forget that you have appointment 823 in room 247.', 7);
INSERT INTO NOTIFICATION VALUES(None, '2017-10-11 12:45:00', 'Upcoming appointment', 'Do not forget that you have appointment 823 in room 247.', 43);
INSERT INTO INVOICE_BILL VALUES('2017-10-11 13:15:00', 150, 13, False);
INSERT INTO MEDICAL_RECORD VALUES('Medical record description 846.', '2017-10-11 13:15:00', 823, 5);
INSERT INTO APPOINTMENT VALUES(824, 311, 1, '2019-07-22 12:45:00', '2019-07-22 13:00:00', 43, 5, None);
INSERT INTO NOTIFICATION VALUES(None, '2019-07-22 12:30:00', 'Upcoming appointment', 'Do not forget that you have appointment 824 in room 311.', 1);
INSERT INTO NOTIFICATION VALUES(None, '2019-07-22 12:30:00', 'Upcoming appointment', 'Do not forget that you have appointment 824 in room 311.', 43);
INSERT INTO INVOICE_BILL VALUES('2019-07-22 13:00:00', 600, 7, True);
INSERT INTO MEDICAL_RECORD VALUES('Medical record description 999.', '2019-07-22 13:00:00', 824, 5);
INSERT INTO APPOINTMENT VALUES(825, 277, 1, '2017-08-07 17:15:00', '2017-08-07 17:30:00', 43, 4, None);
INSERT INTO NOTIFICATION VALUES(None, '2017-08-07 17:00:00', 'Upcoming appointment', 'Do not forget that you have appointment 825 in room 277.', 2);
INSERT INTO NOTIFICATION VALUES(None, '2017-08-07 17:00:00', 'Upcoming appointment', 'Do not forget that you have appointment 825 in room 277.', 43);
INSERT INTO INVOICE_BILL VALUES('2017-08-07 17:30:00', 650, 4, True);
INSERT INTO MEDICAL_RECORD VALUES('Medical record description 520.', '2017-08-07 17:30:00', 825, 4);
INSERT INTO APPOINTMENT VALUES(826, 215, 1, '2019-11-08 14:45:00', '2019-11-08 15:00:00', 43, 4, None);
INSERT INTO NOTIFICATION VALUES(None, '2019-11-08 14:30:00', 'Upcoming appointment', 'Do not forget that you have appointment 826 in room 215.', 4);
INSERT INTO NOTIFICATION VALUES(None, '2019-11-08 14:30:00', 'Upcoming appointment', 'Do not forget that you have appointment 826 in room 215.', 43);
INSERT INTO INVOICE_BILL VALUES('2019-11-08 15:00:00', 850, 3, False);
INSERT INTO MEDICAL_RECORD VALUES('Medical record description 506.', '2019-11-08 15:00:00', 826, 4);
INSERT INTO APPOINTMENT VALUES(827, 381, 0, '2018-02-22 16:00:00', '2018-02-22 16:15:00', 43, 8, None);
INSERT INTO NOTIFICATION VALUES(None, '2018-02-22 15:45:00', 'Upcoming appointment', 'Do not forget that you have appointment 827 in room 381.', 2);
INSERT INTO NOTIFICATION VALUES(None, '2018-02-22 15:45:00', 'Upcoming appointment', 'Do not forget that you have appointment 827 in room 381.', 43);
INSERT INTO INVOICE_BILL VALUES('2018-02-22 16:15:00', 150, 13, True);
INSERT INTO MEDICAL_RECORD VALUES('Medical record description 104.', '2018-02-22 16:15:00', 827, 8);
INSERT INTO APPOINTMENT VALUES(828, 189, 1, '2017-01-02 13:30:00', '2017-01-02 13:45:00', 43, 9, None);
INSERT INTO NOTIFICATION VALUES(None, '2017-01-02 13:15:00', 'Upcoming appointment', 'Do not forget that you have appointment 828 in room 189.', 2);
INSERT INTO NOTIFICATION VALUES(None, '2017-01-02 13:15:00', 'Upcoming appointment', 'Do not forget that you have appointment 828 in room 189.', 43);
INSERT INTO INVOICE_BILL VALUES('2017-01-02 13:45:00', 600, 4, True);
INSERT INTO MEDICAL_RECORD VALUES('Medical record description 59.', '2017-01-02 13:45:00', 828, 9);
INSERT INTO APPOINTMENT VALUES(829, 263, 1, '2017-05-22 15:30:00', '2017-05-22 15:45:00', 43, 4, None);
INSERT INTO NOTIFICATION VALUES(None, '2017-05-22 15:15:00', 'Upcoming appointment', 'Do not forget that you have appointment 829 in room 263.', 8);
INSERT INTO NOTIFICATION VALUES(None, '2017-05-22 15:15:00', 'Upcoming appointment', 'Do not forget that you have appointment 829 in room 263.', 43);
INSERT INTO INVOICE_BILL VALUES('2017-05-22 15:45:00', 150, 6, False);
INSERT INTO MEDICAL_RECORD VALUES('Medical record description 533.', '2017-05-22 15:45:00', 829, 4);
INSERT INTO APPOINTMENT VALUES(830, 318, 0, '2018-03-13 14:30:00', '2018-03-13 14:45:00', 43, 9, None);
INSERT INTO NOTIFICATION VALUES(None, '2018-03-13 14:15:00', 'Upcoming appointment', 'Do not forget that you have appointment 830 in room 318.', 6);
INSERT INTO NOTIFICATION VALUES(None, '2018-03-13 14:15:00', 'Upcoming appointment', 'Do not forget that you have appointment 830 in room 318.', 43);
INSERT INTO INVOICE_BILL VALUES('2018-03-13 14:45:00', 100, 15, True);
INSERT INTO MEDICAL_RECORD VALUES('Medical record description 302.', '2018-03-13 14:45:00', 830, 9);
INSERT INTO APPOINTMENT VALUES(831, 307, 0, '2019-08-07 11:45:00', '2019-08-07 12:00:00', 43, 6, None);
INSERT INTO NOTIFICATION VALUES(None, '2019-08-07 11:30:00', 'Upcoming appointment', 'Do not forget that you have appointment 831 in room 307.', 8);
INSERT INTO NOTIFICATION VALUES(None, '2019-08-07 11:30:00', 'Upcoming appointment', 'Do not forget that you have appointment 831 in room 307.', 43);
INSERT INTO INVOICE_BILL VALUES('2019-08-07 12:00:00', 700, 8, True);
INSERT INTO MEDICAL_RECORD VALUES('Medical record description 66.', '2019-08-07 12:00:00', 831, 6);
INSERT INTO APPOINTMENT VALUES(832, 301, 1, '2018-03-20 15:45:00', '2018-03-20 16:00:00', 43, 3, None);
INSERT INTO NOTIFICATION VALUES(None, '2018-03-20 15:30:00', 'Upcoming appointment', 'Do not forget that you have appointment 832 in room 301.', 7);
INSERT INTO NOTIFICATION VALUES(None, '2018-03-20 15:30:00', 'Upcoming appointment', 'Do not forget that you have appointment 832 in room 301.', 43);
INSERT INTO INVOICE_BILL VALUES('2018-03-20 16:00:00', 900, 10, True);
INSERT INTO MEDICAL_RECORD VALUES('Medical record description 226.', '2018-03-20 16:00:00', 832, 3);
INSERT INTO APPOINTMENT VALUES(833, 280, 1, '2019-04-30 16:30:00', '2019-04-30 16:45:00', 43, 1, None);
INSERT INTO NOTIFICATION VALUES(None, '2019-04-30 16:15:00', 'Upcoming appointment', 'Do not forget that you have appointment 833 in room 280.', 5);
INSERT INTO NOTIFICATION VALUES(None, '2019-04-30 16:15:00', 'Upcoming appointment', 'Do not forget that you have appointment 833 in room 280.', 43);
INSERT INTO INVOICE_BILL VALUES('2019-04-30 16:45:00', 650, 6, False);
INSERT INTO MEDICAL_RECORD VALUES('Medical record description 614.', '2019-04-30 16:45:00', 833, 1);
INSERT INTO APPOINTMENT VALUES(834, 277, 1, '2018-03-29 15:00:00', '2018-03-29 15:15:00', 44, 9, None);
INSERT INTO NOTIFICATION VALUES(None, '2018-03-29 14:45:00', 'Upcoming appointment', 'Do not forget that you have appointment 834 in room 277.', 8);
INSERT INTO NOTIFICATION VALUES(None, '2018-03-29 14:45:00', 'Upcoming appointment', 'Do not forget that you have appointment 834 in room 277.', 44);
INSERT INTO INVOICE_BILL VALUES('2018-03-29 15:15:00', 350, 5, True);
INSERT INTO MEDICAL_RECORD VALUES('Medical record description 451.', '2018-03-29 15:15:00', 834, 9);
INSERT INTO APPOINTMENT VALUES(835, 132, 0, '2014-05-12 10:15:00', '2014-05-12 10:30:00', 44, 1, None);
INSERT INTO NOTIFICATION VALUES(None, '2014-05-12 10:00:00', 'Upcoming appointment', 'Do not forget that you have appointment 835 in room 132.', 10);
INSERT INTO NOTIFICATION VALUES(None, '2014-05-12 10:00:00', 'Upcoming appointment', 'Do not forget that you have appointment 835 in room 132.', 44);
INSERT INTO INVOICE_BILL VALUES('2014-05-12 10:30:00', 750, 12, True);
INSERT INTO MEDICAL_RECORD VALUES('Medical record description 533.', '2014-05-12 10:30:00', 835, 1);
INSERT INTO APPOINTMENT VALUES(836, 391, 1, '2019-01-23 11:00:00', '2019-01-23 11:15:00', 44, 5, None);
INSERT INTO NOTIFICATION VALUES(None, '2019-01-23 10:45:00', 'Upcoming appointment', 'Do not forget that you have appointment 836 in room 391.', 1);
INSERT INTO NOTIFICATION VALUES(None, '2019-01-23 10:45:00', 'Upcoming appointment', 'Do not forget that you have appointment 836 in room 391.', 44);
INSERT INTO INVOICE_BILL VALUES('2019-01-23 11:15:00', 400, 6, False);
INSERT INTO MEDICAL_RECORD VALUES('Medical record description 795.', '2019-01-23 11:15:00', 836, 5);
INSERT INTO APPOINTMENT VALUES(837, 424, 1, '2017-09-14 14:45:00', '2017-09-14 15:00:00', 44, 9, None);
INSERT INTO NOTIFICATION VALUES(None, '2017-09-14 14:30:00', 'Upcoming appointment', 'Do not forget that you have appointment 837 in room 424.', 2);
INSERT INTO NOTIFICATION VALUES(None, '2017-09-14 14:30:00', 'Upcoming appointment', 'Do not forget that you have appointment 837 in room 424.', 44);
INSERT INTO INVOICE_BILL VALUES('2017-09-14 15:00:00', 450, 1, True);
INSERT INTO MEDICAL_RECORD VALUES('Medical record description 793.', '2017-09-14 15:00:00', 837, 9);
INSERT INTO APPOINTMENT VALUES(838, 325, 0, '2014-07-25 12:45:00', '2014-07-25 13:00:00', 44, 9, None);
INSERT INTO NOTIFICATION VALUES(None, '2014-07-25 12:30:00', 'Upcoming appointment', 'Do not forget that you have appointment 838 in room 325.', 7);
INSERT INTO NOTIFICATION VALUES(None, '2014-07-25 12:30:00', 'Upcoming appointment', 'Do not forget that you have appointment 838 in room 325.', 44);
INSERT INTO INVOICE_BILL VALUES('2014-07-25 13:00:00', 350, 10, True);
INSERT INTO MEDICAL_RECORD VALUES('Medical record description 136.', '2014-07-25 13:00:00', 838, 9);
INSERT INTO APPOINTMENT VALUES(839, 298, 1, '2018-11-28 16:00:00', '2018-11-28 16:15:00', 44, 1, None);
INSERT INTO NOTIFICATION VALUES(None, '2018-11-28 15:45:00', 'Upcoming appointment', 'Do not forget that you have appointment 839 in room 298.', 10);
INSERT INTO NOTIFICATION VALUES(None, '2018-11-28 15:45:00', 'Upcoming appointment', 'Do not forget that you have appointment 839 in room 298.', 44);
INSERT INTO INVOICE_BILL VALUES('2018-11-28 16:15:00', 350, 3, True);
INSERT INTO MEDICAL_RECORD VALUES('Medical record description 5.', '2018-11-28 16:15:00', 839, 1);
INSERT INTO APPOINTMENT VALUES(840, 153, 1, '2016-02-15 17:30:00', '2016-02-15 17:45:00', 44, 4, None);
INSERT INTO NOTIFICATION VALUES(None, '2016-02-15 17:15:00', 'Upcoming appointment', 'Do not forget that you have appointment 840 in room 153.', 4);
INSERT INTO NOTIFICATION VALUES(None, '2016-02-15 17:15:00', 'Upcoming appointment', 'Do not forget that you have appointment 840 in room 153.', 44);
INSERT INTO INVOICE_BILL VALUES('2016-02-15 17:45:00', 700, 15, True);
INSERT INTO MEDICAL_RECORD VALUES('Medical record description 837.', '2016-02-15 17:45:00', 840, 4);
INSERT INTO APPOINTMENT VALUES(841, 254, 1, '2019-01-11 12:00:00', '2019-01-11 12:15:00', 45, 6, None);
INSERT INTO NOTIFICATION VALUES(None, '2019-01-11 11:45:00', 'Upcoming appointment', 'Do not forget that you have appointment 841 in room 254.', 9);
INSERT INTO NOTIFICATION VALUES(None, '2019-01-11 11:45:00', 'Upcoming appointment', 'Do not forget that you have appointment 841 in room 254.', 45);
INSERT INTO INVOICE_BILL VALUES('2019-01-11 12:15:00', 850, 1, True);
INSERT INTO MEDICAL_RECORD VALUES('Medical record description 990.', '2019-01-11 12:15:00', 841, 6);
INSERT INTO APPOINTMENT VALUES(842, 341, 0, '2019-10-01 10:30:00', '2019-10-01 10:45:00', 45, 7, None);
INSERT INTO NOTIFICATION VALUES(None, '2019-10-01 10:15:00', 'Upcoming appointment', 'Do not forget that you have appointment 842 in room 341.', 9);
INSERT INTO NOTIFICATION VALUES(None, '2019-10-01 10:15:00', 'Upcoming appointment', 'Do not forget that you have appointment 842 in room 341.', 45);
INSERT INTO INVOICE_BILL VALUES('2019-10-01 10:45:00', 250, 5, False);
INSERT INTO MEDICAL_RECORD VALUES('Medical record description 593.', '2019-10-01 10:45:00', 842, 7);
INSERT INTO APPOINTMENT VALUES(843, 161, 0, '2016-07-27 14:45:00', '2016-07-27 15:00:00', 45, 9, None);
INSERT INTO NOTIFICATION VALUES(None, '2016-07-27 14:30:00', 'Upcoming appointment', 'Do not forget that you have appointment 843 in room 161.', 3);
INSERT INTO NOTIFICATION VALUES(None, '2016-07-27 14:30:00', 'Upcoming appointment', 'Do not forget that you have appointment 843 in room 161.', 45);
INSERT INTO INVOICE_BILL VALUES('2016-07-27 15:00:00', 550, 15, True);
INSERT INTO MEDICAL_RECORD VALUES('Medical record description 718.', '2016-07-27 15:00:00', 843, 9);
INSERT INTO APPOINTMENT VALUES(844, 139, 1, '2016-07-06 17:30:00', '2016-07-06 17:45:00', 45, 6, None);
INSERT INTO NOTIFICATION VALUES(None, '2016-07-06 17:15:00', 'Upcoming appointment', 'Do not forget that you have appointment 844 in room 139.', 5);
INSERT INTO NOTIFICATION VALUES(None, '2016-07-06 17:15:00', 'Upcoming appointment', 'Do not forget that you have appointment 844 in room 139.', 45);
INSERT INTO INVOICE_BILL VALUES('2016-07-06 17:45:00', 550, 1, False);
INSERT INTO MEDICAL_RECORD VALUES('Medical record description 868.', '2016-07-06 17:45:00', 844, 6);
INSERT INTO APPOINTMENT VALUES(845, 375, 1, '2018-05-02 14:30:00', '2018-05-02 14:45:00', 45, 10, None);
INSERT INTO NOTIFICATION VALUES(None, '2018-05-02 14:15:00', 'Upcoming appointment', 'Do not forget that you have appointment 845 in room 375.', 7);
INSERT INTO NOTIFICATION VALUES(None, '2018-05-02 14:15:00', 'Upcoming appointment', 'Do not forget that you have appointment 845 in room 375.', 45);
INSERT INTO INVOICE_BILL VALUES('2018-05-02 14:45:00', 950, 15, True);
INSERT INTO MEDICAL_RECORD VALUES('Medical record description 286.', '2018-05-02 14:45:00', 845, 10);
INSERT INTO APPOINTMENT VALUES(846, 500, 1, '2017-08-29 15:45:00', '2017-08-29 16:00:00', 45, 3, None);
INSERT INTO NOTIFICATION VALUES(None, '2017-08-29 15:30:00', 'Upcoming appointment', 'Do not forget that you have appointment 846 in room 500.', 3);
INSERT INTO NOTIFICATION VALUES(None, '2017-08-29 15:30:00', 'Upcoming appointment', 'Do not forget that you have appointment 846 in room 500.', 45);
INSERT INTO INVOICE_BILL VALUES('2017-08-29 16:00:00', 100, 8, True);
INSERT INTO MEDICAL_RECORD VALUES('Medical record description 278.', '2017-08-29 16:00:00', 846, 3);
INSERT INTO APPOINTMENT VALUES(847, 153, 0, '2017-08-11 13:45:00', '2017-08-11 14:00:00', 45, 1, None);
INSERT INTO NOTIFICATION VALUES(None, '2017-08-11 13:30:00', 'Upcoming appointment', 'Do not forget that you have appointment 847 in room 153.', 4);
INSERT INTO NOTIFICATION VALUES(None, '2017-08-11 13:30:00', 'Upcoming appointment', 'Do not forget that you have appointment 847 in room 153.', 45);
INSERT INTO INVOICE_BILL VALUES('2017-08-11 14:00:00', 300, 8, True);
INSERT INTO MEDICAL_RECORD VALUES('Medical record description 294.', '2017-08-11 14:00:00', 847, 1);
INSERT INTO APPOINTMENT VALUES(848, 494, 0, '2016-11-24 15:00:00', '2016-11-24 15:15:00', 45, 1, None);
INSERT INTO NOTIFICATION VALUES(None, '2016-11-24 14:45:00', 'Upcoming appointment', 'Do not forget that you have appointment 848 in room 494.', 10);
INSERT INTO NOTIFICATION VALUES(None, '2016-11-24 14:45:00', 'Upcoming appointment', 'Do not forget that you have appointment 848 in room 494.', 45);
INSERT INTO INVOICE_BILL VALUES('2016-11-24 15:15:00', 400, 4, True);
INSERT INTO MEDICAL_RECORD VALUES('Medical record description 778.', '2016-11-24 15:15:00', 848, 1);
INSERT INTO APPOINTMENT VALUES(849, 301, 0, '2017-11-22 10:00:00', '2017-11-22 10:15:00', 45, 4, None);
INSERT INTO NOTIFICATION VALUES(None, '2017-11-22 09:45:00', 'Upcoming appointment', 'Do not forget that you have appointment 849 in room 301.', 2);
INSERT INTO NOTIFICATION VALUES(None, '2017-11-22 09:45:00', 'Upcoming appointment', 'Do not forget that you have appointment 849 in room 301.', 45);
INSERT INTO INVOICE_BILL VALUES('2017-11-22 10:15:00', 100, 7, True);
INSERT INTO MEDICAL_RECORD VALUES('Medical record description 243.', '2017-11-22 10:15:00', 849, 4);
INSERT INTO APPOINTMENT VALUES(850, 164, 0, '2012-11-09 15:00:00', '2012-11-09 15:15:00', 45, 1, None);
INSERT INTO NOTIFICATION VALUES(None, '2012-11-09 14:45:00', 'Upcoming appointment', 'Do not forget that you have appointment 850 in room 164.', 9);
INSERT INTO NOTIFICATION VALUES(None, '2012-11-09 14:45:00', 'Upcoming appointment', 'Do not forget that you have appointment 850 in room 164.', 45);
INSERT INTO INVOICE_BILL VALUES('2012-11-09 15:15:00', 450, 13, True);
INSERT INTO MEDICAL_RECORD VALUES('Medical record description 905.', '2012-11-09 15:15:00', 850, 1);
INSERT INTO APPOINTMENT VALUES(851, 198, 1, '2016-06-29 17:30:00', '2016-06-29 17:45:00', 45, 3, None);
INSERT INTO NOTIFICATION VALUES(None, '2016-06-29 17:15:00', 'Upcoming appointment', 'Do not forget that you have appointment 851 in room 198.', 6);
INSERT INTO NOTIFICATION VALUES(None, '2016-06-29 17:15:00', 'Upcoming appointment', 'Do not forget that you have appointment 851 in room 198.', 45);
INSERT INTO INVOICE_BILL VALUES('2016-06-29 17:45:00', 500, 4, False);
INSERT INTO MEDICAL_RECORD VALUES('Medical record description 463.', '2016-06-29 17:45:00', 851, 3);
INSERT INTO APPOINTMENT VALUES(852, 299, 1, '2011-03-03 11:30:00', '2011-03-03 11:45:00', 45, 3, None);
INSERT INTO NOTIFICATION VALUES(None, '2011-03-03 11:15:00', 'Upcoming appointment', 'Do not forget that you have appointment 852 in room 299.', 7);
INSERT INTO NOTIFICATION VALUES(None, '2011-03-03 11:15:00', 'Upcoming appointment', 'Do not forget that you have appointment 852 in room 299.', 45);
INSERT INTO INVOICE_BILL VALUES('2011-03-03 11:45:00', 200, 14, False);
INSERT INTO MEDICAL_RECORD VALUES('Medical record description 923.', '2011-03-03 11:45:00', 852, 3);
INSERT INTO APPOINTMENT VALUES(853, 375, 0, '2016-05-23 17:15:00', '2016-05-23 17:30:00', 45, 1, None);
INSERT INTO NOTIFICATION VALUES(None, '2016-05-23 17:00:00', 'Upcoming appointment', 'Do not forget that you have appointment 853 in room 375.', 2);
INSERT INTO NOTIFICATION VALUES(None, '2016-05-23 17:00:00', 'Upcoming appointment', 'Do not forget that you have appointment 853 in room 375.', 45);
INSERT INTO INVOICE_BILL VALUES('2016-05-23 17:30:00', 400, 9, False);
INSERT INTO MEDICAL_RECORD VALUES('Medical record description 551.', '2016-05-23 17:30:00', 853, 1);
INSERT INTO APPOINTMENT VALUES(854, 284, 0, '2019-10-11 14:15:00', '2019-10-11 14:30:00', 45, 7, None);
INSERT INTO NOTIFICATION VALUES(None, '2019-10-11 14:00:00', 'Upcoming appointment', 'Do not forget that you have appointment 854 in room 284.', 6);
INSERT INTO NOTIFICATION VALUES(None, '2019-10-11 14:00:00', 'Upcoming appointment', 'Do not forget that you have appointment 854 in room 284.', 45);
INSERT INTO INVOICE_BILL VALUES('2019-10-11 14:30:00', 900, 14, False);
INSERT INTO MEDICAL_RECORD VALUES('Medical record description 732.', '2019-10-11 14:30:00', 854, 7);
INSERT INTO APPOINTMENT VALUES(855, 232, 1, '2014-06-17 16:00:00', '2014-06-17 16:15:00', 45, 9, None);
INSERT INTO NOTIFICATION VALUES(None, '2014-06-17 15:45:00', 'Upcoming appointment', 'Do not forget that you have appointment 855 in room 232.', 9);
INSERT INTO NOTIFICATION VALUES(None, '2014-06-17 15:45:00', 'Upcoming appointment', 'Do not forget that you have appointment 855 in room 232.', 45);
INSERT INTO INVOICE_BILL VALUES('2014-06-17 16:15:00', 750, 14, True);
INSERT INTO MEDICAL_RECORD VALUES('Medical record description 760.', '2014-06-17 16:15:00', 855, 9);
INSERT INTO APPOINTMENT VALUES(856, 385, 0, '2019-07-03 15:15:00', '2019-07-03 15:30:00', 45, 10, None);
INSERT INTO NOTIFICATION VALUES(None, '2019-07-03 15:00:00', 'Upcoming appointment', 'Do not forget that you have appointment 856 in room 385.', 8);
INSERT INTO NOTIFICATION VALUES(None, '2019-07-03 15:00:00', 'Upcoming appointment', 'Do not forget that you have appointment 856 in room 385.', 45);
INSERT INTO INVOICE_BILL VALUES('2019-07-03 15:30:00', 650, 15, False);
INSERT INTO MEDICAL_RECORD VALUES('Medical record description 19.', '2019-07-03 15:30:00', 856, 10);
INSERT INTO APPOINTMENT VALUES(857, 238, 1, '2017-01-12 10:00:00', '2017-01-12 10:15:00', 45, 3, None);
INSERT INTO NOTIFICATION VALUES(None, '2017-01-12 09:45:00', 'Upcoming appointment', 'Do not forget that you have appointment 857 in room 238.', 5);
INSERT INTO NOTIFICATION VALUES(None, '2017-01-12 09:45:00', 'Upcoming appointment', 'Do not forget that you have appointment 857 in room 238.', 45);
INSERT INTO INVOICE_BILL VALUES('2017-01-12 10:15:00', 200, 2, False);
INSERT INTO MEDICAL_RECORD VALUES('Medical record description 602.', '2017-01-12 10:15:00', 857, 3);
INSERT INTO APPOINTMENT VALUES(858, 265, 0, '2011-07-27 17:00:00', '2011-07-27 17:15:00', 45, 3, None);
INSERT INTO NOTIFICATION VALUES(None, '2011-07-27 16:45:00', 'Upcoming appointment', 'Do not forget that you have appointment 858 in room 265.', 1);
INSERT INTO NOTIFICATION VALUES(None, '2011-07-27 16:45:00', 'Upcoming appointment', 'Do not forget that you have appointment 858 in room 265.', 45);
INSERT INTO INVOICE_BILL VALUES('2011-07-27 17:15:00', 1000, 3, False);
INSERT INTO MEDICAL_RECORD VALUES('Medical record description 795.', '2011-07-27 17:15:00', 858, 3);
INSERT INTO APPOINTMENT VALUES(859, 274, 0, '2015-04-20 10:30:00', '2015-04-20 10:45:00', 45, 2, None);
INSERT INTO NOTIFICATION VALUES(None, '2015-04-20 10:15:00', 'Upcoming appointment', 'Do not forget that you have appointment 859 in room 274.', 2);
INSERT INTO NOTIFICATION VALUES(None, '2015-04-20 10:15:00', 'Upcoming appointment', 'Do not forget that you have appointment 859 in room 274.', 45);
INSERT INTO INVOICE_BILL VALUES('2015-04-20 10:45:00', 50, 5, True);
INSERT INTO MEDICAL_RECORD VALUES('Medical record description 40.', '2015-04-20 10:45:00', 859, 2);
INSERT INTO APPOINTMENT VALUES(860, 455, 0, '2017-10-10 14:15:00', '2017-10-10 14:30:00', 45, 2, None);
INSERT INTO NOTIFICATION VALUES(None, '2017-10-10 14:00:00', 'Upcoming appointment', 'Do not forget that you have appointment 860 in room 455.', 10);
INSERT INTO NOTIFICATION VALUES(None, '2017-10-10 14:00:00', 'Upcoming appointment', 'Do not forget that you have appointment 860 in room 455.', 45);
INSERT INTO INVOICE_BILL VALUES('2017-10-10 14:30:00', 600, 1, False);
INSERT INTO MEDICAL_RECORD VALUES('Medical record description 555.', '2017-10-10 14:30:00', 860, 2);
INSERT INTO APPOINTMENT VALUES(861, 481, 0, '2016-08-30 12:00:00', '2016-08-30 12:15:00', 45, 1, None);
INSERT INTO NOTIFICATION VALUES(None, '2016-08-30 11:45:00', 'Upcoming appointment', 'Do not forget that you have appointment 861 in room 481.', 4);
INSERT INTO NOTIFICATION VALUES(None, '2016-08-30 11:45:00', 'Upcoming appointment', 'Do not forget that you have appointment 861 in room 481.', 45);
INSERT INTO INVOICE_BILL VALUES('2016-08-30 12:15:00', 50, 4, False);
INSERT INTO MEDICAL_RECORD VALUES('Medical record description 132.', '2016-08-30 12:15:00', 861, 1);
INSERT INTO APPOINTMENT VALUES(862, 193, 1, '2017-05-01 11:45:00', '2017-05-01 12:00:00', 45, 9, None);
INSERT INTO NOTIFICATION VALUES(None, '2017-05-01 11:30:00', 'Upcoming appointment', 'Do not forget that you have appointment 862 in room 193.', 9);
INSERT INTO NOTIFICATION VALUES(None, '2017-05-01 11:30:00', 'Upcoming appointment', 'Do not forget that you have appointment 862 in room 193.', 45);
INSERT INTO INVOICE_BILL VALUES('2017-05-01 12:00:00', 900, 2, False);
INSERT INTO MEDICAL_RECORD VALUES('Medical record description 649.', '2017-05-01 12:00:00', 862, 9);
INSERT INTO APPOINTMENT VALUES(863, 178, 1, '2013-01-09 13:00:00', '2013-01-09 13:15:00', 45, 1, None);
INSERT INTO NOTIFICATION VALUES(None, '2013-01-09 12:45:00', 'Upcoming appointment', 'Do not forget that you have appointment 863 in room 178.', 8);
INSERT INTO NOTIFICATION VALUES(None, '2013-01-09 12:45:00', 'Upcoming appointment', 'Do not forget that you have appointment 863 in room 178.', 45);
INSERT INTO INVOICE_BILL VALUES('2013-01-09 13:15:00', 100, 15, False);
INSERT INTO MEDICAL_RECORD VALUES('Medical record description 269.', '2013-01-09 13:15:00', 863, 1);
INSERT INTO APPOINTMENT VALUES(864, 373, 0, '2017-04-12 13:00:00', '2017-04-12 13:15:00', 46, 3, None);
INSERT INTO NOTIFICATION VALUES(None, '2017-04-12 12:45:00', 'Upcoming appointment', 'Do not forget that you have appointment 864 in room 373.', 9);
INSERT INTO NOTIFICATION VALUES(None, '2017-04-12 12:45:00', 'Upcoming appointment', 'Do not forget that you have appointment 864 in room 373.', 46);
INSERT INTO INVOICE_BILL VALUES('2017-04-12 13:15:00', 50, 7, True);
INSERT INTO MEDICAL_RECORD VALUES('Medical record description 894.', '2017-04-12 13:15:00', 864, 3);
INSERT INTO APPOINTMENT VALUES(865, 383, 0, '2013-04-04 11:45:00', '2013-04-04 12:00:00', 46, 1, None);
INSERT INTO NOTIFICATION VALUES(None, '2013-04-04 11:30:00', 'Upcoming appointment', 'Do not forget that you have appointment 865 in room 383.', 5);
INSERT INTO NOTIFICATION VALUES(None, '2013-04-04 11:30:00', 'Upcoming appointment', 'Do not forget that you have appointment 865 in room 383.', 46);
INSERT INTO INVOICE_BILL VALUES('2013-04-04 12:00:00', 700, 4, True);
INSERT INTO MEDICAL_RECORD VALUES('Medical record description 568.', '2013-04-04 12:00:00', 865, 1);
INSERT INTO APPOINTMENT VALUES(866, 209, 0, '2019-10-03 15:15:00', '2019-10-03 15:30:00', 46, 4, None);
INSERT INTO NOTIFICATION VALUES(None, '2019-10-03 15:00:00', 'Upcoming appointment', 'Do not forget that you have appointment 866 in room 209.', 5);
INSERT INTO NOTIFICATION VALUES(None, '2019-10-03 15:00:00', 'Upcoming appointment', 'Do not forget that you have appointment 866 in room 209.', 46);
INSERT INTO INVOICE_BILL VALUES('2019-10-03 15:30:00', 450, 4, False);
INSERT INTO MEDICAL_RECORD VALUES('Medical record description 830.', '2019-10-03 15:30:00', 866, 4);
INSERT INTO APPOINTMENT VALUES(867, 185, 1, '2016-01-08 14:45:00', '2016-01-08 15:00:00', 46, 2, None);
INSERT INTO NOTIFICATION VALUES(None, '2016-01-08 14:30:00', 'Upcoming appointment', 'Do not forget that you have appointment 867 in room 185.', 8);
INSERT INTO NOTIFICATION VALUES(None, '2016-01-08 14:30:00', 'Upcoming appointment', 'Do not forget that you have appointment 867 in room 185.', 46);
INSERT INTO INVOICE_BILL VALUES('2016-01-08 15:00:00', 850, 10, True);
INSERT INTO MEDICAL_RECORD VALUES('Medical record description 482.', '2016-01-08 15:00:00', 867, 2);
INSERT INTO APPOINTMENT VALUES(868, 122, 0, '2017-12-21 12:30:00', '2017-12-21 12:45:00', 46, 6, None);
INSERT INTO NOTIFICATION VALUES(None, '2017-12-21 12:15:00', 'Upcoming appointment', 'Do not forget that you have appointment 868 in room 122.', 6);
INSERT INTO NOTIFICATION VALUES(None, '2017-12-21 12:15:00', 'Upcoming appointment', 'Do not forget that you have appointment 868 in room 122.', 46);
INSERT INTO INVOICE_BILL VALUES('2017-12-21 12:45:00', 850, 4, True);
INSERT INTO MEDICAL_RECORD VALUES('Medical record description 30.', '2017-12-21 12:45:00', 868, 6);
INSERT INTO APPOINTMENT VALUES(869, 295, 1, '2019-11-20 10:30:00', '2019-11-20 10:45:00', 46, 6, None);
INSERT INTO NOTIFICATION VALUES(None, '2019-11-20 10:15:00', 'Upcoming appointment', 'Do not forget that you have appointment 869 in room 295.', 2);
INSERT INTO NOTIFICATION VALUES(None, '2019-11-20 10:15:00', 'Upcoming appointment', 'Do not forget that you have appointment 869 in room 295.', 46);
INSERT INTO INVOICE_BILL VALUES('2019-11-20 10:45:00', 850, 15, False);
INSERT INTO MEDICAL_RECORD VALUES('Medical record description 682.', '2019-11-20 10:45:00', 869, 6);
INSERT INTO APPOINTMENT VALUES(870, 174, 1, '2018-10-18 17:45:00', '2018-10-18 18:00:00', 46, 2, None);
INSERT INTO NOTIFICATION VALUES(None, '2018-10-18 17:30:00', 'Upcoming appointment', 'Do not forget that you have appointment 870 in room 174.', 10);
INSERT INTO NOTIFICATION VALUES(None, '2018-10-18 17:30:00', 'Upcoming appointment', 'Do not forget that you have appointment 870 in room 174.', 46);
INSERT INTO INVOICE_BILL VALUES('2018-10-18 18:00:00', 650, 3, True);
INSERT INTO MEDICAL_RECORD VALUES('Medical record description 471.', '2018-10-18 18:00:00', 870, 2);
INSERT INTO APPOINTMENT VALUES(871, 287, 0, '2009-07-13 13:45:00', '2009-07-13 14:00:00', 46, 3, None);
INSERT INTO NOTIFICATION VALUES(None, '2009-07-13 13:30:00', 'Upcoming appointment', 'Do not forget that you have appointment 871 in room 287.', 2);
INSERT INTO NOTIFICATION VALUES(None, '2009-07-13 13:30:00', 'Upcoming appointment', 'Do not forget that you have appointment 871 in room 287.', 46);
INSERT INTO INVOICE_BILL VALUES('2009-07-13 14:00:00', 200, 12, False);
INSERT INTO MEDICAL_RECORD VALUES('Medical record description 718.', '2009-07-13 14:00:00', 871, 3);
INSERT INTO APPOINTMENT VALUES(872, 173, 1, '2018-12-04 11:45:00', '2018-12-04 12:00:00', 46, 3, None);
INSERT INTO NOTIFICATION VALUES(None, '2018-12-04 11:30:00', 'Upcoming appointment', 'Do not forget that you have appointment 872 in room 173.', 10);
INSERT INTO NOTIFICATION VALUES(None, '2018-12-04 11:30:00', 'Upcoming appointment', 'Do not forget that you have appointment 872 in room 173.', 46);
INSERT INTO INVOICE_BILL VALUES('2018-12-04 12:00:00', 650, 10, False);
INSERT INTO MEDICAL_RECORD VALUES('Medical record description 358.', '2018-12-04 12:00:00', 872, 3);
INSERT INTO APPOINTMENT VALUES(873, 232, 1, '2018-11-28 10:00:00', '2018-11-28 10:15:00', 46, 2, None);
INSERT INTO NOTIFICATION VALUES(None, '2018-11-28 09:45:00', 'Upcoming appointment', 'Do not forget that you have appointment 873 in room 232.', 5);
INSERT INTO NOTIFICATION VALUES(None, '2018-11-28 09:45:00', 'Upcoming appointment', 'Do not forget that you have appointment 873 in room 232.', 46);
INSERT INTO INVOICE_BILL VALUES('2018-11-28 10:15:00', 500, 9, False);
INSERT INTO MEDICAL_RECORD VALUES('Medical record description 281.', '2018-11-28 10:15:00', 873, 2);
INSERT INTO APPOINTMENT VALUES(874, 137, 1, '2018-12-14 10:00:00', '2018-12-14 10:15:00', 46, 8, None);
INSERT INTO NOTIFICATION VALUES(None, '2018-12-14 09:45:00', 'Upcoming appointment', 'Do not forget that you have appointment 874 in room 137.', 5);
INSERT INTO NOTIFICATION VALUES(None, '2018-12-14 09:45:00', 'Upcoming appointment', 'Do not forget that you have appointment 874 in room 137.', 46);
INSERT INTO INVOICE_BILL VALUES('2018-12-14 10:15:00', 650, 1, False);
INSERT INTO MEDICAL_RECORD VALUES('Medical record description 142.', '2018-12-14 10:15:00', 874, 8);
INSERT INTO APPOINTMENT VALUES(875, 175, 1, '2016-03-29 16:30:00', '2016-03-29 16:45:00', 46, 2, None);
INSERT INTO NOTIFICATION VALUES(None, '2016-03-29 16:15:00', 'Upcoming appointment', 'Do not forget that you have appointment 875 in room 175.', 1);
INSERT INTO NOTIFICATION VALUES(None, '2016-03-29 16:15:00', 'Upcoming appointment', 'Do not forget that you have appointment 875 in room 175.', 46);
INSERT INTO INVOICE_BILL VALUES('2016-03-29 16:45:00', 200, 1, True);
INSERT INTO MEDICAL_RECORD VALUES('Medical record description 660.', '2016-03-29 16:45:00', 875, 2);
INSERT INTO APPOINTMENT VALUES(876, 387, 1, '2018-05-09 16:15:00', '2018-05-09 16:30:00', 46, 7, None);
INSERT INTO NOTIFICATION VALUES(None, '2018-05-09 16:00:00', 'Upcoming appointment', 'Do not forget that you have appointment 876 in room 387.', 2);
INSERT INTO NOTIFICATION VALUES(None, '2018-05-09 16:00:00', 'Upcoming appointment', 'Do not forget that you have appointment 876 in room 387.', 46);
INSERT INTO INVOICE_BILL VALUES('2018-05-09 16:30:00', 950, 11, True);
INSERT INTO MEDICAL_RECORD VALUES('Medical record description 962.', '2018-05-09 16:30:00', 876, 7);
INSERT INTO APPOINTMENT VALUES(877, 197, 0, '2016-08-25 12:30:00', '2016-08-25 12:45:00', 46, 4, None);
INSERT INTO NOTIFICATION VALUES(None, '2016-08-25 12:15:00', 'Upcoming appointment', 'Do not forget that you have appointment 877 in room 197.', 8);
INSERT INTO NOTIFICATION VALUES(None, '2016-08-25 12:15:00', 'Upcoming appointment', 'Do not forget that you have appointment 877 in room 197.', 46);
INSERT INTO INVOICE_BILL VALUES('2016-08-25 12:45:00', 1000, 1, True);
INSERT INTO MEDICAL_RECORD VALUES('Medical record description 789.', '2016-08-25 12:45:00', 877, 4);
INSERT INTO APPOINTMENT VALUES(878, 381, 1, '2011-04-26 12:45:00', '2011-04-26 13:00:00', 46, 3, None);
INSERT INTO NOTIFICATION VALUES(None, '2011-04-26 12:30:00', 'Upcoming appointment', 'Do not forget that you have appointment 878 in room 381.', 7);
INSERT INTO NOTIFICATION VALUES(None, '2011-04-26 12:30:00', 'Upcoming appointment', 'Do not forget that you have appointment 878 in room 381.', 46);
INSERT INTO INVOICE_BILL VALUES('2011-04-26 13:00:00', 800, 5, False);
INSERT INTO MEDICAL_RECORD VALUES('Medical record description 305.', '2011-04-26 13:00:00', 878, 3);
INSERT INTO APPOINTMENT VALUES(879, 282, 0, '2016-03-10 14:30:00', '2016-03-10 14:45:00', 46, 4, None);
INSERT INTO NOTIFICATION VALUES(None, '2016-03-10 14:15:00', 'Upcoming appointment', 'Do not forget that you have appointment 879 in room 282.', 9);
INSERT INTO NOTIFICATION VALUES(None, '2016-03-10 14:15:00', 'Upcoming appointment', 'Do not forget that you have appointment 879 in room 282.', 46);
INSERT INTO INVOICE_BILL VALUES('2016-03-10 14:45:00', 1000, 4, False);
INSERT INTO MEDICAL_RECORD VALUES('Medical record description 769.', '2016-03-10 14:45:00', 879, 4);
INSERT INTO APPOINTMENT VALUES(880, 492, 1, '2018-09-20 13:30:00', '2018-09-20 13:45:00', 46, 8, None);
INSERT INTO NOTIFICATION VALUES(None, '2018-09-20 13:15:00', 'Upcoming appointment', 'Do not forget that you have appointment 880 in room 492.', 7);
INSERT INTO NOTIFICATION VALUES(None, '2018-09-20 13:15:00', 'Upcoming appointment', 'Do not forget that you have appointment 880 in room 492.', 46);
INSERT INTO INVOICE_BILL VALUES('2018-09-20 13:45:00', 700, 13, False);
INSERT INTO MEDICAL_RECORD VALUES('Medical record description 777.', '2018-09-20 13:45:00', 880, 8);
INSERT INTO APPOINTMENT VALUES(881, 340, 0, '2017-06-19 14:15:00', '2017-06-19 14:30:00', 47, 1, None);
INSERT INTO NOTIFICATION VALUES(None, '2017-06-19 14:00:00', 'Upcoming appointment', 'Do not forget that you have appointment 881 in room 340.', 1);
INSERT INTO NOTIFICATION VALUES(None, '2017-06-19 14:00:00', 'Upcoming appointment', 'Do not forget that you have appointment 881 in room 340.', 47);
INSERT INTO INVOICE_BILL VALUES('2017-06-19 14:30:00', 850, 7, False);
INSERT INTO MEDICAL_RECORD VALUES('Medical record description 373.', '2017-06-19 14:30:00', 881, 1);
INSERT INTO APPOINTMENT VALUES(882, 398, 0, '2019-07-23 15:15:00', '2019-07-23 15:30:00', 47, 4, None);
INSERT INTO NOTIFICATION VALUES(None, '2019-07-23 15:00:00', 'Upcoming appointment', 'Do not forget that you have appointment 882 in room 398.', 1);
INSERT INTO NOTIFICATION VALUES(None, '2019-07-23 15:00:00', 'Upcoming appointment', 'Do not forget that you have appointment 882 in room 398.', 47);
INSERT INTO INVOICE_BILL VALUES('2019-07-23 15:30:00', 100, 12, True);
INSERT INTO MEDICAL_RECORD VALUES('Medical record description 19.', '2019-07-23 15:30:00', 882, 4);
INSERT INTO APPOINTMENT VALUES(883, 228, 1, '2010-04-27 17:15:00', '2010-04-27 17:30:00', 47, 3, None);
INSERT INTO NOTIFICATION VALUES(None, '2010-04-27 17:00:00', 'Upcoming appointment', 'Do not forget that you have appointment 883 in room 228.', 8);
INSERT INTO NOTIFICATION VALUES(None, '2010-04-27 17:00:00', 'Upcoming appointment', 'Do not forget that you have appointment 883 in room 228.', 47);
INSERT INTO INVOICE_BILL VALUES('2010-04-27 17:30:00', 650, 13, False);
INSERT INTO MEDICAL_RECORD VALUES('Medical record description 891.', '2010-04-27 17:30:00', 883, 3);
INSERT INTO APPOINTMENT VALUES(884, 252, 0, '2010-01-20 11:00:00', '2010-01-20 11:15:00', 47, 3, None);
INSERT INTO NOTIFICATION VALUES(None, '2010-01-20 10:45:00', 'Upcoming appointment', 'Do not forget that you have appointment 884 in room 252.', 8);
INSERT INTO NOTIFICATION VALUES(None, '2010-01-20 10:45:00', 'Upcoming appointment', 'Do not forget that you have appointment 884 in room 252.', 47);
INSERT INTO INVOICE_BILL VALUES('2010-01-20 11:15:00', 50, 12, False);
INSERT INTO MEDICAL_RECORD VALUES('Medical record description 515.', '2010-01-20 11:15:00', 884, 3);
INSERT INTO APPOINTMENT VALUES(885, 469, 0, '2015-07-20 14:45:00', '2015-07-20 15:00:00', 47, 3, None);
INSERT INTO NOTIFICATION VALUES(None, '2015-07-20 14:30:00', 'Upcoming appointment', 'Do not forget that you have appointment 885 in room 469.', 5);
INSERT INTO NOTIFICATION VALUES(None, '2015-07-20 14:30:00', 'Upcoming appointment', 'Do not forget that you have appointment 885 in room 469.', 47);
INSERT INTO INVOICE_BILL VALUES('2015-07-20 15:00:00', 900, 5, True);
INSERT INTO MEDICAL_RECORD VALUES('Medical record description 916.', '2015-07-20 15:00:00', 885, 3);
INSERT INTO APPOINTMENT VALUES(886, 438, 1, '2017-05-11 13:30:00', '2017-05-11 13:45:00', 47, 1, None);
INSERT INTO NOTIFICATION VALUES(None, '2017-05-11 13:15:00', 'Upcoming appointment', 'Do not forget that you have appointment 886 in room 438.', 3);
INSERT INTO NOTIFICATION VALUES(None, '2017-05-11 13:15:00', 'Upcoming appointment', 'Do not forget that you have appointment 886 in room 438.', 47);
INSERT INTO INVOICE_BILL VALUES('2017-05-11 13:45:00', 150, 3, False);
INSERT INTO MEDICAL_RECORD VALUES('Medical record description 598.', '2017-05-11 13:45:00', 886, 1);
INSERT INTO APPOINTMENT VALUES(887, 229, 0, '2017-12-19 16:00:00', '2017-12-19 16:15:00', 48, 10, None);
INSERT INTO NOTIFICATION VALUES(None, '2017-12-19 15:45:00', 'Upcoming appointment', 'Do not forget that you have appointment 887 in room 229.', 5);
INSERT INTO NOTIFICATION VALUES(None, '2017-12-19 15:45:00', 'Upcoming appointment', 'Do not forget that you have appointment 887 in room 229.', 48);
INSERT INTO INVOICE_BILL VALUES('2017-12-19 16:15:00', 250, 7, True);
INSERT INTO MEDICAL_RECORD VALUES('Medical record description 636.', '2017-12-19 16:15:00', 887, 10);
INSERT INTO APPOINTMENT VALUES(888, 326, 0, '2017-02-17 15:30:00', '2017-02-17 15:45:00', 48, 10, None);
INSERT INTO NOTIFICATION VALUES(None, '2017-02-17 15:15:00', 'Upcoming appointment', 'Do not forget that you have appointment 888 in room 326.', 8);
INSERT INTO NOTIFICATION VALUES(None, '2017-02-17 15:15:00', 'Upcoming appointment', 'Do not forget that you have appointment 888 in room 326.', 48);
INSERT INTO INVOICE_BILL VALUES('2017-02-17 15:45:00', 1000, 10, True);
INSERT INTO MEDICAL_RECORD VALUES('Medical record description 930.', '2017-02-17 15:45:00', 888, 10);
INSERT INTO APPOINTMENT VALUES(889, 160, 1, '2017-01-04 13:45:00', '2017-01-04 14:00:00', 48, 4, None);
INSERT INTO NOTIFICATION VALUES(None, '2017-01-04 13:30:00', 'Upcoming appointment', 'Do not forget that you have appointment 889 in room 160.', 5);
INSERT INTO NOTIFICATION VALUES(None, '2017-01-04 13:30:00', 'Upcoming appointment', 'Do not forget that you have appointment 889 in room 160.', 48);
INSERT INTO INVOICE_BILL VALUES('2017-01-04 14:00:00', 700, 1, True);
INSERT INTO MEDICAL_RECORD VALUES('Medical record description 342.', '2017-01-04 14:00:00', 889, 4);
INSERT INTO APPOINTMENT VALUES(890, 409, 1, '2017-01-02 15:00:00', '2017-01-02 15:15:00', 48, 3, None);
INSERT INTO NOTIFICATION VALUES(None, '2017-01-02 14:45:00', 'Upcoming appointment', 'Do not forget that you have appointment 890 in room 409.', 1);
INSERT INTO NOTIFICATION VALUES(None, '2017-01-02 14:45:00', 'Upcoming appointment', 'Do not forget that you have appointment 890 in room 409.', 48);
INSERT INTO INVOICE_BILL VALUES('2017-01-02 15:15:00', 700, 14, False);
INSERT INTO MEDICAL_RECORD VALUES('Medical record description 107.', '2017-01-02 15:15:00', 890, 3);
INSERT INTO APPOINTMENT VALUES(891, 186, 1, '2014-11-06 10:15:00', '2014-11-06 10:30:00', 48, 1, None);
INSERT INTO NOTIFICATION VALUES(None, '2014-11-06 10:00:00', 'Upcoming appointment', 'Do not forget that you have appointment 891 in room 186.', 2);
INSERT INTO NOTIFICATION VALUES(None, '2014-11-06 10:00:00', 'Upcoming appointment', 'Do not forget that you have appointment 891 in room 186.', 48);
INSERT INTO INVOICE_BILL VALUES('2014-11-06 10:30:00', 700, 10, False);
INSERT INTO MEDICAL_RECORD VALUES('Medical record description 216.', '2014-11-06 10:30:00', 891, 1);
INSERT INTO APPOINTMENT VALUES(892, 123, 0, '2018-08-06 16:30:00', '2018-08-06 16:45:00', 48, 4, None);
INSERT INTO NOTIFICATION VALUES(None, '2018-08-06 16:15:00', 'Upcoming appointment', 'Do not forget that you have appointment 892 in room 123.', 1);
INSERT INTO NOTIFICATION VALUES(None, '2018-08-06 16:15:00', 'Upcoming appointment', 'Do not forget that you have appointment 892 in room 123.', 48);
INSERT INTO INVOICE_BILL VALUES('2018-08-06 16:45:00', 500, 7, True);
INSERT INTO MEDICAL_RECORD VALUES('Medical record description 202.', '2018-08-06 16:45:00', 892, 4);
INSERT INTO APPOINTMENT VALUES(893, 155, 1, '2018-06-08 14:30:00', '2018-06-08 14:45:00', 48, 7, None);
INSERT INTO NOTIFICATION VALUES(None, '2018-06-08 14:15:00', 'Upcoming appointment', 'Do not forget that you have appointment 893 in room 155.', 7);
INSERT INTO NOTIFICATION VALUES(None, '2018-06-08 14:15:00', 'Upcoming appointment', 'Do not forget that you have appointment 893 in room 155.', 48);
INSERT INTO INVOICE_BILL VALUES('2018-06-08 14:45:00', 900, 9, True);
INSERT INTO MEDICAL_RECORD VALUES('Medical record description 744.', '2018-06-08 14:45:00', 893, 7);
INSERT INTO APPOINTMENT VALUES(894, 298, 0, '2016-12-19 11:30:00', '2016-12-19 11:45:00', 48, 9, None);
INSERT INTO NOTIFICATION VALUES(None, '2016-12-19 11:15:00', 'Upcoming appointment', 'Do not forget that you have appointment 894 in room 298.', 10);
INSERT INTO NOTIFICATION VALUES(None, '2016-12-19 11:15:00', 'Upcoming appointment', 'Do not forget that you have appointment 894 in room 298.', 48);
INSERT INTO INVOICE_BILL VALUES('2016-12-19 11:45:00', 950, 5, False);
INSERT INTO MEDICAL_RECORD VALUES('Medical record description 333.', '2016-12-19 11:45:00', 894, 9);
INSERT INTO APPOINTMENT VALUES(895, 327, 0, '2018-05-17 16:45:00', '2018-05-17 17:00:00', 48, 8, None);
INSERT INTO NOTIFICATION VALUES(None, '2018-05-17 16:30:00', 'Upcoming appointment', 'Do not forget that you have appointment 895 in room 327.', 8);
INSERT INTO NOTIFICATION VALUES(None, '2018-05-17 16:30:00', 'Upcoming appointment', 'Do not forget that you have appointment 895 in room 327.', 48);
INSERT INTO INVOICE_BILL VALUES('2018-05-17 17:00:00', 900, 4, True);
INSERT INTO MEDICAL_RECORD VALUES('Medical record description 997.', '2018-05-17 17:00:00', 895, 8);
INSERT INTO APPOINTMENT VALUES(896, 463, 1, '2019-09-02 14:00:00', '2019-09-02 14:15:00', 48, 10, None);
INSERT INTO NOTIFICATION VALUES(None, '2019-09-02 13:45:00', 'Upcoming appointment', 'Do not forget that you have appointment 896 in room 463.', 1);
INSERT INTO NOTIFICATION VALUES(None, '2019-09-02 13:45:00', 'Upcoming appointment', 'Do not forget that you have appointment 896 in room 463.', 48);
INSERT INTO INVOICE_BILL VALUES('2019-09-02 14:15:00', 850, 14, True);
INSERT INTO MEDICAL_RECORD VALUES('Medical record description 68.', '2019-09-02 14:15:00', 896, 10);
INSERT INTO APPOINTMENT VALUES(897, 305, 0, '2010-03-01 16:00:00', '2010-03-01 16:15:00', 48, 3, None);
INSERT INTO NOTIFICATION VALUES(None, '2010-03-01 15:45:00', 'Upcoming appointment', 'Do not forget that you have appointment 897 in room 305.', 4);
INSERT INTO NOTIFICATION VALUES(None, '2010-03-01 15:45:00', 'Upcoming appointment', 'Do not forget that you have appointment 897 in room 305.', 48);
INSERT INTO INVOICE_BILL VALUES('2010-03-01 16:15:00', 400, 6, True);
INSERT INTO MEDICAL_RECORD VALUES('Medical record description 885.', '2010-03-01 16:15:00', 897, 3);
INSERT INTO APPOINTMENT VALUES(898, 153, 0, '2018-03-07 13:30:00', '2018-03-07 13:45:00', 48, 8, None);
INSERT INTO NOTIFICATION VALUES(None, '2018-03-07 13:15:00', 'Upcoming appointment', 'Do not forget that you have appointment 898 in room 153.', 8);
INSERT INTO NOTIFICATION VALUES(None, '2018-03-07 13:15:00', 'Upcoming appointment', 'Do not forget that you have appointment 898 in room 153.', 48);
INSERT INTO INVOICE_BILL VALUES('2018-03-07 13:45:00', 300, 7, False);
INSERT INTO MEDICAL_RECORD VALUES('Medical record description 260.', '2018-03-07 13:45:00', 898, 8);
INSERT INTO APPOINTMENT VALUES(899, 161, 0, '2019-02-14 12:15:00', '2019-02-14 12:30:00', 48, 9, None);
INSERT INTO NOTIFICATION VALUES(None, '2019-02-14 12:00:00', 'Upcoming appointment', 'Do not forget that you have appointment 899 in room 161.', 2);
INSERT INTO NOTIFICATION VALUES(None, '2019-02-14 12:00:00', 'Upcoming appointment', 'Do not forget that you have appointment 899 in room 161.', 48);
INSERT INTO INVOICE_BILL VALUES('2019-02-14 12:30:00', 400, 13, True);
INSERT INTO MEDICAL_RECORD VALUES('Medical record description 61.', '2019-02-14 12:30:00', 899, 9);
INSERT INTO APPOINTMENT VALUES(900, 380, 0, '2015-06-10 13:45:00', '2015-06-10 14:00:00', 48, 9, None);
INSERT INTO NOTIFICATION VALUES(None, '2015-06-10 13:30:00', 'Upcoming appointment', 'Do not forget that you have appointment 900 in room 380.', 1);
INSERT INTO NOTIFICATION VALUES(None, '2015-06-10 13:30:00', 'Upcoming appointment', 'Do not forget that you have appointment 900 in room 380.', 48);
INSERT INTO INVOICE_BILL VALUES('2015-06-10 14:00:00', 1000, 3, True);
INSERT INTO MEDICAL_RECORD VALUES('Medical record description 222.', '2015-06-10 14:00:00', 900, 9);
INSERT INTO APPOINTMENT VALUES(901, 354, 0, '2017-05-26 17:00:00', '2017-05-26 17:15:00', 49, 10, None);
INSERT INTO NOTIFICATION VALUES(None, '2017-05-26 16:45:00', 'Upcoming appointment', 'Do not forget that you have appointment 901 in room 354.', 4);
INSERT INTO NOTIFICATION VALUES(None, '2017-05-26 16:45:00', 'Upcoming appointment', 'Do not forget that you have appointment 901 in room 354.', 49);
INSERT INTO INVOICE_BILL VALUES('2017-05-26 17:15:00', 1000, 12, False);
INSERT INTO MEDICAL_RECORD VALUES('Medical record description 502.', '2017-05-26 17:15:00', 901, 10);
INSERT INTO APPOINTMENT VALUES(902, 247, 1, '2017-03-30 13:30:00', '2017-03-30 13:45:00', 49, 10, None);
INSERT INTO NOTIFICATION VALUES(None, '2017-03-30 13:15:00', 'Upcoming appointment', 'Do not forget that you have appointment 902 in room 247.', 5);
INSERT INTO NOTIFICATION VALUES(None, '2017-03-30 13:15:00', 'Upcoming appointment', 'Do not forget that you have appointment 902 in room 247.', 49);
INSERT INTO INVOICE_BILL VALUES('2017-03-30 13:45:00', 950, 12, False);
INSERT INTO MEDICAL_RECORD VALUES('Medical record description 907.', '2017-03-30 13:45:00', 902, 10);
INSERT INTO APPOINTMENT VALUES(903, 354, 0, '2016-01-06 12:30:00', '2016-01-06 12:45:00', 49, 6, None);
INSERT INTO NOTIFICATION VALUES(None, '2016-01-06 12:15:00', 'Upcoming appointment', 'Do not forget that you have appointment 903 in room 354.', 4);
INSERT INTO NOTIFICATION VALUES(None, '2016-01-06 12:15:00', 'Upcoming appointment', 'Do not forget that you have appointment 903 in room 354.', 49);
INSERT INTO INVOICE_BILL VALUES('2016-01-06 12:45:00', 750, 5, True);
INSERT INTO MEDICAL_RECORD VALUES('Medical record description 387.', '2016-01-06 12:45:00', 903, 6);
INSERT INTO APPOINTMENT VALUES(904, 268, 0, '2014-02-25 13:45:00', '2014-02-25 14:00:00', 49, 9, None);
INSERT INTO NOTIFICATION VALUES(None, '2014-02-25 13:30:00', 'Upcoming appointment', 'Do not forget that you have appointment 904 in room 268.', 6);
INSERT INTO NOTIFICATION VALUES(None, '2014-02-25 13:30:00', 'Upcoming appointment', 'Do not forget that you have appointment 904 in room 268.', 49);
INSERT INTO INVOICE_BILL VALUES('2014-02-25 14:00:00', 150, 15, False);
INSERT INTO MEDICAL_RECORD VALUES('Medical record description 413.', '2014-02-25 14:00:00', 904, 9);
INSERT INTO APPOINTMENT VALUES(905, 184, 1, '2015-12-22 17:30:00', '2015-12-22 17:45:00', 49, 6, None);
INSERT INTO NOTIFICATION VALUES(None, '2015-12-22 17:15:00', 'Upcoming appointment', 'Do not forget that you have appointment 905 in room 184.', 4);
INSERT INTO NOTIFICATION VALUES(None, '2015-12-22 17:15:00', 'Upcoming appointment', 'Do not forget that you have appointment 905 in room 184.', 49);
INSERT INTO INVOICE_BILL VALUES('2015-12-22 17:45:00', 200, 9, False);
INSERT INTO MEDICAL_RECORD VALUES('Medical record description 287.', '2015-12-22 17:45:00', 905, 6);
INSERT INTO APPOINTMENT VALUES(906, 371, 0, '2014-10-10 15:15:00', '2014-10-10 15:30:00', 49, 3, None);
INSERT INTO NOTIFICATION VALUES(None, '2014-10-10 15:00:00', 'Upcoming appointment', 'Do not forget that you have appointment 906 in room 371.', 8);
INSERT INTO NOTIFICATION VALUES(None, '2014-10-10 15:00:00', 'Upcoming appointment', 'Do not forget that you have appointment 906 in room 371.', 49);
INSERT INTO INVOICE_BILL VALUES('2014-10-10 15:30:00', 150, 15, False);
INSERT INTO MEDICAL_RECORD VALUES('Medical record description 105.', '2014-10-10 15:30:00', 906, 3);
INSERT INTO APPOINTMENT VALUES(907, 302, 0, '2018-01-15 12:15:00', '2018-01-15 12:30:00', 49, 6, None);
INSERT INTO NOTIFICATION VALUES(None, '2018-01-15 12:00:00', 'Upcoming appointment', 'Do not forget that you have appointment 907 in room 302.', 8);
INSERT INTO NOTIFICATION VALUES(None, '2018-01-15 12:00:00', 'Upcoming appointment', 'Do not forget that you have appointment 907 in room 302.', 49);
INSERT INTO INVOICE_BILL VALUES('2018-01-15 12:30:00', 850, 1, True);
INSERT INTO MEDICAL_RECORD VALUES('Medical record description 988.', '2018-01-15 12:30:00', 907, 6);
INSERT INTO APPOINTMENT VALUES(908, 291, 1, '2019-09-26 16:15:00', '2019-09-26 16:30:00', 49, 10, None);
INSERT INTO NOTIFICATION VALUES(None, '2019-09-26 16:00:00', 'Upcoming appointment', 'Do not forget that you have appointment 908 in room 291.', 8);
INSERT INTO NOTIFICATION VALUES(None, '2019-09-26 16:00:00', 'Upcoming appointment', 'Do not forget that you have appointment 908 in room 291.', 49);
INSERT INTO INVOICE_BILL VALUES('2019-09-26 16:30:00', 50, 7, False);
INSERT INTO MEDICAL_RECORD VALUES('Medical record description 715.', '2019-09-26 16:30:00', 908, 10);
INSERT INTO APPOINTMENT VALUES(909, 305, 1, '2018-05-01 14:00:00', '2018-05-01 14:15:00', 49, 10, None);
INSERT INTO NOTIFICATION VALUES(None, '2018-05-01 13:45:00', 'Upcoming appointment', 'Do not forget that you have appointment 909 in room 305.', 8);
INSERT INTO NOTIFICATION VALUES(None, '2018-05-01 13:45:00', 'Upcoming appointment', 'Do not forget that you have appointment 909 in room 305.', 49);
INSERT INTO INVOICE_BILL VALUES('2018-05-01 14:15:00', 850, 1, False);
INSERT INTO MEDICAL_RECORD VALUES('Medical record description 868.', '2018-05-01 14:15:00', 909, 10);
INSERT INTO APPOINTMENT VALUES(910, 470, 1, '2019-10-22 10:45:00', '2019-10-22 11:00:00', 49, 10, None);
INSERT INTO NOTIFICATION VALUES(None, '2019-10-22 10:30:00', 'Upcoming appointment', 'Do not forget that you have appointment 910 in room 470.', 10);
INSERT INTO NOTIFICATION VALUES(None, '2019-10-22 10:30:00', 'Upcoming appointment', 'Do not forget that you have appointment 910 in room 470.', 49);
INSERT INTO INVOICE_BILL VALUES('2019-10-22 11:00:00', 850, 12, True);
INSERT INTO MEDICAL_RECORD VALUES('Medical record description 245.', '2019-10-22 11:00:00', 910, 10);
INSERT INTO APPOINTMENT VALUES(911, 340, 0, '2018-04-04 16:30:00', '2018-04-04 16:45:00', 49, 7, None);
INSERT INTO NOTIFICATION VALUES(None, '2018-04-04 16:15:00', 'Upcoming appointment', 'Do not forget that you have appointment 911 in room 340.', 4);
INSERT INTO NOTIFICATION VALUES(None, '2018-04-04 16:15:00', 'Upcoming appointment', 'Do not forget that you have appointment 911 in room 340.', 49);
INSERT INTO INVOICE_BILL VALUES('2018-04-04 16:45:00', 950, 9, True);
INSERT INTO MEDICAL_RECORD VALUES('Medical record description 276.', '2018-04-04 16:45:00', 911, 7);
INSERT INTO APPOINTMENT VALUES(912, 473, 0, '2019-08-16 15:00:00', '2019-08-16 15:15:00', 49, 6, None);
INSERT INTO NOTIFICATION VALUES(None, '2019-08-16 14:45:00', 'Upcoming appointment', 'Do not forget that you have appointment 912 in room 473.', 2);
INSERT INTO NOTIFICATION VALUES(None, '2019-08-16 14:45:00', 'Upcoming appointment', 'Do not forget that you have appointment 912 in room 473.', 49);
INSERT INTO INVOICE_BILL VALUES('2019-08-16 15:15:00', 1000, 15, False);
INSERT INTO MEDICAL_RECORD VALUES('Medical record description 391.', '2019-08-16 15:15:00', 912, 6);
INSERT INTO APPOINTMENT VALUES(913, 420, 1, '2015-12-09 17:00:00', '2015-12-09 17:15:00', 49, 4, None);
INSERT INTO NOTIFICATION VALUES(None, '2015-12-09 16:45:00', 'Upcoming appointment', 'Do not forget that you have appointment 913 in room 420.', 5);
INSERT INTO NOTIFICATION VALUES(None, '2015-12-09 16:45:00', 'Upcoming appointment', 'Do not forget that you have appointment 913 in room 420.', 49);
INSERT INTO INVOICE_BILL VALUES('2015-12-09 17:15:00', 600, 12, True);
INSERT INTO MEDICAL_RECORD VALUES('Medical record description 594.', '2015-12-09 17:15:00', 913, 4);
INSERT INTO APPOINTMENT VALUES(914, 322, 1, '2017-06-26 10:00:00', '2017-06-26 10:15:00', 49, 7, None);
INSERT INTO NOTIFICATION VALUES(None, '2017-06-26 09:45:00', 'Upcoming appointment', 'Do not forget that you have appointment 914 in room 322.', 5);
INSERT INTO NOTIFICATION VALUES(None, '2017-06-26 09:45:00', 'Upcoming appointment', 'Do not forget that you have appointment 914 in room 322.', 49);
INSERT INTO INVOICE_BILL VALUES('2017-06-26 10:15:00', 850, 8, True);
INSERT INTO MEDICAL_RECORD VALUES('Medical record description 171.', '2017-06-26 10:15:00', 914, 7);
INSERT INTO APPOINTMENT VALUES(915, 119, 1, '2015-10-12 10:30:00', '2015-10-12 10:45:00', 49, 4, None);
INSERT INTO NOTIFICATION VALUES(None, '2015-10-12 10:15:00', 'Upcoming appointment', 'Do not forget that you have appointment 915 in room 119.', 10);
INSERT INTO NOTIFICATION VALUES(None, '2015-10-12 10:15:00', 'Upcoming appointment', 'Do not forget that you have appointment 915 in room 119.', 49);
INSERT INTO INVOICE_BILL VALUES('2015-10-12 10:45:00', 250, 12, True);
INSERT INTO MEDICAL_RECORD VALUES('Medical record description 385.', '2015-10-12 10:45:00', 915, 4);
INSERT INTO APPOINTMENT VALUES(916, 361, 0, '2017-12-22 15:00:00', '2017-12-22 15:15:00', 49, 4, None);
INSERT INTO NOTIFICATION VALUES(None, '2017-12-22 14:45:00', 'Upcoming appointment', 'Do not forget that you have appointment 916 in room 361.', 10);
INSERT INTO NOTIFICATION VALUES(None, '2017-12-22 14:45:00', 'Upcoming appointment', 'Do not forget that you have appointment 916 in room 361.', 49);
INSERT INTO INVOICE_BILL VALUES('2017-12-22 15:15:00', 300, 9, True);
INSERT INTO MEDICAL_RECORD VALUES('Medical record description 508.', '2017-12-22 15:15:00', 916, 4);
INSERT INTO APPOINTMENT VALUES(917, 123, 1, '2009-10-15 16:15:00', '2009-10-15 16:30:00', 49, 3, None);
INSERT INTO NOTIFICATION VALUES(None, '2009-10-15 16:00:00', 'Upcoming appointment', 'Do not forget that you have appointment 917 in room 123.', 4);
INSERT INTO NOTIFICATION VALUES(None, '2009-10-15 16:00:00', 'Upcoming appointment', 'Do not forget that you have appointment 917 in room 123.', 49);
INSERT INTO INVOICE_BILL VALUES('2009-10-15 16:30:00', 450, 13, True);
INSERT INTO MEDICAL_RECORD VALUES('Medical record description 747.', '2009-10-15 16:30:00', 917, 3);
INSERT INTO APPOINTMENT VALUES(918, 299, 1, '2011-01-21 14:45:00', '2011-01-21 15:00:00', 49, 3, None);
INSERT INTO NOTIFICATION VALUES(None, '2011-01-21 14:30:00', 'Upcoming appointment', 'Do not forget that you have appointment 918 in room 299.', 5);
INSERT INTO NOTIFICATION VALUES(None, '2011-01-21 14:30:00', 'Upcoming appointment', 'Do not forget that you have appointment 918 in room 299.', 49);
INSERT INTO INVOICE_BILL VALUES('2011-01-21 15:00:00', 200, 13, True);
INSERT INTO MEDICAL_RECORD VALUES('Medical record description 648.', '2011-01-21 15:00:00', 918, 3);
INSERT INTO APPOINTMENT VALUES(919, 385, 0, '2014-11-28 13:00:00', '2014-11-28 13:15:00', 49, 9, None);
INSERT INTO NOTIFICATION VALUES(None, '2014-11-28 12:45:00', 'Upcoming appointment', 'Do not forget that you have appointment 919 in room 385.', 2);
INSERT INTO NOTIFICATION VALUES(None, '2014-11-28 12:45:00', 'Upcoming appointment', 'Do not forget that you have appointment 919 in room 385.', 49);
INSERT INTO INVOICE_BILL VALUES('2014-11-28 13:15:00', 650, 6, True);
INSERT INTO MEDICAL_RECORD VALUES('Medical record description 318.', '2014-11-28 13:15:00', 919, 9);
INSERT INTO APPOINTMENT VALUES(920, 338, 0, '2018-12-17 16:45:00', '2018-12-17 17:00:00', 49, 2, None);
INSERT INTO NOTIFICATION VALUES(None, '2018-12-17 16:30:00', 'Upcoming appointment', 'Do not forget that you have appointment 920 in room 338.', 6);
INSERT INTO NOTIFICATION VALUES(None, '2018-12-17 16:30:00', 'Upcoming appointment', 'Do not forget that you have appointment 920 in room 338.', 49);
INSERT INTO INVOICE_BILL VALUES('2018-12-17 17:00:00', 50, 11, True);
INSERT INTO MEDICAL_RECORD VALUES('Medical record description 21.', '2018-12-17 17:00:00', 920, 2);
INSERT INTO APPOINTMENT VALUES(921, 146, 1, '2014-07-28 10:30:00', '2014-07-28 10:45:00', 49, 1, None);
INSERT INTO NOTIFICATION VALUES(None, '2014-07-28 10:15:00', 'Upcoming appointment', 'Do not forget that you have appointment 921 in room 146.', 2);
INSERT INTO NOTIFICATION VALUES(None, '2014-07-28 10:15:00', 'Upcoming appointment', 'Do not forget that you have appointment 921 in room 146.', 49);
INSERT INTO INVOICE_BILL VALUES('2014-07-28 10:45:00', 500, 13, True);
INSERT INTO MEDICAL_RECORD VALUES('Medical record description 900.', '2014-07-28 10:45:00', 921, 1);
INSERT INTO APPOINTMENT VALUES(922, 113, 0, '2018-06-07 11:30:00', '2018-06-07 11:45:00', 49, 7, None);
INSERT INTO NOTIFICATION VALUES(None, '2018-06-07 11:15:00', 'Upcoming appointment', 'Do not forget that you have appointment 922 in room 113.', 5);
INSERT INTO NOTIFICATION VALUES(None, '2018-06-07 11:15:00', 'Upcoming appointment', 'Do not forget that you have appointment 922 in room 113.', 49);
INSERT INTO INVOICE_BILL VALUES('2018-06-07 11:45:00', 500, 9, False);
INSERT INTO MEDICAL_RECORD VALUES('Medical record description 802.', '2018-06-07 11:45:00', 922, 7);
INSERT INTO APPOINTMENT VALUES(923, 464, 0, '2016-10-19 15:45:00', '2016-10-19 16:00:00', 49, 6, None);
INSERT INTO NOTIFICATION VALUES(None, '2016-10-19 15:30:00', 'Upcoming appointment', 'Do not forget that you have appointment 923 in room 464.', 5);
INSERT INTO NOTIFICATION VALUES(None, '2016-10-19 15:30:00', 'Upcoming appointment', 'Do not forget that you have appointment 923 in room 464.', 49);
INSERT INTO INVOICE_BILL VALUES('2016-10-19 16:00:00', 450, 15, True);
INSERT INTO MEDICAL_RECORD VALUES('Medical record description 618.', '2016-10-19 16:00:00', 923, 6);
INSERT INTO APPOINTMENT VALUES(924, 489, 0, '2018-12-10 11:00:00', '2018-12-10 11:15:00', 49, 9, None);
INSERT INTO NOTIFICATION VALUES(None, '2018-12-10 10:45:00', 'Upcoming appointment', 'Do not forget that you have appointment 924 in room 489.', 5);
INSERT INTO NOTIFICATION VALUES(None, '2018-12-10 10:45:00', 'Upcoming appointment', 'Do not forget that you have appointment 924 in room 489.', 49);
INSERT INTO INVOICE_BILL VALUES('2018-12-10 11:15:00', 100, 1, True);
INSERT INTO MEDICAL_RECORD VALUES('Medical record description 499.', '2018-12-10 11:15:00', 924, 9);
INSERT INTO APPOINTMENT VALUES(925, 173, 0, '2018-01-24 10:00:00', '2018-01-24 10:15:00', 49, 8, None);
INSERT INTO NOTIFICATION VALUES(None, '2018-01-24 09:45:00', 'Upcoming appointment', 'Do not forget that you have appointment 925 in room 173.', 2);
INSERT INTO NOTIFICATION VALUES(None, '2018-01-24 09:45:00', 'Upcoming appointment', 'Do not forget that you have appointment 925 in room 173.', 49);
INSERT INTO INVOICE_BILL VALUES('2018-01-24 10:15:00', 800, 3, False);
INSERT INTO MEDICAL_RECORD VALUES('Medical record description 959.', '2018-01-24 10:15:00', 925, 8);
INSERT INTO APPOINTMENT VALUES(926, 235, 1, '2011-11-28 15:15:00', '2011-11-28 15:30:00', 50, 3, None);
INSERT INTO NOTIFICATION VALUES(None, '2011-11-28 15:00:00', 'Upcoming appointment', 'Do not forget that you have appointment 926 in room 235.', 1);
INSERT INTO NOTIFICATION VALUES(None, '2011-11-28 15:00:00', 'Upcoming appointment', 'Do not forget that you have appointment 926 in room 235.', 50);
INSERT INTO INVOICE_BILL VALUES('2011-11-28 15:30:00', 500, 7, False);
INSERT INTO MEDICAL_RECORD VALUES('Medical record description 141.', '2011-11-28 15:30:00', 926, 3);
INSERT INTO APPOINTMENT VALUES(927, 413, 1, '2019-02-26 10:00:00', '2019-02-26 10:15:00', 50, 10, None);
INSERT INTO NOTIFICATION VALUES(None, '2019-02-26 09:45:00', 'Upcoming appointment', 'Do not forget that you have appointment 927 in room 413.', 8);
INSERT INTO NOTIFICATION VALUES(None, '2019-02-26 09:45:00', 'Upcoming appointment', 'Do not forget that you have appointment 927 in room 413.', 50);
INSERT INTO INVOICE_BILL VALUES('2019-02-26 10:15:00', 700, 7, True);
INSERT INTO MEDICAL_RECORD VALUES('Medical record description 676.', '2019-02-26 10:15:00', 927, 10);
INSERT INTO APPOINTMENT VALUES(928, 229, 1, '2017-07-13 11:30:00', '2017-07-13 11:45:00', 50, 1, None);
INSERT INTO NOTIFICATION VALUES(None, '2017-07-13 11:15:00', 'Upcoming appointment', 'Do not forget that you have appointment 928 in room 229.', 5);
INSERT INTO NOTIFICATION VALUES(None, '2017-07-13 11:15:00', 'Upcoming appointment', 'Do not forget that you have appointment 928 in room 229.', 50);
INSERT INTO INVOICE_BILL VALUES('2017-07-13 11:45:00', 750, 3, True);
INSERT INTO MEDICAL_RECORD VALUES('Medical record description 564.', '2017-07-13 11:45:00', 928, 1);
INSERT INTO APPOINTMENT VALUES(929, 285, 1, '2017-08-22 11:30:00', '2017-08-22 11:45:00', 50, 10, None);
INSERT INTO NOTIFICATION VALUES(None, '2017-08-22 11:15:00', 'Upcoming appointment', 'Do not forget that you have appointment 929 in room 285.', 5);
INSERT INTO NOTIFICATION VALUES(None, '2017-08-22 11:15:00', 'Upcoming appointment', 'Do not forget that you have appointment 929 in room 285.', 50);
INSERT INTO INVOICE_BILL VALUES('2017-08-22 11:45:00', 800, 4, False);
INSERT INTO MEDICAL_RECORD VALUES('Medical record description 128.', '2017-08-22 11:45:00', 929, 10);
INSERT INTO APPOINTMENT VALUES(930, 296, 1, '2018-12-05 14:00:00', '2018-12-05 14:15:00', 50, 10, None);
INSERT INTO NOTIFICATION VALUES(None, '2018-12-05 13:45:00', 'Upcoming appointment', 'Do not forget that you have appointment 930 in room 296.', 6);
INSERT INTO NOTIFICATION VALUES(None, '2018-12-05 13:45:00', 'Upcoming appointment', 'Do not forget that you have appointment 930 in room 296.', 50);
INSERT INTO INVOICE_BILL VALUES('2018-12-05 14:15:00', 400, 10, False);
INSERT INTO MEDICAL_RECORD VALUES('Medical record description 396.', '2018-12-05 14:15:00', 930, 10);
INSERT INTO APPOINTMENT VALUES(931, 353, 0, '2018-06-12 17:00:00', '2018-06-12 17:15:00', 50, 4, None);
INSERT INTO NOTIFICATION VALUES(None, '2018-06-12 16:45:00', 'Upcoming appointment', 'Do not forget that you have appointment 931 in room 353.', 5);
INSERT INTO NOTIFICATION VALUES(None, '2018-06-12 16:45:00', 'Upcoming appointment', 'Do not forget that you have appointment 931 in room 353.', 50);
INSERT INTO INVOICE_BILL VALUES('2018-06-12 17:15:00', 700, 4, False);
INSERT INTO MEDICAL_RECORD VALUES('Medical record description 802.', '2018-06-12 17:15:00', 931, 4);
INSERT INTO APPOINTMENT VALUES(932, 425, 0, '2013-03-01 11:30:00', '2013-03-01 11:45:00', 51, 3, None);
INSERT INTO NOTIFICATION VALUES(None, '2013-03-01 11:15:00', 'Upcoming appointment', 'Do not forget that you have appointment 932 in room 425.', 3);
INSERT INTO NOTIFICATION VALUES(None, '2013-03-01 11:15:00', 'Upcoming appointment', 'Do not forget that you have appointment 932 in room 425.', 51);
INSERT INTO INVOICE_BILL VALUES('2013-03-01 11:45:00', 100, 1, False);
INSERT INTO MEDICAL_RECORD VALUES('Medical record description 234.', '2013-03-01 11:45:00', 932, 3);
INSERT INTO APPOINTMENT VALUES(933, 362, 1, '2015-07-31 12:15:00', '2015-07-31 12:30:00', 51, 9, None);
INSERT INTO NOTIFICATION VALUES(None, '2015-07-31 12:00:00', 'Upcoming appointment', 'Do not forget that you have appointment 933 in room 362.', 5);
INSERT INTO NOTIFICATION VALUES(None, '2015-07-31 12:00:00', 'Upcoming appointment', 'Do not forget that you have appointment 933 in room 362.', 51);
INSERT INTO INVOICE_BILL VALUES('2015-07-31 12:30:00', 1000, 11, True);
INSERT INTO MEDICAL_RECORD VALUES('Medical record description 29.', '2015-07-31 12:30:00', 933, 9);
INSERT INTO APPOINTMENT VALUES(934, 464, 1, '2017-08-18 14:15:00', '2017-08-18 14:30:00', 51, 7, None);
INSERT INTO NOTIFICATION VALUES(None, '2017-08-18 14:00:00', 'Upcoming appointment', 'Do not forget that you have appointment 934 in room 464.', 10);
INSERT INTO NOTIFICATION VALUES(None, '2017-08-18 14:00:00', 'Upcoming appointment', 'Do not forget that you have appointment 934 in room 464.', 51);
INSERT INTO INVOICE_BILL VALUES('2017-08-18 14:30:00', 400, 14, True);
INSERT INTO MEDICAL_RECORD VALUES('Medical record description 121.', '2017-08-18 14:30:00', 934, 7);
INSERT INTO APPOINTMENT VALUES(935, 410, 1, '2017-05-31 12:30:00', '2017-05-31 12:45:00', 51, 9, None);
INSERT INTO NOTIFICATION VALUES(None, '2017-05-31 12:15:00', 'Upcoming appointment', 'Do not forget that you have appointment 935 in room 410.', 1);
INSERT INTO NOTIFICATION VALUES(None, '2017-05-31 12:15:00', 'Upcoming appointment', 'Do not forget that you have appointment 935 in room 410.', 51);
INSERT INTO INVOICE_BILL VALUES('2017-05-31 12:45:00', 200, 3, False);
INSERT INTO MEDICAL_RECORD VALUES('Medical record description 926.', '2017-05-31 12:45:00', 935, 9);
INSERT INTO APPOINTMENT VALUES(936, 130, 1, '2016-02-23 10:00:00', '2016-02-23 10:15:00', 51, 2, None);
INSERT INTO NOTIFICATION VALUES(None, '2016-02-23 09:45:00', 'Upcoming appointment', 'Do not forget that you have appointment 936 in room 130.', 4);
INSERT INTO NOTIFICATION VALUES(None, '2016-02-23 09:45:00', 'Upcoming appointment', 'Do not forget that you have appointment 936 in room 130.', 51);
INSERT INTO INVOICE_BILL VALUES('2016-02-23 10:15:00', 700, 12, True);
INSERT INTO MEDICAL_RECORD VALUES('Medical record description 447.', '2016-02-23 10:15:00', 936, 2);
INSERT INTO APPOINTMENT VALUES(937, 380, 0, '2017-12-06 16:45:00', '2017-12-06 17:00:00', 51, 4, None);
INSERT INTO NOTIFICATION VALUES(None, '2017-12-06 16:30:00', 'Upcoming appointment', 'Do not forget that you have appointment 937 in room 380.', 3);
INSERT INTO NOTIFICATION VALUES(None, '2017-12-06 16:30:00', 'Upcoming appointment', 'Do not forget that you have appointment 937 in room 380.', 51);
INSERT INTO INVOICE_BILL VALUES('2017-12-06 17:00:00', 400, 10, True);
INSERT INTO MEDICAL_RECORD VALUES('Medical record description 758.', '2017-12-06 17:00:00', 937, 4);
INSERT INTO APPOINTMENT VALUES(938, 258, 1, '2017-03-10 17:30:00', '2017-03-10 17:45:00', 51, 8, None);
INSERT INTO NOTIFICATION VALUES(None, '2017-03-10 17:15:00', 'Upcoming appointment', 'Do not forget that you have appointment 938 in room 258.', 7);
INSERT INTO NOTIFICATION VALUES(None, '2017-03-10 17:15:00', 'Upcoming appointment', 'Do not forget that you have appointment 938 in room 258.', 51);
INSERT INTO INVOICE_BILL VALUES('2017-03-10 17:45:00', 800, 15, True);
INSERT INTO MEDICAL_RECORD VALUES('Medical record description 357.', '2017-03-10 17:45:00', 938, 8);
INSERT INTO APPOINTMENT VALUES(939, 355, 0, '2016-06-01 16:00:00', '2016-06-01 16:15:00', 51, 3, None);
INSERT INTO NOTIFICATION VALUES(None, '2016-06-01 15:45:00', 'Upcoming appointment', 'Do not forget that you have appointment 939 in room 355.', 4);
INSERT INTO NOTIFICATION VALUES(None, '2016-06-01 15:45:00', 'Upcoming appointment', 'Do not forget that you have appointment 939 in room 355.', 51);
INSERT INTO INVOICE_BILL VALUES('2016-06-01 16:15:00', 350, 1, False);
INSERT INTO MEDICAL_RECORD VALUES('Medical record description 348.', '2016-06-01 16:15:00', 939, 3);
INSERT INTO APPOINTMENT VALUES(940, 473, 1, '2017-01-17 17:30:00', '2017-01-17 17:45:00', 51, 6, None);
INSERT INTO NOTIFICATION VALUES(None, '2017-01-17 17:15:00', 'Upcoming appointment', 'Do not forget that you have appointment 940 in room 473.', 8);
INSERT INTO NOTIFICATION VALUES(None, '2017-01-17 17:15:00', 'Upcoming appointment', 'Do not forget that you have appointment 940 in room 473.', 51);
INSERT INTO INVOICE_BILL VALUES('2017-01-17 17:45:00', 800, 6, False);
INSERT INTO MEDICAL_RECORD VALUES('Medical record description 219.', '2017-01-17 17:45:00', 940, 6);
INSERT INTO APPOINTMENT VALUES(941, 481, 1, '2015-06-22 13:30:00', '2015-06-22 13:45:00', 51, 3, None);
INSERT INTO NOTIFICATION VALUES(None, '2015-06-22 13:15:00', 'Upcoming appointment', 'Do not forget that you have appointment 941 in room 481.', 7);
INSERT INTO NOTIFICATION VALUES(None, '2015-06-22 13:15:00', 'Upcoming appointment', 'Do not forget that you have appointment 941 in room 481.', 51);
INSERT INTO INVOICE_BILL VALUES('2015-06-22 13:45:00', 100, 12, True);
INSERT INTO MEDICAL_RECORD VALUES('Medical record description 960.', '2015-06-22 13:45:00', 941, 3);
INSERT INTO APPOINTMENT VALUES(942, 107, 0, '2016-12-05 11:30:00', '2016-12-05 11:45:00', 51, 4, None);
INSERT INTO NOTIFICATION VALUES(None, '2016-12-05 11:15:00', 'Upcoming appointment', 'Do not forget that you have appointment 942 in room 107.', 3);
INSERT INTO NOTIFICATION VALUES(None, '2016-12-05 11:15:00', 'Upcoming appointment', 'Do not forget that you have appointment 942 in room 107.', 51);
INSERT INTO INVOICE_BILL VALUES('2016-12-05 11:45:00', 100, 10, True);
INSERT INTO MEDICAL_RECORD VALUES('Medical record description 646.', '2016-12-05 11:45:00', 942, 4);
INSERT INTO APPOINTMENT VALUES(943, 369, 1, '2017-09-26 10:30:00', '2017-09-26 10:45:00', 51, 10, None);
INSERT INTO NOTIFICATION VALUES(None, '2017-09-26 10:15:00', 'Upcoming appointment', 'Do not forget that you have appointment 943 in room 369.', 3);
INSERT INTO NOTIFICATION VALUES(None, '2017-09-26 10:15:00', 'Upcoming appointment', 'Do not forget that you have appointment 943 in room 369.', 51);
INSERT INTO INVOICE_BILL VALUES('2017-09-26 10:45:00', 1000, 6, False);
INSERT INTO MEDICAL_RECORD VALUES('Medical record description 6.', '2017-09-26 10:45:00', 943, 10);
INSERT INTO APPOINTMENT VALUES(944, 192, 1, '2011-06-29 13:00:00', '2011-06-29 13:15:00', 51, 3, None);
INSERT INTO NOTIFICATION VALUES(None, '2011-06-29 12:45:00', 'Upcoming appointment', 'Do not forget that you have appointment 944 in room 192.', 9);
INSERT INTO NOTIFICATION VALUES(None, '2011-06-29 12:45:00', 'Upcoming appointment', 'Do not forget that you have appointment 944 in room 192.', 51);
INSERT INTO INVOICE_BILL VALUES('2011-06-29 13:15:00', 200, 11, False);
INSERT INTO MEDICAL_RECORD VALUES('Medical record description 892.', '2011-06-29 13:15:00', 944, 3);
INSERT INTO APPOINTMENT VALUES(945, 403, 1, '2010-06-07 15:30:00', '2010-06-07 15:45:00', 51, 3, None);
INSERT INTO NOTIFICATION VALUES(None, '2010-06-07 15:15:00', 'Upcoming appointment', 'Do not forget that you have appointment 945 in room 403.', 10);
INSERT INTO NOTIFICATION VALUES(None, '2010-06-07 15:15:00', 'Upcoming appointment', 'Do not forget that you have appointment 945 in room 403.', 51);
INSERT INTO INVOICE_BILL VALUES('2010-06-07 15:45:00', 400, 3, True);
INSERT INTO MEDICAL_RECORD VALUES('Medical record description 515.', '2010-06-07 15:45:00', 945, 3);
INSERT INTO APPOINTMENT VALUES(946, 222, 0, '2018-08-20 15:45:00', '2018-08-20 16:00:00', 51, 6, None);
INSERT INTO NOTIFICATION VALUES(None, '2018-08-20 15:30:00', 'Upcoming appointment', 'Do not forget that you have appointment 946 in room 222.', 8);
INSERT INTO NOTIFICATION VALUES(None, '2018-08-20 15:30:00', 'Upcoming appointment', 'Do not forget that you have appointment 946 in room 222.', 51);
INSERT INTO INVOICE_BILL VALUES('2018-08-20 16:00:00', 600, 4, True);
INSERT INTO MEDICAL_RECORD VALUES('Medical record description 382.', '2018-08-20 16:00:00', 946, 6);
INSERT INTO APPOINTMENT VALUES(947, 388, 1, '2019-09-10 17:45:00', '2019-09-10 18:00:00', 51, 7, None);
INSERT INTO NOTIFICATION VALUES(None, '2019-09-10 17:30:00', 'Upcoming appointment', 'Do not forget that you have appointment 947 in room 388.', 7);
INSERT INTO NOTIFICATION VALUES(None, '2019-09-10 17:30:00', 'Upcoming appointment', 'Do not forget that you have appointment 947 in room 388.', 51);
INSERT INTO INVOICE_BILL VALUES('2019-09-10 18:00:00', 600, 7, False);
INSERT INTO MEDICAL_RECORD VALUES('Medical record description 435.', '2019-09-10 18:00:00', 947, 7);
INSERT INTO APPOINTMENT VALUES(948, 304, 0, '2018-11-16 10:30:00', '2018-11-16 10:45:00', 51, 8, None);
INSERT INTO NOTIFICATION VALUES(None, '2018-11-16 10:15:00', 'Upcoming appointment', 'Do not forget that you have appointment 948 in room 304.', 7);
INSERT INTO NOTIFICATION VALUES(None, '2018-11-16 10:15:00', 'Upcoming appointment', 'Do not forget that you have appointment 948 in room 304.', 51);
INSERT INTO INVOICE_BILL VALUES('2018-11-16 10:45:00', 950, 11, False);
INSERT INTO MEDICAL_RECORD VALUES('Medical record description 829.', '2018-11-16 10:45:00', 948, 8);
INSERT INTO APPOINTMENT VALUES(949, 487, 0, '2018-01-17 16:30:00', '2018-01-17 16:45:00', 51, 7, None);
INSERT INTO NOTIFICATION VALUES(None, '2018-01-17 16:15:00', 'Upcoming appointment', 'Do not forget that you have appointment 949 in room 487.', 10);
INSERT INTO NOTIFICATION VALUES(None, '2018-01-17 16:15:00', 'Upcoming appointment', 'Do not forget that you have appointment 949 in room 487.', 51);
INSERT INTO INVOICE_BILL VALUES('2018-01-17 16:45:00', 650, 2, False);
INSERT INTO MEDICAL_RECORD VALUES('Medical record description 878.', '2018-01-17 16:45:00', 949, 7);
INSERT INTO APPOINTMENT VALUES(950, 148, 1, '2015-01-22 14:30:00', '2015-01-22 14:45:00', 51, 9, None);
INSERT INTO NOTIFICATION VALUES(None, '2015-01-22 14:15:00', 'Upcoming appointment', 'Do not forget that you have appointment 950 in room 148.', 5);
INSERT INTO NOTIFICATION VALUES(None, '2015-01-22 14:15:00', 'Upcoming appointment', 'Do not forget that you have appointment 950 in room 148.', 51);
INSERT INTO INVOICE_BILL VALUES('2015-01-22 14:45:00', 250, 4, False);
INSERT INTO MEDICAL_RECORD VALUES('Medical record description 534.', '2015-01-22 14:45:00', 950, 9);
INSERT INTO APPOINTMENT VALUES(951, 381, 1, '2019-10-15 17:00:00', '2019-10-15 17:15:00', 51, 7, None);
INSERT INTO NOTIFICATION VALUES(None, '2019-10-15 16:45:00', 'Upcoming appointment', 'Do not forget that you have appointment 951 in room 381.', 10);
INSERT INTO NOTIFICATION VALUES(None, '2019-10-15 16:45:00', 'Upcoming appointment', 'Do not forget that you have appointment 951 in room 381.', 51);
INSERT INTO INVOICE_BILL VALUES('2019-10-15 17:15:00', 50, 8, False);
INSERT INTO MEDICAL_RECORD VALUES('Medical record description 652.', '2019-10-15 17:15:00', 951, 7);
INSERT INTO APPOINTMENT VALUES(952, 463, 0, '2015-05-07 12:45:00', '2015-05-07 13:00:00', 51, 2, None);
INSERT INTO NOTIFICATION VALUES(None, '2015-05-07 12:30:00', 'Upcoming appointment', 'Do not forget that you have appointment 952 in room 463.', 3);
INSERT INTO NOTIFICATION VALUES(None, '2015-05-07 12:30:00', 'Upcoming appointment', 'Do not forget that you have appointment 952 in room 463.', 51);
INSERT INTO INVOICE_BILL VALUES('2015-05-07 13:00:00', 1000, 8, True);
INSERT INTO MEDICAL_RECORD VALUES('Medical record description 152.', '2015-05-07 13:00:00', 952, 2);
INSERT INTO APPOINTMENT VALUES(953, 144, 0, '2019-05-01 17:00:00', '2019-05-01 17:15:00', 51, 1, None);
INSERT INTO NOTIFICATION VALUES(None, '2019-05-01 16:45:00', 'Upcoming appointment', 'Do not forget that you have appointment 953 in room 144.', 10);
INSERT INTO NOTIFICATION VALUES(None, '2019-05-01 16:45:00', 'Upcoming appointment', 'Do not forget that you have appointment 953 in room 144.', 51);
INSERT INTO INVOICE_BILL VALUES('2019-05-01 17:15:00', 400, 9, False);
INSERT INTO MEDICAL_RECORD VALUES('Medical record description 626.', '2019-05-01 17:15:00', 953, 1);
INSERT INTO APPOINTMENT VALUES(954, 479, 1, '2018-06-22 16:15:00', '2018-06-22 16:30:00', 51, 8, None);
INSERT INTO NOTIFICATION VALUES(None, '2018-06-22 16:00:00', 'Upcoming appointment', 'Do not forget that you have appointment 954 in room 479.', 8);
INSERT INTO NOTIFICATION VALUES(None, '2018-06-22 16:00:00', 'Upcoming appointment', 'Do not forget that you have appointment 954 in room 479.', 51);
INSERT INTO INVOICE_BILL VALUES('2018-06-22 16:30:00', 450, 1, True);
INSERT INTO MEDICAL_RECORD VALUES('Medical record description 528.', '2018-06-22 16:30:00', 954, 8);
INSERT INTO APPOINTMENT VALUES(955, 237, 0, '2019-03-26 16:15:00', '2019-03-26 16:30:00', 52, 7, None);
INSERT INTO NOTIFICATION VALUES(None, '2019-03-26 16:00:00', 'Upcoming appointment', 'Do not forget that you have appointment 955 in room 237.', 9);
INSERT INTO NOTIFICATION VALUES(None, '2019-03-26 16:00:00', 'Upcoming appointment', 'Do not forget that you have appointment 955 in room 237.', 52);
INSERT INTO INVOICE_BILL VALUES('2019-03-26 16:30:00', 100, 8, False);
INSERT INTO MEDICAL_RECORD VALUES('Medical record description 125.', '2019-03-26 16:30:00', 955, 7);
INSERT INTO APPOINTMENT VALUES(956, 497, 0, '2014-06-16 11:00:00', '2014-06-16 11:15:00', 52, 3, None);
INSERT INTO NOTIFICATION VALUES(None, '2014-06-16 10:45:00', 'Upcoming appointment', 'Do not forget that you have appointment 956 in room 497.', 6);
INSERT INTO NOTIFICATION VALUES(None, '2014-06-16 10:45:00', 'Upcoming appointment', 'Do not forget that you have appointment 956 in room 497.', 52);
INSERT INTO INVOICE_BILL VALUES('2014-06-16 11:15:00', 600, 5, False);
INSERT INTO MEDICAL_RECORD VALUES('Medical record description 529.', '2014-06-16 11:15:00', 956, 3);
INSERT INTO APPOINTMENT VALUES(957, 297, 1, '2016-07-04 17:45:00', '2016-07-04 18:00:00', 52, 9, None);
INSERT INTO NOTIFICATION VALUES(None, '2016-07-04 17:30:00', 'Upcoming appointment', 'Do not forget that you have appointment 957 in room 297.', 2);
INSERT INTO NOTIFICATION VALUES(None, '2016-07-04 17:30:00', 'Upcoming appointment', 'Do not forget that you have appointment 957 in room 297.', 52);
INSERT INTO INVOICE_BILL VALUES('2016-07-04 18:00:00', 300, 6, True);
INSERT INTO MEDICAL_RECORD VALUES('Medical record description 279.', '2016-07-04 18:00:00', 957, 9);
INSERT INTO APPOINTMENT VALUES(958, 452, 1, '2016-08-05 15:30:00', '2016-08-05 15:45:00', 52, 1, None);
INSERT INTO NOTIFICATION VALUES(None, '2016-08-05 15:15:00', 'Upcoming appointment', 'Do not forget that you have appointment 958 in room 452.', 2);
INSERT INTO NOTIFICATION VALUES(None, '2016-08-05 15:15:00', 'Upcoming appointment', 'Do not forget that you have appointment 958 in room 452.', 52);
INSERT INTO INVOICE_BILL VALUES('2016-08-05 15:45:00', 700, 13, False);
INSERT INTO MEDICAL_RECORD VALUES('Medical record description 603.', '2016-08-05 15:45:00', 958, 1);
INSERT INTO APPOINTMENT VALUES(959, 241, 0, '2016-04-28 15:00:00', '2016-04-28 15:15:00', 52, 3, None);
INSERT INTO NOTIFICATION VALUES(None, '2016-04-28 14:45:00', 'Upcoming appointment', 'Do not forget that you have appointment 959 in room 241.', 6);
INSERT INTO NOTIFICATION VALUES(None, '2016-04-28 14:45:00', 'Upcoming appointment', 'Do not forget that you have appointment 959 in room 241.', 52);
INSERT INTO INVOICE_BILL VALUES('2016-04-28 15:15:00', 350, 8, True);
INSERT INTO MEDICAL_RECORD VALUES('Medical record description 111.', '2016-04-28 15:15:00', 959, 3);
INSERT INTO APPOINTMENT VALUES(960, 119, 0, '2016-06-06 17:45:00', '2016-06-06 18:00:00', 52, 1, None);
INSERT INTO NOTIFICATION VALUES(None, '2016-06-06 17:30:00', 'Upcoming appointment', 'Do not forget that you have appointment 960 in room 119.', 5);
INSERT INTO NOTIFICATION VALUES(None, '2016-06-06 17:30:00', 'Upcoming appointment', 'Do not forget that you have appointment 960 in room 119.', 52);
INSERT INTO INVOICE_BILL VALUES('2016-06-06 18:00:00', 600, 1, True);
INSERT INTO MEDICAL_RECORD VALUES('Medical record description 238.', '2016-06-06 18:00:00', 960, 1);
INSERT INTO APPOINTMENT VALUES(961, 260, 0, '2010-06-11 10:45:00', '2010-06-11 11:00:00', 52, 3, None);
INSERT INTO NOTIFICATION VALUES(None, '2010-06-11 10:30:00', 'Upcoming appointment', 'Do not forget that you have appointment 961 in room 260.', 8);
INSERT INTO NOTIFICATION VALUES(None, '2010-06-11 10:30:00', 'Upcoming appointment', 'Do not forget that you have appointment 961 in room 260.', 52);
INSERT INTO INVOICE_BILL VALUES('2010-06-11 11:00:00', 750, 4, True);
INSERT INTO MEDICAL_RECORD VALUES('Medical record description 830.', '2010-06-11 11:00:00', 961, 3);
INSERT INTO APPOINTMENT VALUES(962, 247, 1, '2015-05-28 10:45:00', '2015-05-28 11:00:00', 52, 4, None);
INSERT INTO NOTIFICATION VALUES(None, '2015-05-28 10:30:00', 'Upcoming appointment', 'Do not forget that you have appointment 962 in room 247.', 7);
INSERT INTO NOTIFICATION VALUES(None, '2015-05-28 10:30:00', 'Upcoming appointment', 'Do not forget that you have appointment 962 in room 247.', 52);
INSERT INTO INVOICE_BILL VALUES('2015-05-28 11:00:00', 600, 4, False);
INSERT INTO MEDICAL_RECORD VALUES('Medical record description 205.', '2015-05-28 11:00:00', 962, 4);
INSERT INTO APPOINTMENT VALUES(963, 277, 1, '2017-04-18 11:15:00', '2017-04-18 11:30:00', 52, 1, None);
INSERT INTO NOTIFICATION VALUES(None, '2017-04-18 11:00:00', 'Upcoming appointment', 'Do not forget that you have appointment 963 in room 277.', 7);
INSERT INTO NOTIFICATION VALUES(None, '2017-04-18 11:00:00', 'Upcoming appointment', 'Do not forget that you have appointment 963 in room 277.', 52);
INSERT INTO INVOICE_BILL VALUES('2017-04-18 11:30:00', 550, 10, False);
INSERT INTO MEDICAL_RECORD VALUES('Medical record description 859.', '2017-04-18 11:30:00', 963, 1);
INSERT INTO APPOINTMENT VALUES(964, 435, 1, '2016-01-27 14:00:00', '2016-01-27 14:15:00', 52, 6, None);
INSERT INTO NOTIFICATION VALUES(None, '2016-01-27 13:45:00', 'Upcoming appointment', 'Do not forget that you have appointment 964 in room 435.', 10);
INSERT INTO NOTIFICATION VALUES(None, '2016-01-27 13:45:00', 'Upcoming appointment', 'Do not forget that you have appointment 964 in room 435.', 52);
INSERT INTO INVOICE_BILL VALUES('2016-01-27 14:15:00', 300, 11, False);
INSERT INTO MEDICAL_RECORD VALUES('Medical record description 372.', '2016-01-27 14:15:00', 964, 6);
INSERT INTO APPOINTMENT VALUES(965, 395, 0, '2019-10-16 11:15:00', '2019-10-16 11:30:00', 52, 7, None);
INSERT INTO NOTIFICATION VALUES(None, '2019-10-16 11:00:00', 'Upcoming appointment', 'Do not forget that you have appointment 965 in room 395.', 7);
INSERT INTO NOTIFICATION VALUES(None, '2019-10-16 11:00:00', 'Upcoming appointment', 'Do not forget that you have appointment 965 in room 395.', 52);
INSERT INTO INVOICE_BILL VALUES('2019-10-16 11:30:00', 300, 7, False);
INSERT INTO MEDICAL_RECORD VALUES('Medical record description 649.', '2019-10-16 11:30:00', 965, 7);
INSERT INTO APPOINTMENT VALUES(966, 369, 1, '2019-11-05 13:30:00', '2019-11-05 13:45:00', 52, 10, None);
INSERT INTO NOTIFICATION VALUES(None, '2019-11-05 13:15:00', 'Upcoming appointment', 'Do not forget that you have appointment 966 in room 369.', 2);
INSERT INTO NOTIFICATION VALUES(None, '2019-11-05 13:15:00', 'Upcoming appointment', 'Do not forget that you have appointment 966 in room 369.', 52);
INSERT INTO INVOICE_BILL VALUES('2019-11-05 13:45:00', 800, 9, False);
INSERT INTO MEDICAL_RECORD VALUES('Medical record description 936.', '2019-11-05 13:45:00', 966, 10);
INSERT INTO APPOINTMENT VALUES(967, 345, 1, '2016-10-25 12:00:00', '2016-10-25 12:15:00', 52, 2, None);
INSERT INTO NOTIFICATION VALUES(None, '2016-10-25 11:45:00', 'Upcoming appointment', 'Do not forget that you have appointment 967 in room 345.', 10);
INSERT INTO NOTIFICATION VALUES(None, '2016-10-25 11:45:00', 'Upcoming appointment', 'Do not forget that you have appointment 967 in room 345.', 52);
INSERT INTO INVOICE_BILL VALUES('2016-10-25 12:15:00', 750, 8, True);
INSERT INTO MEDICAL_RECORD VALUES('Medical record description 977.', '2016-10-25 12:15:00', 967, 2);
INSERT INTO APPOINTMENT VALUES(968, 410, 0, '2015-09-29 11:15:00', '2015-09-29 11:30:00', 52, 2, None);
INSERT INTO NOTIFICATION VALUES(None, '2015-09-29 11:00:00', 'Upcoming appointment', 'Do not forget that you have appointment 968 in room 410.', 5);
INSERT INTO NOTIFICATION VALUES(None, '2015-09-29 11:00:00', 'Upcoming appointment', 'Do not forget that you have appointment 968 in room 410.', 52);
INSERT INTO INVOICE_BILL VALUES('2015-09-29 11:30:00', 750, 4, True);
INSERT INTO MEDICAL_RECORD VALUES('Medical record description 514.', '2015-09-29 11:30:00', 968, 2);
INSERT INTO APPOINTMENT VALUES(969, 254, 1, '2017-01-20 15:30:00', '2017-01-20 15:45:00', 52, 6, None);
INSERT INTO NOTIFICATION VALUES(None, '2017-01-20 15:15:00', 'Upcoming appointment', 'Do not forget that you have appointment 969 in room 254.', 7);
INSERT INTO NOTIFICATION VALUES(None, '2017-01-20 15:15:00', 'Upcoming appointment', 'Do not forget that you have appointment 969 in room 254.', 52);
INSERT INTO INVOICE_BILL VALUES('2017-01-20 15:45:00', 1000, 15, False);
INSERT INTO MEDICAL_RECORD VALUES('Medical record description 218.', '2017-01-20 15:45:00', 969, 6);
INSERT INTO APPOINTMENT VALUES(970, 320, 0, '2016-03-16 14:45:00', '2016-03-16 15:00:00', 52, 2, None);
INSERT INTO NOTIFICATION VALUES(None, '2016-03-16 14:30:00', 'Upcoming appointment', 'Do not forget that you have appointment 970 in room 320.', 9);
INSERT INTO NOTIFICATION VALUES(None, '2016-03-16 14:30:00', 'Upcoming appointment', 'Do not forget that you have appointment 970 in room 320.', 52);
INSERT INTO INVOICE_BILL VALUES('2016-03-16 15:00:00', 950, 6, False);
INSERT INTO MEDICAL_RECORD VALUES('Medical record description 874.', '2016-03-16 15:00:00', 970, 2);
INSERT INTO APPOINTMENT VALUES(971, 473, 0, '2012-01-16 16:00:00', '2012-01-16 16:15:00', 52, 3, None);
INSERT INTO NOTIFICATION VALUES(None, '2012-01-16 15:45:00', 'Upcoming appointment', 'Do not forget that you have appointment 971 in room 473.', 4);
INSERT INTO NOTIFICATION VALUES(None, '2012-01-16 15:45:00', 'Upcoming appointment', 'Do not forget that you have appointment 971 in room 473.', 52);
INSERT INTO INVOICE_BILL VALUES('2012-01-16 16:15:00', 650, 3, True);
INSERT INTO MEDICAL_RECORD VALUES('Medical record description 546.', '2012-01-16 16:15:00', 971, 3);
INSERT INTO APPOINTMENT VALUES(972, 298, 0, '2019-08-05 17:30:00', '2019-08-05 17:45:00', 52, 5, None);
INSERT INTO NOTIFICATION VALUES(None, '2019-08-05 17:15:00', 'Upcoming appointment', 'Do not forget that you have appointment 972 in room 298.', 2);
INSERT INTO NOTIFICATION VALUES(None, '2019-08-05 17:15:00', 'Upcoming appointment', 'Do not forget that you have appointment 972 in room 298.', 52);
INSERT INTO INVOICE_BILL VALUES('2019-08-05 17:45:00', 450, 9, True);
INSERT INTO MEDICAL_RECORD VALUES('Medical record description 757.', '2019-08-05 17:45:00', 972, 5);
INSERT INTO APPOINTMENT VALUES(973, 314, 0, '2018-05-01 11:30:00', '2018-05-01 11:45:00', 52, 2, None);
INSERT INTO NOTIFICATION VALUES(None, '2018-05-01 11:15:00', 'Upcoming appointment', 'Do not forget that you have appointment 973 in room 314.', 1);
INSERT INTO NOTIFICATION VALUES(None, '2018-05-01 11:15:00', 'Upcoming appointment', 'Do not forget that you have appointment 973 in room 314.', 52);
INSERT INTO INVOICE_BILL VALUES('2018-05-01 11:45:00', 550, 7, False);
INSERT INTO MEDICAL_RECORD VALUES('Medical record description 298.', '2018-05-01 11:45:00', 973, 2);
INSERT INTO APPOINTMENT VALUES(974, 482, 1, '2017-10-27 14:45:00', '2017-10-27 15:00:00', 52, 3, None);
INSERT INTO NOTIFICATION VALUES(None, '2017-10-27 14:30:00', 'Upcoming appointment', 'Do not forget that you have appointment 974 in room 482.', 2);
INSERT INTO NOTIFICATION VALUES(None, '2017-10-27 14:30:00', 'Upcoming appointment', 'Do not forget that you have appointment 974 in room 482.', 52);
INSERT INTO INVOICE_BILL VALUES('2017-10-27 15:00:00', 550, 5, False);
INSERT INTO MEDICAL_RECORD VALUES('Medical record description 728.', '2017-10-27 15:00:00', 974, 3);
INSERT INTO APPOINTMENT VALUES(975, 354, 1, '2015-01-16 15:30:00', '2015-01-16 15:45:00', 52, 3, None);
INSERT INTO NOTIFICATION VALUES(None, '2015-01-16 15:15:00', 'Upcoming appointment', 'Do not forget that you have appointment 975 in room 354.', 1);
INSERT INTO NOTIFICATION VALUES(None, '2015-01-16 15:15:00', 'Upcoming appointment', 'Do not forget that you have appointment 975 in room 354.', 52);
INSERT INTO INVOICE_BILL VALUES('2015-01-16 15:45:00', 450, 4, True);
INSERT INTO MEDICAL_RECORD VALUES('Medical record description 554.', '2015-01-16 15:45:00', 975, 3);
INSERT INTO APPOINTMENT VALUES(976, 279, 1, '2015-08-14 14:30:00', '2015-08-14 14:45:00', 52, 1, None);
INSERT INTO NOTIFICATION VALUES(None, '2015-08-14 14:15:00', 'Upcoming appointment', 'Do not forget that you have appointment 976 in room 279.', 9);
INSERT INTO NOTIFICATION VALUES(None, '2015-08-14 14:15:00', 'Upcoming appointment', 'Do not forget that you have appointment 976 in room 279.', 52);
INSERT INTO INVOICE_BILL VALUES('2015-08-14 14:45:00', 900, 12, False);
INSERT INTO MEDICAL_RECORD VALUES('Medical record description 607.', '2015-08-14 14:45:00', 976, 1);
INSERT INTO APPOINTMENT VALUES(977, 285, 0, '2014-12-22 17:00:00', '2014-12-22 17:15:00', 52, 1, None);
INSERT INTO NOTIFICATION VALUES(None, '2014-12-22 16:45:00', 'Upcoming appointment', 'Do not forget that you have appointment 977 in room 285.', 9);
INSERT INTO NOTIFICATION VALUES(None, '2014-12-22 16:45:00', 'Upcoming appointment', 'Do not forget that you have appointment 977 in room 285.', 52);
INSERT INTO INVOICE_BILL VALUES('2014-12-22 17:15:00', 450, 11, True);
INSERT INTO MEDICAL_RECORD VALUES('Medical record description 809.', '2014-12-22 17:15:00', 977, 1);
INSERT INTO APPOINTMENT VALUES(978, 310, 0, '2017-09-06 13:15:00', '2017-09-06 13:30:00', 52, 5, None);
INSERT INTO NOTIFICATION VALUES(None, '2017-09-06 13:00:00', 'Upcoming appointment', 'Do not forget that you have appointment 978 in room 310.', 7);
INSERT INTO NOTIFICATION VALUES(None, '2017-09-06 13:00:00', 'Upcoming appointment', 'Do not forget that you have appointment 978 in room 310.', 52);
INSERT INTO INVOICE_BILL VALUES('2017-09-06 13:30:00', 850, 6, False);
INSERT INTO MEDICAL_RECORD VALUES('Medical record description 802.', '2017-09-06 13:30:00', 978, 5);
INSERT INTO APPOINTMENT VALUES(979, 472, 1, '2016-08-31 15:15:00', '2016-08-31 15:30:00', 52, 1, None);
INSERT INTO NOTIFICATION VALUES(None, '2016-08-31 15:00:00', 'Upcoming appointment', 'Do not forget that you have appointment 979 in room 472.', 5);
INSERT INTO NOTIFICATION VALUES(None, '2016-08-31 15:00:00', 'Upcoming appointment', 'Do not forget that you have appointment 979 in room 472.', 52);
INSERT INTO INVOICE_BILL VALUES('2016-08-31 15:30:00', 1000, 6, False);
INSERT INTO MEDICAL_RECORD VALUES('Medical record description 401.', '2016-08-31 15:30:00', 979, 1);
INSERT INTO APPOINTMENT VALUES(980, 324, 1, '2012-06-13 11:15:00', '2012-06-13 11:30:00', 52, 3, None);
INSERT INTO NOTIFICATION VALUES(None, '2012-06-13 11:00:00', 'Upcoming appointment', 'Do not forget that you have appointment 980 in room 324.', 7);
INSERT INTO NOTIFICATION VALUES(None, '2012-06-13 11:00:00', 'Upcoming appointment', 'Do not forget that you have appointment 980 in room 324.', 52);
INSERT INTO INVOICE_BILL VALUES('2012-06-13 11:30:00', 500, 10, False);
INSERT INTO MEDICAL_RECORD VALUES('Medical record description 41.', '2012-06-13 11:30:00', 980, 3);
INSERT INTO APPOINTMENT VALUES(981, 472, 0, '2015-08-07 15:45:00', '2015-08-07 16:00:00', 52, 1, None);
INSERT INTO NOTIFICATION VALUES(None, '2015-08-07 15:30:00', 'Upcoming appointment', 'Do not forget that you have appointment 981 in room 472.', 10);
INSERT INTO NOTIFICATION VALUES(None, '2015-08-07 15:30:00', 'Upcoming appointment', 'Do not forget that you have appointment 981 in room 472.', 52);
INSERT INTO INVOICE_BILL VALUES('2015-08-07 16:00:00', 600, 7, False);
INSERT INTO MEDICAL_RECORD VALUES('Medical record description 633.', '2015-08-07 16:00:00', 981, 1);
INSERT INTO APPOINTMENT VALUES(982, 443, 1, '2019-02-13 12:30:00', '2019-02-13 12:45:00', 53, 1, None);
INSERT INTO NOTIFICATION VALUES(None, '2019-02-13 12:15:00', 'Upcoming appointment', 'Do not forget that you have appointment 982 in room 443.', 9);
INSERT INTO NOTIFICATION VALUES(None, '2019-02-13 12:15:00', 'Upcoming appointment', 'Do not forget that you have appointment 982 in room 443.', 53);
INSERT INTO INVOICE_BILL VALUES('2019-02-13 12:45:00', 900, 15, True);
INSERT INTO MEDICAL_RECORD VALUES('Medical record description 664.', '2019-02-13 12:45:00', 982, 1);
INSERT INTO APPOINTMENT VALUES(983, 161, 0, '2017-08-11 12:00:00', '2017-08-11 12:15:00', 53, 3, None);
INSERT INTO NOTIFICATION VALUES(None, '2017-08-11 11:45:00', 'Upcoming appointment', 'Do not forget that you have appointment 983 in room 161.', 5);
INSERT INTO NOTIFICATION VALUES(None, '2017-08-11 11:45:00', 'Upcoming appointment', 'Do not forget that you have appointment 983 in room 161.', 53);
INSERT INTO INVOICE_BILL VALUES('2017-08-11 12:15:00', 500, 10, True);
INSERT INTO MEDICAL_RECORD VALUES('Medical record description 275.', '2017-08-11 12:15:00', 983, 3);
INSERT INTO APPOINTMENT VALUES(984, 478, 1, '2015-03-09 14:30:00', '2015-03-09 14:45:00', 53, 2, None);
INSERT INTO NOTIFICATION VALUES(None, '2015-03-09 14:15:00', 'Upcoming appointment', 'Do not forget that you have appointment 984 in room 478.', 5);
INSERT INTO NOTIFICATION VALUES(None, '2015-03-09 14:15:00', 'Upcoming appointment', 'Do not forget that you have appointment 984 in room 478.', 53);
INSERT INTO INVOICE_BILL VALUES('2015-03-09 14:45:00', 950, 15, True);
INSERT INTO MEDICAL_RECORD VALUES('Medical record description 213.', '2015-03-09 14:45:00', 984, 2);
INSERT INTO APPOINTMENT VALUES(985, 450, 1, '2018-12-11 12:00:00', '2018-12-11 12:15:00', 53, 7, None);
INSERT INTO NOTIFICATION VALUES(None, '2018-12-11 11:45:00', 'Upcoming appointment', 'Do not forget that you have appointment 985 in room 450.', 5);
INSERT INTO NOTIFICATION VALUES(None, '2018-12-11 11:45:00', 'Upcoming appointment', 'Do not forget that you have appointment 985 in room 450.', 53);
INSERT INTO INVOICE_BILL VALUES('2018-12-11 12:15:00', 500, 4, True);
INSERT INTO MEDICAL_RECORD VALUES('Medical record description 695.', '2018-12-11 12:15:00', 985, 7);
INSERT INTO APPOINTMENT VALUES(986, 122, 0, '2017-07-19 11:00:00', '2017-07-19 11:15:00', 53, 8, None);
INSERT INTO NOTIFICATION VALUES(None, '2017-07-19 10:45:00', 'Upcoming appointment', 'Do not forget that you have appointment 986 in room 122.', 9);
INSERT INTO NOTIFICATION VALUES(None, '2017-07-19 10:45:00', 'Upcoming appointment', 'Do not forget that you have appointment 986 in room 122.', 53);
INSERT INTO INVOICE_BILL VALUES('2017-07-19 11:15:00', 300, 13, True);
INSERT INTO MEDICAL_RECORD VALUES('Medical record description 794.', '2017-07-19 11:15:00', 986, 8);
INSERT INTO APPOINTMENT VALUES(987, 163, 1, '2019-04-10 17:45:00', '2019-04-10 18:00:00', 53, 6, None);
INSERT INTO NOTIFICATION VALUES(None, '2019-04-10 17:30:00', 'Upcoming appointment', 'Do not forget that you have appointment 987 in room 163.', 2);
INSERT INTO NOTIFICATION VALUES(None, '2019-04-10 17:30:00', 'Upcoming appointment', 'Do not forget that you have appointment 987 in room 163.', 53);
INSERT INTO INVOICE_BILL VALUES('2019-04-10 18:00:00', 600, 14, True);
INSERT INTO MEDICAL_RECORD VALUES('Medical record description 889.', '2019-04-10 18:00:00', 987, 6);
INSERT INTO APPOINTMENT VALUES(988, 436, 1, '2015-08-25 16:00:00', '2015-08-25 16:15:00', 53, 4, None);
INSERT INTO NOTIFICATION VALUES(None, '2015-08-25 15:45:00', 'Upcoming appointment', 'Do not forget that you have appointment 988 in room 436.', 8);
INSERT INTO NOTIFICATION VALUES(None, '2015-08-25 15:45:00', 'Upcoming appointment', 'Do not forget that you have appointment 988 in room 436.', 53);
INSERT INTO INVOICE_BILL VALUES('2015-08-25 16:15:00', 50, 15, True);
INSERT INTO MEDICAL_RECORD VALUES('Medical record description 920.', '2015-08-25 16:15:00', 988, 4);
INSERT INTO APPOINTMENT VALUES(989, 404, 0, '2018-08-10 11:30:00', '2018-08-10 11:45:00', 53, 5, None);
INSERT INTO NOTIFICATION VALUES(None, '2018-08-10 11:15:00', 'Upcoming appointment', 'Do not forget that you have appointment 989 in room 404.', 8);
INSERT INTO NOTIFICATION VALUES(None, '2018-08-10 11:15:00', 'Upcoming appointment', 'Do not forget that you have appointment 989 in room 404.', 53);
INSERT INTO INVOICE_BILL VALUES('2018-08-10 11:45:00', 950, 1, False);
INSERT INTO MEDICAL_RECORD VALUES('Medical record description 698.', '2018-08-10 11:45:00', 989, 5);
INSERT INTO APPOINTMENT VALUES(990, 481, 0, '2016-04-14 17:45:00', '2016-04-14 18:00:00', 53, 9, None);
INSERT INTO NOTIFICATION VALUES(None, '2016-04-14 17:30:00', 'Upcoming appointment', 'Do not forget that you have appointment 990 in room 481.', 10);
INSERT INTO NOTIFICATION VALUES(None, '2016-04-14 17:30:00', 'Upcoming appointment', 'Do not forget that you have appointment 990 in room 481.', 53);
INSERT INTO INVOICE_BILL VALUES('2016-04-14 18:00:00', 550, 14, False);
INSERT INTO MEDICAL_RECORD VALUES('Medical record description 319.', '2016-04-14 18:00:00', 990, 9);
INSERT INTO APPOINTMENT VALUES(991, 128, 0, '2015-08-12 10:15:00', '2015-08-12 10:30:00', 53, 1, None);
INSERT INTO NOTIFICATION VALUES(None, '2015-08-12 10:00:00', 'Upcoming appointment', 'Do not forget that you have appointment 991 in room 128.', 7);
INSERT INTO NOTIFICATION VALUES(None, '2015-08-12 10:00:00', 'Upcoming appointment', 'Do not forget that you have appointment 991 in room 128.', 53);
INSERT INTO INVOICE_BILL VALUES('2015-08-12 10:30:00', 300, 13, False);
INSERT INTO MEDICAL_RECORD VALUES('Medical record description 983.', '2015-08-12 10:30:00', 991, 1);
INSERT INTO APPOINTMENT VALUES(992, 240, 1, '2017-02-20 14:30:00', '2017-02-20 14:45:00', 53, 4, None);
INSERT INTO NOTIFICATION VALUES(None, '2017-02-20 14:15:00', 'Upcoming appointment', 'Do not forget that you have appointment 992 in room 240.', 9);
INSERT INTO NOTIFICATION VALUES(None, '2017-02-20 14:15:00', 'Upcoming appointment', 'Do not forget that you have appointment 992 in room 240.', 53);
INSERT INTO INVOICE_BILL VALUES('2017-02-20 14:45:00', 550, 1, True);
INSERT INTO MEDICAL_RECORD VALUES('Medical record description 478.', '2017-02-20 14:45:00', 992, 4);
INSERT INTO APPOINTMENT VALUES(993, 433, 0, '2013-10-08 11:45:00', '2013-10-08 12:00:00', 53, 3, None);
INSERT INTO NOTIFICATION VALUES(None, '2013-10-08 11:30:00', 'Upcoming appointment', 'Do not forget that you have appointment 993 in room 433.', 10);
INSERT INTO NOTIFICATION VALUES(None, '2013-10-08 11:30:00', 'Upcoming appointment', 'Do not forget that you have appointment 993 in room 433.', 53);
INSERT INTO INVOICE_BILL VALUES('2013-10-08 12:00:00', 100, 7, False);
INSERT INTO MEDICAL_RECORD VALUES('Medical record description 755.', '2013-10-08 12:00:00', 993, 3);
INSERT INTO APPOINTMENT VALUES(994, 102, 1, '2016-07-19 16:30:00', '2016-07-19 16:45:00', 53, 3, None);
INSERT INTO NOTIFICATION VALUES(None, '2016-07-19 16:15:00', 'Upcoming appointment', 'Do not forget that you have appointment 994 in room 102.', 7);
INSERT INTO NOTIFICATION VALUES(None, '2016-07-19 16:15:00', 'Upcoming appointment', 'Do not forget that you have appointment 994 in room 102.', 53);
INSERT INTO INVOICE_BILL VALUES('2016-07-19 16:45:00', 400, 5, False);
INSERT INTO MEDICAL_RECORD VALUES('Medical record description 283.', '2016-07-19 16:45:00', 994, 3);
INSERT INTO APPOINTMENT VALUES(995, 332, 0, '2017-03-20 13:45:00', '2017-03-20 14:00:00', 53, 6, None);
INSERT INTO NOTIFICATION VALUES(None, '2017-03-20 13:30:00', 'Upcoming appointment', 'Do not forget that you have appointment 995 in room 332.', 10);
INSERT INTO NOTIFICATION VALUES(None, '2017-03-20 13:30:00', 'Upcoming appointment', 'Do not forget that you have appointment 995 in room 332.', 53);
INSERT INTO INVOICE_BILL VALUES('2017-03-20 14:00:00', 850, 9, True);
INSERT INTO MEDICAL_RECORD VALUES('Medical record description 514.', '2017-03-20 14:00:00', 995, 6);
INSERT INTO APPOINTMENT VALUES(996, 139, 1, '2018-01-04 16:15:00', '2018-01-04 16:30:00', 53, 8, None);
INSERT INTO NOTIFICATION VALUES(None, '2018-01-04 16:00:00', 'Upcoming appointment', 'Do not forget that you have appointment 996 in room 139.', 10);
INSERT INTO NOTIFICATION VALUES(None, '2018-01-04 16:00:00', 'Upcoming appointment', 'Do not forget that you have appointment 996 in room 139.', 53);
INSERT INTO INVOICE_BILL VALUES('2018-01-04 16:30:00', 750, 13, False);
INSERT INTO MEDICAL_RECORD VALUES('Medical record description 641.', '2018-01-04 16:30:00', 996, 8);
INSERT INTO APPOINTMENT VALUES(997, 283, 1, '2019-04-16 12:45:00', '2019-04-16 13:00:00', 53, 1, None);
INSERT INTO NOTIFICATION VALUES(None, '2019-04-16 12:30:00', 'Upcoming appointment', 'Do not forget that you have appointment 997 in room 283.', 5);
INSERT INTO NOTIFICATION VALUES(None, '2019-04-16 12:30:00', 'Upcoming appointment', 'Do not forget that you have appointment 997 in room 283.', 53);
INSERT INTO INVOICE_BILL VALUES('2019-04-16 13:00:00', 300, 10, True);
INSERT INTO MEDICAL_RECORD VALUES('Medical record description 940.', '2019-04-16 13:00:00', 997, 1);
INSERT INTO APPOINTMENT VALUES(998, 363, 0, '2016-08-15 10:00:00', '2016-08-15 10:15:00', 53, 1, None);
INSERT INTO NOTIFICATION VALUES(None, '2016-08-15 09:45:00', 'Upcoming appointment', 'Do not forget that you have appointment 998 in room 363.', 5);
INSERT INTO NOTIFICATION VALUES(None, '2016-08-15 09:45:00', 'Upcoming appointment', 'Do not forget that you have appointment 998 in room 363.', 53);
INSERT INTO INVOICE_BILL VALUES('2016-08-15 10:15:00', 850, 4, True);
INSERT INTO MEDICAL_RECORD VALUES('Medical record description 936.', '2016-08-15 10:15:00', 998, 1);
INSERT INTO APPOINTMENT VALUES(999, 362, 0, '2018-01-30 11:30:00', '2018-01-30 11:45:00', 53, 4, None);
INSERT INTO NOTIFICATION VALUES(None, '2018-01-30 11:15:00', 'Upcoming appointment', 'Do not forget that you have appointment 999 in room 362.', 5);
INSERT INTO NOTIFICATION VALUES(None, '2018-01-30 11:15:00', 'Upcoming appointment', 'Do not forget that you have appointment 999 in room 362.', 53);
INSERT INTO INVOICE_BILL VALUES('2018-01-30 11:45:00', 800, 9, False);
INSERT INTO MEDICAL_RECORD VALUES('Medical record description 436.', '2018-01-30 11:45:00', 999, 4);
INSERT INTO APPOINTMENT VALUES(1000, 468, 1, '2013-06-19 14:00:00', '2013-06-19 14:15:00', 53, 1, None);
INSERT INTO NOTIFICATION VALUES(None, '2013-06-19 13:45:00', 'Upcoming appointment', 'Do not forget that you have appointment 1000 in room 468.', 9);
INSERT INTO NOTIFICATION VALUES(None, '2013-06-19 13:45:00', 'Upcoming appointment', 'Do not forget that you have appointment 1000 in room 468.', 53);
INSERT INTO INVOICE_BILL VALUES('2013-06-19 14:15:00', 900, 15, False);
INSERT INTO MEDICAL_RECORD VALUES('Medical record description 893.', '2013-06-19 14:15:00', 1000, 1);
INSERT INTO APPOINTMENT VALUES(1001, 409, 0, '2017-01-20 15:45:00', '2017-01-20 16:00:00', 53, 4, None);
INSERT INTO NOTIFICATION VALUES(None, '2017-01-20 15:30:00', 'Upcoming appointment', 'Do not forget that you have appointment 1001 in room 409.', 4);
INSERT INTO NOTIFICATION VALUES(None, '2017-01-20 15:30:00', 'Upcoming appointment', 'Do not forget that you have appointment 1001 in room 409.', 53);
INSERT INTO INVOICE_BILL VALUES('2017-01-20 16:00:00', 100, 14, True);
INSERT INTO MEDICAL_RECORD VALUES('Medical record description 457.', '2017-01-20 16:00:00', 1001, 4);
INSERT INTO APPOINTMENT VALUES(1002, 159, 0, '2018-09-24 11:30:00', '2018-09-24 11:45:00', 54, 8, None);
INSERT INTO NOTIFICATION VALUES(None, '2018-09-24 11:15:00', 'Upcoming appointment', 'Do not forget that you have appointment 1002 in room 159.', 6);
INSERT INTO NOTIFICATION VALUES(None, '2018-09-24 11:15:00', 'Upcoming appointment', 'Do not forget that you have appointment 1002 in room 159.', 54);
INSERT INTO INVOICE_BILL VALUES('2018-09-24 11:45:00', 50, 5, False);
INSERT INTO MEDICAL_RECORD VALUES('Medical record description 781.', '2018-09-24 11:45:00', 1002, 8);
INSERT INTO APPOINTMENT VALUES(1003, 328, 1, '2016-07-01 16:15:00', '2016-07-01 16:30:00', 54, 6, None);
INSERT INTO NOTIFICATION VALUES(None, '2016-07-01 16:00:00', 'Upcoming appointment', 'Do not forget that you have appointment 1003 in room 328.', 2);
INSERT INTO NOTIFICATION VALUES(None, '2016-07-01 16:00:00', 'Upcoming appointment', 'Do not forget that you have appointment 1003 in room 328.', 54);
INSERT INTO INVOICE_BILL VALUES('2016-07-01 16:30:00', 700, 5, False);
INSERT INTO MEDICAL_RECORD VALUES('Medical record description 158.', '2016-07-01 16:30:00', 1003, 6);
INSERT INTO APPOINTMENT VALUES(1004, 132, 0, '2019-04-18 15:00:00', '2019-04-18 15:15:00', 54, 3, None);
INSERT INTO NOTIFICATION VALUES(None, '2019-04-18 14:45:00', 'Upcoming appointment', 'Do not forget that you have appointment 1004 in room 132.', 3);
INSERT INTO NOTIFICATION VALUES(None, '2019-04-18 14:45:00', 'Upcoming appointment', 'Do not forget that you have appointment 1004 in room 132.', 54);
INSERT INTO INVOICE_BILL VALUES('2019-04-18 15:15:00', 550, 14, True);
INSERT INTO MEDICAL_RECORD VALUES('Medical record description 640.', '2019-04-18 15:15:00', 1004, 3);
INSERT INTO APPOINTMENT VALUES(1005, 148, 0, '2017-06-06 15:30:00', '2017-06-06 15:45:00', 54, 9, None);
INSERT INTO NOTIFICATION VALUES(None, '2017-06-06 15:15:00', 'Upcoming appointment', 'Do not forget that you have appointment 1005 in room 148.', 8);
INSERT INTO NOTIFICATION VALUES(None, '2017-06-06 15:15:00', 'Upcoming appointment', 'Do not forget that you have appointment 1005 in room 148.', 54);
INSERT INTO INVOICE_BILL VALUES('2017-06-06 15:45:00', 700, 8, True);
INSERT INTO MEDICAL_RECORD VALUES('Medical record description 87.', '2017-06-06 15:45:00', 1005, 9);
INSERT INTO APPOINTMENT VALUES(1006, 224, 0, '2012-08-13 14:00:00', '2012-08-13 14:15:00', 54, 1, None);
INSERT INTO NOTIFICATION VALUES(None, '2012-08-13 13:45:00', 'Upcoming appointment', 'Do not forget that you have appointment 1006 in room 224.', 2);
INSERT INTO NOTIFICATION VALUES(None, '2012-08-13 13:45:00', 'Upcoming appointment', 'Do not forget that you have appointment 1006 in room 224.', 54);
INSERT INTO INVOICE_BILL VALUES('2012-08-13 14:15:00', 300, 15, False);
INSERT INTO MEDICAL_RECORD VALUES('Medical record description 917.', '2012-08-13 14:15:00', 1006, 1);
INSERT INTO APPOINTMENT VALUES(1007, 414, 1, '2018-02-05 15:45:00', '2018-02-05 16:00:00', 54, 10, None);
INSERT INTO NOTIFICATION VALUES(None, '2018-02-05 15:30:00', 'Upcoming appointment', 'Do not forget that you have appointment 1007 in room 414.', 7);
INSERT INTO NOTIFICATION VALUES(None, '2018-02-05 15:30:00', 'Upcoming appointment', 'Do not forget that you have appointment 1007 in room 414.', 54);
INSERT INTO INVOICE_BILL VALUES('2018-02-05 16:00:00', 700, 10, False);
INSERT INTO MEDICAL_RECORD VALUES('Medical record description 60.', '2018-02-05 16:00:00', 1007, 10);
INSERT INTO APPOINTMENT VALUES(1008, 316, 0, '2015-05-07 17:45:00', '2015-05-07 18:00:00', 54, 2, None);
INSERT INTO NOTIFICATION VALUES(None, '2015-05-07 17:30:00', 'Upcoming appointment', 'Do not forget that you have appointment 1008 in room 316.', 4);
INSERT INTO NOTIFICATION VALUES(None, '2015-05-07 17:30:00', 'Upcoming appointment', 'Do not forget that you have appointment 1008 in room 316.', 54);
INSERT INTO INVOICE_BILL VALUES('2015-05-07 18:00:00', 850, 14, False);
INSERT INTO MEDICAL_RECORD VALUES('Medical record description 704.', '2015-05-07 18:00:00', 1008, 2);
INSERT INTO APPOINTMENT VALUES(1009, 103, 0, '2015-02-25 12:00:00', '2015-02-25 12:15:00', 54, 2, None);
INSERT INTO NOTIFICATION VALUES(None, '2015-02-25 11:45:00', 'Upcoming appointment', 'Do not forget that you have appointment 1009 in room 103.', 4);
INSERT INTO NOTIFICATION VALUES(None, '2015-02-25 11:45:00', 'Upcoming appointment', 'Do not forget that you have appointment 1009 in room 103.', 54);
INSERT INTO INVOICE_BILL VALUES('2015-02-25 12:15:00', 900, 3, True);
INSERT INTO MEDICAL_RECORD VALUES('Medical record description 748.', '2015-02-25 12:15:00', 1009, 2);
INSERT INTO APPOINTMENT VALUES(1010, 454, 1, '2014-11-11 14:45:00', '2014-11-11 15:00:00', 54, 9, None);
INSERT INTO NOTIFICATION VALUES(None, '2014-11-11 14:30:00', 'Upcoming appointment', 'Do not forget that you have appointment 1010 in room 454.', 7);
INSERT INTO NOTIFICATION VALUES(None, '2014-11-11 14:30:00', 'Upcoming appointment', 'Do not forget that you have appointment 1010 in room 454.', 54);
INSERT INTO INVOICE_BILL VALUES('2014-11-11 15:00:00', 350, 13, True);
INSERT INTO MEDICAL_RECORD VALUES('Medical record description 240.', '2014-11-11 15:00:00', 1010, 9);
INSERT INTO APPOINTMENT VALUES(1011, 127, 1, '2019-05-28 12:00:00', '2019-05-28 12:15:00', 54, 4, None);
INSERT INTO NOTIFICATION VALUES(None, '2019-05-28 11:45:00', 'Upcoming appointment', 'Do not forget that you have appointment 1011 in room 127.', 1);
INSERT INTO NOTIFICATION VALUES(None, '2019-05-28 11:45:00', 'Upcoming appointment', 'Do not forget that you have appointment 1011 in room 127.', 54);
INSERT INTO INVOICE_BILL VALUES('2019-05-28 12:15:00', 950, 7, True);
INSERT INTO MEDICAL_RECORD VALUES('Medical record description 152.', '2019-05-28 12:15:00', 1011, 4);
INSERT INTO APPOINTMENT VALUES(1012, 398, 0, '2017-07-10 16:45:00', '2017-07-10 17:00:00', 55, 6, None);
INSERT INTO NOTIFICATION VALUES(None, '2017-07-10 16:30:00', 'Upcoming appointment', 'Do not forget that you have appointment 1012 in room 398.', 10);
INSERT INTO NOTIFICATION VALUES(None, '2017-07-10 16:30:00', 'Upcoming appointment', 'Do not forget that you have appointment 1012 in room 398.', 55);
INSERT INTO INVOICE_BILL VALUES('2017-07-10 17:00:00', 400, 2, True);
INSERT INTO MEDICAL_RECORD VALUES('Medical record description 48.', '2017-07-10 17:00:00', 1012, 6);
INSERT INTO APPOINTMENT VALUES(1013, 252, 0, '2019-03-04 10:45:00', '2019-03-04 11:00:00', 55, 5, None);
INSERT INTO NOTIFICATION VALUES(None, '2019-03-04 10:30:00', 'Upcoming appointment', 'Do not forget that you have appointment 1013 in room 252.', 7);
INSERT INTO NOTIFICATION VALUES(None, '2019-03-04 10:30:00', 'Upcoming appointment', 'Do not forget that you have appointment 1013 in room 252.', 55);
INSERT INTO INVOICE_BILL VALUES('2019-03-04 11:00:00', 800, 4, False);
INSERT INTO MEDICAL_RECORD VALUES('Medical record description 853.', '2019-03-04 11:00:00', 1013, 5);
INSERT INTO APPOINTMENT VALUES(1014, 241, 0, '2015-11-25 12:30:00', '2015-11-25 12:45:00', 55, 2, None);
INSERT INTO NOTIFICATION VALUES(None, '2015-11-25 12:15:00', 'Upcoming appointment', 'Do not forget that you have appointment 1014 in room 241.', 9);
INSERT INTO NOTIFICATION VALUES(None, '2015-11-25 12:15:00', 'Upcoming appointment', 'Do not forget that you have appointment 1014 in room 241.', 55);
INSERT INTO INVOICE_BILL VALUES('2015-11-25 12:45:00', 300, 3, True);
INSERT INTO MEDICAL_RECORD VALUES('Medical record description 669.', '2015-11-25 12:45:00', 1014, 2);
INSERT INTO APPOINTMENT VALUES(1015, 421, 1, '2016-04-25 10:15:00', '2016-04-25 10:30:00', 55, 3, None);
INSERT INTO NOTIFICATION VALUES(None, '2016-04-25 10:00:00', 'Upcoming appointment', 'Do not forget that you have appointment 1015 in room 421.', 3);
INSERT INTO NOTIFICATION VALUES(None, '2016-04-25 10:00:00', 'Upcoming appointment', 'Do not forget that you have appointment 1015 in room 421.', 55);
INSERT INTO INVOICE_BILL VALUES('2016-04-25 10:30:00', 550, 6, True);
INSERT INTO MEDICAL_RECORD VALUES('Medical record description 314.', '2016-04-25 10:30:00', 1015, 3);
INSERT INTO APPOINTMENT VALUES(1016, 264, 0, '2018-07-30 12:15:00', '2018-07-30 12:30:00', 55, 1, None);
INSERT INTO NOTIFICATION VALUES(None, '2018-07-30 12:00:00', 'Upcoming appointment', 'Do not forget that you have appointment 1016 in room 264.', 5);
INSERT INTO NOTIFICATION VALUES(None, '2018-07-30 12:00:00', 'Upcoming appointment', 'Do not forget that you have appointment 1016 in room 264.', 55);
INSERT INTO INVOICE_BILL VALUES('2018-07-30 12:30:00', 550, 4, False);
INSERT INTO MEDICAL_RECORD VALUES('Medical record description 706.', '2018-07-30 12:30:00', 1016, 1);
INSERT INTO APPOINTMENT VALUES(1017, 274, 1, '2017-06-01 15:00:00', '2017-06-01 15:15:00', 55, 8, None);
INSERT INTO NOTIFICATION VALUES(None, '2017-06-01 14:45:00', 'Upcoming appointment', 'Do not forget that you have appointment 1017 in room 274.', 1);
INSERT INTO NOTIFICATION VALUES(None, '2017-06-01 14:45:00', 'Upcoming appointment', 'Do not forget that you have appointment 1017 in room 274.', 55);
INSERT INTO INVOICE_BILL VALUES('2017-06-01 15:15:00', 850, 9, True);
INSERT INTO MEDICAL_RECORD VALUES('Medical record description 223.', '2017-06-01 15:15:00', 1017, 8);
INSERT INTO APPOINTMENT VALUES(1018, 274, 1, '2015-11-05 17:30:00', '2015-11-05 17:45:00', 55, 3, None);
INSERT INTO NOTIFICATION VALUES(None, '2015-11-05 17:15:00', 'Upcoming appointment', 'Do not forget that you have appointment 1018 in room 274.', 7);
INSERT INTO NOTIFICATION VALUES(None, '2015-11-05 17:15:00', 'Upcoming appointment', 'Do not forget that you have appointment 1018 in room 274.', 55);
INSERT INTO INVOICE_BILL VALUES('2015-11-05 17:45:00', 450, 1, False);
INSERT INTO MEDICAL_RECORD VALUES('Medical record description 779.', '2015-11-05 17:45:00', 1018, 3);
INSERT INTO APPOINTMENT VALUES(1019, 438, 0, '2016-11-28 10:30:00', '2016-11-28 10:45:00', 55, 1, None);
INSERT INTO NOTIFICATION VALUES(None, '2016-11-28 10:15:00', 'Upcoming appointment', 'Do not forget that you have appointment 1019 in room 438.', 8);
INSERT INTO NOTIFICATION VALUES(None, '2016-11-28 10:15:00', 'Upcoming appointment', 'Do not forget that you have appointment 1019 in room 438.', 55);
INSERT INTO INVOICE_BILL VALUES('2016-11-28 10:45:00', 550, 15, False);
INSERT INTO MEDICAL_RECORD VALUES('Medical record description 692.', '2016-11-28 10:45:00', 1019, 1);
INSERT INTO APPOINTMENT VALUES(1020, 399, 1, '2014-03-18 14:15:00', '2014-03-18 14:30:00', 55, 3, None);
INSERT INTO NOTIFICATION VALUES(None, '2014-03-18 14:00:00', 'Upcoming appointment', 'Do not forget that you have appointment 1020 in room 399.', 4);
INSERT INTO NOTIFICATION VALUES(None, '2014-03-18 14:00:00', 'Upcoming appointment', 'Do not forget that you have appointment 1020 in room 399.', 55);
INSERT INTO INVOICE_BILL VALUES('2014-03-18 14:30:00', 50, 15, True);
INSERT INTO MEDICAL_RECORD VALUES('Medical record description 994.', '2014-03-18 14:30:00', 1020, 3);
INSERT INTO APPOINTMENT VALUES(1021, 253, 1, '2015-10-09 16:45:00', '2015-10-09 17:00:00', 55, 3, None);
INSERT INTO NOTIFICATION VALUES(None, '2015-10-09 16:30:00', 'Upcoming appointment', 'Do not forget that you have appointment 1021 in room 253.', 1);
INSERT INTO NOTIFICATION VALUES(None, '2015-10-09 16:30:00', 'Upcoming appointment', 'Do not forget that you have appointment 1021 in room 253.', 55);
INSERT INTO INVOICE_BILL VALUES('2015-10-09 17:00:00', 1000, 1, True);
INSERT INTO MEDICAL_RECORD VALUES('Medical record description 435.', '2015-10-09 17:00:00', 1021, 3);
INSERT INTO APPOINTMENT VALUES(1022, 185, 0, '2018-06-22 11:15:00', '2018-06-22 11:30:00', 55, 2, None);
INSERT INTO NOTIFICATION VALUES(None, '2018-06-22 11:00:00', 'Upcoming appointment', 'Do not forget that you have appointment 1022 in room 185.', 9);
INSERT INTO NOTIFICATION VALUES(None, '2018-06-22 11:00:00', 'Upcoming appointment', 'Do not forget that you have appointment 1022 in room 185.', 55);
INSERT INTO INVOICE_BILL VALUES('2018-06-22 11:30:00', 700, 1, True);
INSERT INTO MEDICAL_RECORD VALUES('Medical record description 918.', '2018-06-22 11:30:00', 1022, 2);
INSERT INTO APPOINTMENT VALUES(1023, 269, 0, '2018-04-10 14:00:00', '2018-04-10 14:15:00', 55, 3, None);
INSERT INTO NOTIFICATION VALUES(None, '2018-04-10 13:45:00', 'Upcoming appointment', 'Do not forget that you have appointment 1023 in room 269.', 7);
INSERT INTO NOTIFICATION VALUES(None, '2018-04-10 13:45:00', 'Upcoming appointment', 'Do not forget that you have appointment 1023 in room 269.', 55);
INSERT INTO INVOICE_BILL VALUES('2018-04-10 14:15:00', 1000, 10, True);
INSERT INTO MEDICAL_RECORD VALUES('Medical record description 260.', '2018-04-10 14:15:00', 1023, 3);
INSERT INTO APPOINTMENT VALUES(1024, 380, 0, '2010-11-04 11:15:00', '2010-11-04 11:30:00', 55, 3, None);
INSERT INTO NOTIFICATION VALUES(None, '2010-11-04 11:00:00', 'Upcoming appointment', 'Do not forget that you have appointment 1024 in room 380.', 2);
INSERT INTO NOTIFICATION VALUES(None, '2010-11-04 11:00:00', 'Upcoming appointment', 'Do not forget that you have appointment 1024 in room 380.', 55);
INSERT INTO INVOICE_BILL VALUES('2010-11-04 11:30:00', 700, 6, True);
INSERT INTO MEDICAL_RECORD VALUES('Medical record description 462.', '2010-11-04 11:30:00', 1024, 3);
INSERT INTO APPOINTMENT VALUES(1025, 494, 1, '2019-10-21 13:45:00', '2019-10-21 14:00:00', 55, 6, None);
INSERT INTO NOTIFICATION VALUES(None, '2019-10-21 13:30:00', 'Upcoming appointment', 'Do not forget that you have appointment 1025 in room 494.', 9);
INSERT INTO NOTIFICATION VALUES(None, '2019-10-21 13:30:00', 'Upcoming appointment', 'Do not forget that you have appointment 1025 in room 494.', 55);
INSERT INTO INVOICE_BILL VALUES('2019-10-21 14:00:00', 900, 11, True);
INSERT INTO MEDICAL_RECORD VALUES('Medical record description 87.', '2019-10-21 14:00:00', 1025, 6);
INSERT INTO APPOINTMENT VALUES(1026, 380, 1, '2019-05-15 14:00:00', '2019-05-15 14:15:00', 55, 9, None);
INSERT INTO NOTIFICATION VALUES(None, '2019-05-15 13:45:00', 'Upcoming appointment', 'Do not forget that you have appointment 1026 in room 380.', 9);
INSERT INTO NOTIFICATION VALUES(None, '2019-05-15 13:45:00', 'Upcoming appointment', 'Do not forget that you have appointment 1026 in room 380.', 55);
INSERT INTO INVOICE_BILL VALUES('2019-05-15 14:15:00', 450, 12, False);
INSERT INTO MEDICAL_RECORD VALUES('Medical record description 260.', '2019-05-15 14:15:00', 1026, 9);
INSERT INTO APPOINTMENT VALUES(1027, 190, 1, '2018-10-17 13:00:00', '2018-10-17 13:15:00', 55, 1, None);
INSERT INTO NOTIFICATION VALUES(None, '2018-10-17 12:45:00', 'Upcoming appointment', 'Do not forget that you have appointment 1027 in room 190.', 4);
INSERT INTO NOTIFICATION VALUES(None, '2018-10-17 12:45:00', 'Upcoming appointment', 'Do not forget that you have appointment 1027 in room 190.', 55);
INSERT INTO INVOICE_BILL VALUES('2018-10-17 13:15:00', 300, 9, False);
INSERT INTO MEDICAL_RECORD VALUES('Medical record description 970.', '2018-10-17 13:15:00', 1027, 1);
INSERT INTO APPOINTMENT VALUES(1028, 258, 1, '2015-10-09 15:45:00', '2015-10-09 16:00:00', 56, 9, None);
INSERT INTO NOTIFICATION VALUES(None, '2015-10-09 15:30:00', 'Upcoming appointment', 'Do not forget that you have appointment 1028 in room 258.', 9);
INSERT INTO NOTIFICATION VALUES(None, '2015-10-09 15:30:00', 'Upcoming appointment', 'Do not forget that you have appointment 1028 in room 258.', 56);
INSERT INTO INVOICE_BILL VALUES('2015-10-09 16:00:00', 950, 11, False);
INSERT INTO MEDICAL_RECORD VALUES('Medical record description 701.', '2015-10-09 16:00:00', 1028, 9);
INSERT INTO APPOINTMENT VALUES(1029, 178, 0, '2018-12-13 14:00:00', '2018-12-13 14:15:00', 56, 4, None);
INSERT INTO NOTIFICATION VALUES(None, '2018-12-13 13:45:00', 'Upcoming appointment', 'Do not forget that you have appointment 1029 in room 178.', 5);
INSERT INTO NOTIFICATION VALUES(None, '2018-12-13 13:45:00', 'Upcoming appointment', 'Do not forget that you have appointment 1029 in room 178.', 56);
INSERT INTO INVOICE_BILL VALUES('2018-12-13 14:15:00', 950, 4, False);
INSERT INTO MEDICAL_RECORD VALUES('Medical record description 611.', '2018-12-13 14:15:00', 1029, 4);
INSERT INTO APPOINTMENT VALUES(1030, 112, 0, '2017-03-21 15:15:00', '2017-03-21 15:30:00', 56, 6, None);
INSERT INTO NOTIFICATION VALUES(None, '2017-03-21 15:00:00', 'Upcoming appointment', 'Do not forget that you have appointment 1030 in room 112.', 4);
INSERT INTO NOTIFICATION VALUES(None, '2017-03-21 15:00:00', 'Upcoming appointment', 'Do not forget that you have appointment 1030 in room 112.', 56);
INSERT INTO INVOICE_BILL VALUES('2017-03-21 15:30:00', 650, 12, True);
INSERT INTO MEDICAL_RECORD VALUES('Medical record description 143.', '2017-03-21 15:30:00', 1030, 6);
INSERT INTO APPOINTMENT VALUES(1031, 335, 0, '2018-11-23 16:15:00', '2018-11-23 16:30:00', 56, 5, None);
INSERT INTO NOTIFICATION VALUES(None, '2018-11-23 16:00:00', 'Upcoming appointment', 'Do not forget that you have appointment 1031 in room 335.', 7);
INSERT INTO NOTIFICATION VALUES(None, '2018-11-23 16:00:00', 'Upcoming appointment', 'Do not forget that you have appointment 1031 in room 335.', 56);
INSERT INTO INVOICE_BILL VALUES('2018-11-23 16:30:00', 700, 7, True);
INSERT INTO MEDICAL_RECORD VALUES('Medical record description 668.', '2018-11-23 16:30:00', 1031, 5);
INSERT INTO APPOINTMENT VALUES(1032, 128, 0, '2019-03-29 10:30:00', '2019-03-29 10:45:00', 56, 7, None);
INSERT INTO NOTIFICATION VALUES(None, '2019-03-29 10:15:00', 'Upcoming appointment', 'Do not forget that you have appointment 1032 in room 128.', 10);
INSERT INTO NOTIFICATION VALUES(None, '2019-03-29 10:15:00', 'Upcoming appointment', 'Do not forget that you have appointment 1032 in room 128.', 56);
INSERT INTO INVOICE_BILL VALUES('2019-03-29 10:45:00', 950, 5, False);
INSERT INTO MEDICAL_RECORD VALUES('Medical record description 705.', '2019-03-29 10:45:00', 1032, 7);
INSERT INTO APPOINTMENT VALUES(1033, 435, 0, '2019-08-14 12:15:00', '2019-08-14 12:30:00', 56, 10, None);
INSERT INTO NOTIFICATION VALUES(None, '2019-08-14 12:00:00', 'Upcoming appointment', 'Do not forget that you have appointment 1033 in room 435.', 8);
INSERT INTO NOTIFICATION VALUES(None, '2019-08-14 12:00:00', 'Upcoming appointment', 'Do not forget that you have appointment 1033 in room 435.', 56);
INSERT INTO INVOICE_BILL VALUES('2019-08-14 12:30:00', 950, 9, True);
INSERT INTO MEDICAL_RECORD VALUES('Medical record description 876.', '2019-08-14 12:30:00', 1033, 10);
INSERT INTO APPOINTMENT VALUES(1034, 182, 0, '2017-12-25 10:45:00', '2017-12-25 11:00:00', 57, 3, None);
INSERT INTO NOTIFICATION VALUES(None, '2017-12-25 10:30:00', 'Upcoming appointment', 'Do not forget that you have appointment 1034 in room 182.', 3);
INSERT INTO NOTIFICATION VALUES(None, '2017-12-25 10:30:00', 'Upcoming appointment', 'Do not forget that you have appointment 1034 in room 182.', 57);
INSERT INTO INVOICE_BILL VALUES('2017-12-25 11:00:00', 600, 1, True);
INSERT INTO MEDICAL_RECORD VALUES('Medical record description 848.', '2017-12-25 11:00:00', 1034, 3);
INSERT INTO APPOINTMENT VALUES(1035, 248, 1, '2016-07-11 14:15:00', '2016-07-11 14:30:00', 57, 9, None);
INSERT INTO NOTIFICATION VALUES(None, '2016-07-11 14:00:00', 'Upcoming appointment', 'Do not forget that you have appointment 1035 in room 248.', 9);
INSERT INTO NOTIFICATION VALUES(None, '2016-07-11 14:00:00', 'Upcoming appointment', 'Do not forget that you have appointment 1035 in room 248.', 57);
INSERT INTO INVOICE_BILL VALUES('2016-07-11 14:30:00', 850, 15, True);
INSERT INTO MEDICAL_RECORD VALUES('Medical record description 632.', '2016-07-11 14:30:00', 1035, 9);
INSERT INTO APPOINTMENT VALUES(1036, 344, 1, '2017-01-25 12:45:00', '2017-01-25 13:00:00', 57, 6, None);
INSERT INTO NOTIFICATION VALUES(None, '2017-01-25 12:30:00', 'Upcoming appointment', 'Do not forget that you have appointment 1036 in room 344.', 1);
INSERT INTO NOTIFICATION VALUES(None, '2017-01-25 12:30:00', 'Upcoming appointment', 'Do not forget that you have appointment 1036 in room 344.', 57);
INSERT INTO INVOICE_BILL VALUES('2017-01-25 13:00:00', 1000, 12, True);
INSERT INTO MEDICAL_RECORD VALUES('Medical record description 320.', '2017-01-25 13:00:00', 1036, 6);
INSERT INTO APPOINTMENT VALUES(1037, 217, 1, '2012-05-16 17:45:00', '2012-05-16 18:00:00', 57, 3, None);
INSERT INTO NOTIFICATION VALUES(None, '2012-05-16 17:30:00', 'Upcoming appointment', 'Do not forget that you have appointment 1037 in room 217.', 3);
INSERT INTO NOTIFICATION VALUES(None, '2012-05-16 17:30:00', 'Upcoming appointment', 'Do not forget that you have appointment 1037 in room 217.', 57);
INSERT INTO INVOICE_BILL VALUES('2012-05-16 18:00:00', 50, 14, False);
INSERT INTO MEDICAL_RECORD VALUES('Medical record description 789.', '2012-05-16 18:00:00', 1037, 3);
INSERT INTO APPOINTMENT VALUES(1038, 269, 1, '2015-07-01 13:00:00', '2015-07-01 13:15:00', 57, 4, None);
INSERT INTO NOTIFICATION VALUES(None, '2015-07-01 12:45:00', 'Upcoming appointment', 'Do not forget that you have appointment 1038 in room 269.', 9);
INSERT INTO NOTIFICATION VALUES(None, '2015-07-01 12:45:00', 'Upcoming appointment', 'Do not forget that you have appointment 1038 in room 269.', 57);
INSERT INTO INVOICE_BILL VALUES('2015-07-01 13:15:00', 450, 2, True);
INSERT INTO MEDICAL_RECORD VALUES('Medical record description 64.', '2015-07-01 13:15:00', 1038, 4);
INSERT INTO APPOINTMENT VALUES(1039, 242, 1, '2018-10-04 16:15:00', '2018-10-04 16:30:00', 57, 2, None);
INSERT INTO NOTIFICATION VALUES(None, '2018-10-04 16:00:00', 'Upcoming appointment', 'Do not forget that you have appointment 1039 in room 242.', 4);
INSERT INTO NOTIFICATION VALUES(None, '2018-10-04 16:00:00', 'Upcoming appointment', 'Do not forget that you have appointment 1039 in room 242.', 57);
INSERT INTO INVOICE_BILL VALUES('2018-10-04 16:30:00', 500, 2, False);
INSERT INTO MEDICAL_RECORD VALUES('Medical record description 922.', '2018-10-04 16:30:00', 1039, 2);
INSERT INTO APPOINTMENT VALUES(1040, 272, 1, '2010-12-14 15:00:00', '2010-12-14 15:15:00', 57, 3, None);
INSERT INTO NOTIFICATION VALUES(None, '2010-12-14 14:45:00', 'Upcoming appointment', 'Do not forget that you have appointment 1040 in room 272.', 2);
INSERT INTO NOTIFICATION VALUES(None, '2010-12-14 14:45:00', 'Upcoming appointment', 'Do not forget that you have appointment 1040 in room 272.', 57);
INSERT INTO INVOICE_BILL VALUES('2010-12-14 15:15:00', 550, 5, False);
INSERT INTO MEDICAL_RECORD VALUES('Medical record description 275.', '2010-12-14 15:15:00', 1040, 3);
INSERT INTO APPOINTMENT VALUES(1041, 167, 1, '2019-03-06 14:45:00', '2019-03-06 15:00:00', 57, 6, None);
INSERT INTO NOTIFICATION VALUES(None, '2019-03-06 14:30:00', 'Upcoming appointment', 'Do not forget that you have appointment 1041 in room 167.', 7);
INSERT INTO NOTIFICATION VALUES(None, '2019-03-06 14:30:00', 'Upcoming appointment', 'Do not forget that you have appointment 1041 in room 167.', 57);
INSERT INTO INVOICE_BILL VALUES('2019-03-06 15:00:00', 650, 13, True);
INSERT INTO MEDICAL_RECORD VALUES('Medical record description 261.', '2019-03-06 15:00:00', 1041, 6);
INSERT INTO APPOINTMENT VALUES(1042, 435, 0, '2016-12-21 17:15:00', '2016-12-21 17:30:00', 57, 9, None);
INSERT INTO NOTIFICATION VALUES(None, '2016-12-21 17:00:00', 'Upcoming appointment', 'Do not forget that you have appointment 1042 in room 435.', 7);
INSERT INTO NOTIFICATION VALUES(None, '2016-12-21 17:00:00', 'Upcoming appointment', 'Do not forget that you have appointment 1042 in room 435.', 57);
INSERT INTO INVOICE_BILL VALUES('2016-12-21 17:30:00', 300, 1, True);
INSERT INTO MEDICAL_RECORD VALUES('Medical record description 922.', '2016-12-21 17:30:00', 1042, 9);
INSERT INTO APPOINTMENT VALUES(1043, 368, 1, '2018-12-12 15:45:00', '2018-12-12 16:00:00', 57, 3, None);
INSERT INTO NOTIFICATION VALUES(None, '2018-12-12 15:30:00', 'Upcoming appointment', 'Do not forget that you have appointment 1043 in room 368.', 5);
INSERT INTO NOTIFICATION VALUES(None, '2018-12-12 15:30:00', 'Upcoming appointment', 'Do not forget that you have appointment 1043 in room 368.', 57);
INSERT INTO INVOICE_BILL VALUES('2018-12-12 16:00:00', 900, 12, True);
INSERT INTO MEDICAL_RECORD VALUES('Medical record description 35.', '2018-12-12 16:00:00', 1043, 3);
INSERT INTO APPOINTMENT VALUES(1044, 135, 1, '2019-08-19 12:45:00', '2019-08-19 13:00:00', 57, 8, None);
INSERT INTO NOTIFICATION VALUES(None, '2019-08-19 12:30:00', 'Upcoming appointment', 'Do not forget that you have appointment 1044 in room 135.', 3);
INSERT INTO NOTIFICATION VALUES(None, '2019-08-19 12:30:00', 'Upcoming appointment', 'Do not forget that you have appointment 1044 in room 135.', 57);
INSERT INTO INVOICE_BILL VALUES('2019-08-19 13:00:00', 100, 12, False);
INSERT INTO MEDICAL_RECORD VALUES('Medical record description 701.', '2019-08-19 13:00:00', 1044, 8);
INSERT INTO APPOINTMENT VALUES(1045, 289, 1, '2017-04-11 14:00:00', '2017-04-11 14:15:00', 57, 9, None);
INSERT INTO NOTIFICATION VALUES(None, '2017-04-11 13:45:00', 'Upcoming appointment', 'Do not forget that you have appointment 1045 in room 289.', 3);
INSERT INTO NOTIFICATION VALUES(None, '2017-04-11 13:45:00', 'Upcoming appointment', 'Do not forget that you have appointment 1045 in room 289.', 57);
INSERT INTO INVOICE_BILL VALUES('2017-04-11 14:15:00', 750, 8, True);
INSERT INTO MEDICAL_RECORD VALUES('Medical record description 889.', '2017-04-11 14:15:00', 1045, 9);
INSERT INTO APPOINTMENT VALUES(1046, 283, 1, '2019-01-14 14:15:00', '2019-01-14 14:30:00', 57, 3, None);
INSERT INTO NOTIFICATION VALUES(None, '2019-01-14 14:00:00', 'Upcoming appointment', 'Do not forget that you have appointment 1046 in room 283.', 2);
INSERT INTO NOTIFICATION VALUES(None, '2019-01-14 14:00:00', 'Upcoming appointment', 'Do not forget that you have appointment 1046 in room 283.', 57);
INSERT INTO INVOICE_BILL VALUES('2019-01-14 14:30:00', 150, 4, False);
INSERT INTO MEDICAL_RECORD VALUES('Medical record description 911.', '2019-01-14 14:30:00', 1046, 3);
INSERT INTO APPOINTMENT VALUES(1047, 278, 0, '2018-02-06 13:15:00', '2018-02-06 13:30:00', 57, 8, None);
INSERT INTO NOTIFICATION VALUES(None, '2018-02-06 13:00:00', 'Upcoming appointment', 'Do not forget that you have appointment 1047 in room 278.', 1);
INSERT INTO NOTIFICATION VALUES(None, '2018-02-06 13:00:00', 'Upcoming appointment', 'Do not forget that you have appointment 1047 in room 278.', 57);
INSERT INTO INVOICE_BILL VALUES('2018-02-06 13:30:00', 150, 7, True);
INSERT INTO MEDICAL_RECORD VALUES('Medical record description 795.', '2018-02-06 13:30:00', 1047, 8);
INSERT INTO APPOINTMENT VALUES(1048, 426, 1, '2015-02-17 10:30:00', '2015-02-17 10:45:00', 57, 2, None);
INSERT INTO NOTIFICATION VALUES(None, '2015-02-17 10:15:00', 'Upcoming appointment', 'Do not forget that you have appointment 1048 in room 426.', 4);
INSERT INTO NOTIFICATION VALUES(None, '2015-02-17 10:15:00', 'Upcoming appointment', 'Do not forget that you have appointment 1048 in room 426.', 57);
INSERT INTO INVOICE_BILL VALUES('2015-02-17 10:45:00', 700, 14, True);
INSERT INTO MEDICAL_RECORD VALUES('Medical record description 988.', '2015-02-17 10:45:00', 1048, 2);
INSERT INTO APPOINTMENT VALUES(1049, 223, 0, '2013-02-01 10:30:00', '2013-02-01 10:45:00', 57, 1, None);
INSERT INTO NOTIFICATION VALUES(None, '2013-02-01 10:15:00', 'Upcoming appointment', 'Do not forget that you have appointment 1049 in room 223.', 3);
INSERT INTO NOTIFICATION VALUES(None, '2013-02-01 10:15:00', 'Upcoming appointment', 'Do not forget that you have appointment 1049 in room 223.', 57);
INSERT INTO INVOICE_BILL VALUES('2013-02-01 10:45:00', 900, 11, False);
INSERT INTO MEDICAL_RECORD VALUES('Medical record description 54.', '2013-02-01 10:45:00', 1049, 1);
INSERT INTO APPOINTMENT VALUES(1050, 258, 1, '2019-06-28 15:45:00', '2019-06-28 16:00:00', 57, 5, None);
INSERT INTO NOTIFICATION VALUES(None, '2019-06-28 15:30:00', 'Upcoming appointment', 'Do not forget that you have appointment 1050 in room 258.', 7);
INSERT INTO NOTIFICATION VALUES(None, '2019-06-28 15:30:00', 'Upcoming appointment', 'Do not forget that you have appointment 1050 in room 258.', 57);
INSERT INTO INVOICE_BILL VALUES('2019-06-28 16:00:00', 300, 14, True);
INSERT INTO MEDICAL_RECORD VALUES('Medical record description 559.', '2019-06-28 16:00:00', 1050, 5);
INSERT INTO APPOINTMENT VALUES(1051, 115, 0, '2017-06-30 14:30:00', '2017-06-30 14:45:00', 57, 2, None);
INSERT INTO NOTIFICATION VALUES(None, '2017-06-30 14:15:00', 'Upcoming appointment', 'Do not forget that you have appointment 1051 in room 115.', 2);
INSERT INTO NOTIFICATION VALUES(None, '2017-06-30 14:15:00', 'Upcoming appointment', 'Do not forget that you have appointment 1051 in room 115.', 57);
INSERT INTO INVOICE_BILL VALUES('2017-06-30 14:45:00', 250, 6, True);
INSERT INTO MEDICAL_RECORD VALUES('Medical record description 37.', '2017-06-30 14:45:00', 1051, 2);
INSERT INTO APPOINTMENT VALUES(1052, 217, 0, '2016-05-06 17:00:00', '2016-05-06 17:15:00', 57, 9, None);
INSERT INTO NOTIFICATION VALUES(None, '2016-05-06 16:45:00', 'Upcoming appointment', 'Do not forget that you have appointment 1052 in room 217.', 7);
INSERT INTO NOTIFICATION VALUES(None, '2016-05-06 16:45:00', 'Upcoming appointment', 'Do not forget that you have appointment 1052 in room 217.', 57);
INSERT INTO INVOICE_BILL VALUES('2016-05-06 17:15:00', 600, 14, True);
INSERT INTO MEDICAL_RECORD VALUES('Medical record description 194.', '2016-05-06 17:15:00', 1052, 9);
INSERT INTO APPOINTMENT VALUES(1053, 488, 0, '2016-11-07 13:30:00', '2016-11-07 13:45:00', 57, 3, None);
INSERT INTO NOTIFICATION VALUES(None, '2016-11-07 13:15:00', 'Upcoming appointment', 'Do not forget that you have appointment 1053 in room 488.', 3);
INSERT INTO NOTIFICATION VALUES(None, '2016-11-07 13:15:00', 'Upcoming appointment', 'Do not forget that you have appointment 1053 in room 488.', 57);
INSERT INTO INVOICE_BILL VALUES('2016-11-07 13:45:00', 350, 14, False);
INSERT INTO MEDICAL_RECORD VALUES('Medical record description 511.', '2016-11-07 13:45:00', 1053, 3);
INSERT INTO APPOINTMENT VALUES(1054, 251, 1, '2018-11-22 17:45:00', '2018-11-22 18:00:00', 58, 5, None);
INSERT INTO NOTIFICATION VALUES(None, '2018-11-22 17:30:00', 'Upcoming appointment', 'Do not forget that you have appointment 1054 in room 251.', 6);
INSERT INTO NOTIFICATION VALUES(None, '2018-11-22 17:30:00', 'Upcoming appointment', 'Do not forget that you have appointment 1054 in room 251.', 58);
INSERT INTO INVOICE_BILL VALUES('2018-11-22 18:00:00', 50, 13, True);
INSERT INTO MEDICAL_RECORD VALUES('Medical record description 785.', '2018-11-22 18:00:00', 1054, 5);
INSERT INTO APPOINTMENT VALUES(1055, 464, 1, '2019-06-10 17:30:00', '2019-06-10 17:45:00', 58, 4, None);
INSERT INTO NOTIFICATION VALUES(None, '2019-06-10 17:15:00', 'Upcoming appointment', 'Do not forget that you have appointment 1055 in room 464.', 3);
INSERT INTO NOTIFICATION VALUES(None, '2019-06-10 17:15:00', 'Upcoming appointment', 'Do not forget that you have appointment 1055 in room 464.', 58);
INSERT INTO INVOICE_BILL VALUES('2019-06-10 17:45:00', 50, 3, False);
INSERT INTO MEDICAL_RECORD VALUES('Medical record description 174.', '2019-06-10 17:45:00', 1055, 4);
INSERT INTO APPOINTMENT VALUES(1056, 330, 0, '2014-09-18 10:30:00', '2014-09-18 10:45:00', 58, 3, None);
INSERT INTO NOTIFICATION VALUES(None, '2014-09-18 10:15:00', 'Upcoming appointment', 'Do not forget that you have appointment 1056 in room 330.', 1);
INSERT INTO NOTIFICATION VALUES(None, '2014-09-18 10:15:00', 'Upcoming appointment', 'Do not forget that you have appointment 1056 in room 330.', 58);
INSERT INTO INVOICE_BILL VALUES('2014-09-18 10:45:00', 200, 14, False);
INSERT INTO MEDICAL_RECORD VALUES('Medical record description 226.', '2014-09-18 10:45:00', 1056, 3);
INSERT INTO APPOINTMENT VALUES(1057, 422, 1, '2014-07-22 14:00:00', '2014-07-22 14:15:00', 58, 3, None);
INSERT INTO NOTIFICATION VALUES(None, '2014-07-22 13:45:00', 'Upcoming appointment', 'Do not forget that you have appointment 1057 in room 422.', 6);
INSERT INTO NOTIFICATION VALUES(None, '2014-07-22 13:45:00', 'Upcoming appointment', 'Do not forget that you have appointment 1057 in room 422.', 58);
INSERT INTO INVOICE_BILL VALUES('2014-07-22 14:15:00', 400, 4, False);
INSERT INTO MEDICAL_RECORD VALUES('Medical record description 183.', '2014-07-22 14:15:00', 1057, 3);
INSERT INTO APPOINTMENT VALUES(1058, 291, 1, '2016-05-17 17:45:00', '2016-05-17 18:00:00', 58, 9, None);
INSERT INTO NOTIFICATION VALUES(None, '2016-05-17 17:30:00', 'Upcoming appointment', 'Do not forget that you have appointment 1058 in room 291.', 3);
INSERT INTO NOTIFICATION VALUES(None, '2016-05-17 17:30:00', 'Upcoming appointment', 'Do not forget that you have appointment 1058 in room 291.', 58);
INSERT INTO INVOICE_BILL VALUES('2016-05-17 18:00:00', 750, 7, False);
INSERT INTO MEDICAL_RECORD VALUES('Medical record description 880.', '2016-05-17 18:00:00', 1058, 9);
INSERT INTO APPOINTMENT VALUES(1059, 329, 1, '2009-11-05 15:00:00', '2009-11-05 15:15:00', 58, 3, None);
INSERT INTO NOTIFICATION VALUES(None, '2009-11-05 14:45:00', 'Upcoming appointment', 'Do not forget that you have appointment 1059 in room 329.', 1);
INSERT INTO NOTIFICATION VALUES(None, '2009-11-05 14:45:00', 'Upcoming appointment', 'Do not forget that you have appointment 1059 in room 329.', 58);
INSERT INTO INVOICE_BILL VALUES('2009-11-05 15:15:00', 400, 11, True);
INSERT INTO MEDICAL_RECORD VALUES('Medical record description 842.', '2009-11-05 15:15:00', 1059, 3);
INSERT INTO APPOINTMENT VALUES(1060, 117, 0, '2014-05-28 17:30:00', '2014-05-28 17:45:00', 58, 9, None);
INSERT INTO NOTIFICATION VALUES(None, '2014-05-28 17:15:00', 'Upcoming appointment', 'Do not forget that you have appointment 1060 in room 117.', 3);
INSERT INTO NOTIFICATION VALUES(None, '2014-05-28 17:15:00', 'Upcoming appointment', 'Do not forget that you have appointment 1060 in room 117.', 58);
INSERT INTO INVOICE_BILL VALUES('2014-05-28 17:45:00', 450, 14, False);
INSERT INTO MEDICAL_RECORD VALUES('Medical record description 555.', '2014-05-28 17:45:00', 1060, 9);
INSERT INTO APPOINTMENT VALUES(1061, 380, 0, '2016-03-02 17:15:00', '2016-03-02 17:30:00', 58, 2, None);
INSERT INTO NOTIFICATION VALUES(None, '2016-03-02 17:00:00', 'Upcoming appointment', 'Do not forget that you have appointment 1061 in room 380.', 1);
INSERT INTO NOTIFICATION VALUES(None, '2016-03-02 17:00:00', 'Upcoming appointment', 'Do not forget that you have appointment 1061 in room 380.', 58);
INSERT INTO INVOICE_BILL VALUES('2016-03-02 17:30:00', 50, 6, False);
INSERT INTO MEDICAL_RECORD VALUES('Medical record description 307.', '2016-03-02 17:30:00', 1061, 2);
INSERT INTO APPOINTMENT VALUES(1062, 440, 0, '2015-11-20 17:30:00', '2015-11-20 17:45:00', 58, 3, None);
INSERT INTO NOTIFICATION VALUES(None, '2015-11-20 17:15:00', 'Upcoming appointment', 'Do not forget that you have appointment 1062 in room 440.', 2);
INSERT INTO NOTIFICATION VALUES(None, '2015-11-20 17:15:00', 'Upcoming appointment', 'Do not forget that you have appointment 1062 in room 440.', 58);
INSERT INTO INVOICE_BILL VALUES('2015-11-20 17:45:00', 300, 1, True);
INSERT INTO MEDICAL_RECORD VALUES('Medical record description 941.', '2015-11-20 17:45:00', 1062, 3);
INSERT INTO APPOINTMENT VALUES(1063, 249, 0, '2018-06-01 16:15:00', '2018-06-01 16:30:00', 58, 1, None);
INSERT INTO NOTIFICATION VALUES(None, '2018-06-01 16:00:00', 'Upcoming appointment', 'Do not forget that you have appointment 1063 in room 249.', 8);
INSERT INTO NOTIFICATION VALUES(None, '2018-06-01 16:00:00', 'Upcoming appointment', 'Do not forget that you have appointment 1063 in room 249.', 58);
INSERT INTO INVOICE_BILL VALUES('2018-06-01 16:30:00', 300, 6, False);
INSERT INTO MEDICAL_RECORD VALUES('Medical record description 117.', '2018-06-01 16:30:00', 1063, 1);
INSERT INTO APPOINTMENT VALUES(1064, 196, 1, '2018-05-09 16:45:00', '2018-05-09 17:00:00', 58, 4, None);
INSERT INTO NOTIFICATION VALUES(None, '2018-05-09 16:30:00', 'Upcoming appointment', 'Do not forget that you have appointment 1064 in room 196.', 9);
INSERT INTO NOTIFICATION VALUES(None, '2018-05-09 16:30:00', 'Upcoming appointment', 'Do not forget that you have appointment 1064 in room 196.', 58);
INSERT INTO INVOICE_BILL VALUES('2018-05-09 17:00:00', 600, 2, True);
INSERT INTO MEDICAL_RECORD VALUES('Medical record description 261.', '2018-05-09 17:00:00', 1064, 4);
INSERT INTO APPOINTMENT VALUES(1065, 157, 0, '2016-09-13 12:30:00', '2016-09-13 12:45:00', 58, 9, None);
INSERT INTO NOTIFICATION VALUES(None, '2016-09-13 12:15:00', 'Upcoming appointment', 'Do not forget that you have appointment 1065 in room 157.', 9);
INSERT INTO NOTIFICATION VALUES(None, '2016-09-13 12:15:00', 'Upcoming appointment', 'Do not forget that you have appointment 1065 in room 157.', 58);
INSERT INTO INVOICE_BILL VALUES('2016-09-13 12:45:00', 500, 7, False);
INSERT INTO MEDICAL_RECORD VALUES('Medical record description 12.', '2016-09-13 12:45:00', 1065, 9);
INSERT INTO APPOINTMENT VALUES(1066, 179, 0, '2018-11-27 10:30:00', '2018-11-27 10:45:00', 58, 7, None);
INSERT INTO NOTIFICATION VALUES(None, '2018-11-27 10:15:00', 'Upcoming appointment', 'Do not forget that you have appointment 1066 in room 179.', 1);
INSERT INTO NOTIFICATION VALUES(None, '2018-11-27 10:15:00', 'Upcoming appointment', 'Do not forget that you have appointment 1066 in room 179.', 58);
INSERT INTO INVOICE_BILL VALUES('2018-11-27 10:45:00', 950, 8, False);
INSERT INTO MEDICAL_RECORD VALUES('Medical record description 610.', '2018-11-27 10:45:00', 1066, 7);
INSERT INTO APPOINTMENT VALUES(1067, 167, 0, '2019-10-08 15:30:00', '2019-10-08 15:45:00', 58, 9, None);
INSERT INTO NOTIFICATION VALUES(None, '2019-10-08 15:15:00', 'Upcoming appointment', 'Do not forget that you have appointment 1067 in room 167.', 7);
INSERT INTO NOTIFICATION VALUES(None, '2019-10-08 15:15:00', 'Upcoming appointment', 'Do not forget that you have appointment 1067 in room 167.', 58);
INSERT INTO INVOICE_BILL VALUES('2019-10-08 15:45:00', 400, 8, False);
INSERT INTO MEDICAL_RECORD VALUES('Medical record description 513.', '2019-10-08 15:45:00', 1067, 9);
INSERT INTO APPOINTMENT VALUES(1068, 291, 0, '2017-10-20 12:30:00', '2017-10-20 12:45:00', 58, 8, None);
INSERT INTO NOTIFICATION VALUES(None, '2017-10-20 12:15:00', 'Upcoming appointment', 'Do not forget that you have appointment 1068 in room 291.', 9);
INSERT INTO NOTIFICATION VALUES(None, '2017-10-20 12:15:00', 'Upcoming appointment', 'Do not forget that you have appointment 1068 in room 291.', 58);
INSERT INTO INVOICE_BILL VALUES('2017-10-20 12:45:00', 900, 2, True);
INSERT INTO MEDICAL_RECORD VALUES('Medical record description 521.', '2017-10-20 12:45:00', 1068, 8);
INSERT INTO APPOINTMENT VALUES(1069, 474, 0, '2014-11-27 10:45:00', '2014-11-27 11:00:00', 58, 9, None);
INSERT INTO NOTIFICATION VALUES(None, '2014-11-27 10:30:00', 'Upcoming appointment', 'Do not forget that you have appointment 1069 in room 474.', 1);
INSERT INTO NOTIFICATION VALUES(None, '2014-11-27 10:30:00', 'Upcoming appointment', 'Do not forget that you have appointment 1069 in room 474.', 58);
INSERT INTO INVOICE_BILL VALUES('2014-11-27 11:00:00', 100, 6, True);
INSERT INTO MEDICAL_RECORD VALUES('Medical record description 437.', '2014-11-27 11:00:00', 1069, 9);
INSERT INTO APPOINTMENT VALUES(1070, 100, 0, '2016-05-26 10:30:00', '2016-05-26 10:45:00', 58, 2, None);
INSERT INTO NOTIFICATION VALUES(None, '2016-05-26 10:15:00', 'Upcoming appointment', 'Do not forget that you have appointment 1070 in room 100.', 7);
INSERT INTO NOTIFICATION VALUES(None, '2016-05-26 10:15:00', 'Upcoming appointment', 'Do not forget that you have appointment 1070 in room 100.', 58);
INSERT INTO INVOICE_BILL VALUES('2016-05-26 10:45:00', 750, 13, True);
INSERT INTO MEDICAL_RECORD VALUES('Medical record description 997.', '2016-05-26 10:45:00', 1070, 2);
INSERT INTO APPOINTMENT VALUES(1071, 260, 1, '2019-04-05 13:30:00', '2019-04-05 13:45:00', 58, 8, None);
INSERT INTO NOTIFICATION VALUES(None, '2019-04-05 13:15:00', 'Upcoming appointment', 'Do not forget that you have appointment 1071 in room 260.', 8);
INSERT INTO NOTIFICATION VALUES(None, '2019-04-05 13:15:00', 'Upcoming appointment', 'Do not forget that you have appointment 1071 in room 260.', 58);
INSERT INTO INVOICE_BILL VALUES('2019-04-05 13:45:00', 750, 13, True);
INSERT INTO MEDICAL_RECORD VALUES('Medical record description 122.', '2019-04-05 13:45:00', 1071, 8);
INSERT INTO APPOINTMENT VALUES(1072, 121, 0, '2018-10-29 15:00:00', '2018-10-29 15:15:00', 58, 9, None);
INSERT INTO NOTIFICATION VALUES(None, '2018-10-29 14:45:00', 'Upcoming appointment', 'Do not forget that you have appointment 1072 in room 121.', 1);
INSERT INTO NOTIFICATION VALUES(None, '2018-10-29 14:45:00', 'Upcoming appointment', 'Do not forget that you have appointment 1072 in room 121.', 58);
INSERT INTO INVOICE_BILL VALUES('2018-10-29 15:15:00', 500, 14, False);
INSERT INTO MEDICAL_RECORD VALUES('Medical record description 595.', '2018-10-29 15:15:00', 1072, 9);
INSERT INTO APPOINTMENT VALUES(1073, 436, 1, '2009-06-24 15:15:00', '2009-06-24 15:30:00', 58, 3, None);
INSERT INTO NOTIFICATION VALUES(None, '2009-06-24 15:00:00', 'Upcoming appointment', 'Do not forget that you have appointment 1073 in room 436.', 2);
INSERT INTO NOTIFICATION VALUES(None, '2009-06-24 15:00:00', 'Upcoming appointment', 'Do not forget that you have appointment 1073 in room 436.', 58);
INSERT INTO INVOICE_BILL VALUES('2009-06-24 15:30:00', 550, 6, False);
INSERT INTO MEDICAL_RECORD VALUES('Medical record description 212.', '2009-06-24 15:30:00', 1073, 3);
INSERT INTO APPOINTMENT VALUES(1074, 190, 1, '2017-01-17 11:00:00', '2017-01-17 11:15:00', 58, 4, None);
INSERT INTO NOTIFICATION VALUES(None, '2017-01-17 10:45:00', 'Upcoming appointment', 'Do not forget that you have appointment 1074 in room 190.', 6);
INSERT INTO NOTIFICATION VALUES(None, '2017-01-17 10:45:00', 'Upcoming appointment', 'Do not forget that you have appointment 1074 in room 190.', 58);
INSERT INTO INVOICE_BILL VALUES('2017-01-17 11:15:00', 550, 2, False);
INSERT INTO MEDICAL_RECORD VALUES('Medical record description 330.', '2017-01-17 11:15:00', 1074, 4);
INSERT INTO APPOINTMENT VALUES(1075, 477, 0, '2017-06-01 14:00:00', '2017-06-01 14:15:00', 59, 4, None);
INSERT INTO NOTIFICATION VALUES(None, '2017-06-01 13:45:00', 'Upcoming appointment', 'Do not forget that you have appointment 1075 in room 477.', 6);
INSERT INTO NOTIFICATION VALUES(None, '2017-06-01 13:45:00', 'Upcoming appointment', 'Do not forget that you have appointment 1075 in room 477.', 59);
INSERT INTO INVOICE_BILL VALUES('2017-06-01 14:15:00', 300, 13, True);
INSERT INTO MEDICAL_RECORD VALUES('Medical record description 563.', '2017-06-01 14:15:00', 1075, 4);
INSERT INTO APPOINTMENT VALUES(1076, 253, 1, '2017-09-08 15:45:00', '2017-09-08 16:00:00', 59, 10, None);
INSERT INTO NOTIFICATION VALUES(None, '2017-09-08 15:30:00', 'Upcoming appointment', 'Do not forget that you have appointment 1076 in room 253.', 4);
INSERT INTO NOTIFICATION VALUES(None, '2017-09-08 15:30:00', 'Upcoming appointment', 'Do not forget that you have appointment 1076 in room 253.', 59);
INSERT INTO INVOICE_BILL VALUES('2017-09-08 16:00:00', 800, 1, False);
INSERT INTO MEDICAL_RECORD VALUES('Medical record description 448.', '2017-09-08 16:00:00', 1076, 10);
INSERT INTO APPOINTMENT VALUES(1077, 151, 0, '2016-11-21 12:30:00', '2016-11-21 12:45:00', 59, 3, None);
INSERT INTO NOTIFICATION VALUES(None, '2016-11-21 12:15:00', 'Upcoming appointment', 'Do not forget that you have appointment 1077 in room 151.', 6);
INSERT INTO NOTIFICATION VALUES(None, '2016-11-21 12:15:00', 'Upcoming appointment', 'Do not forget that you have appointment 1077 in room 151.', 59);
INSERT INTO INVOICE_BILL VALUES('2016-11-21 12:45:00', 800, 9, True);
INSERT INTO MEDICAL_RECORD VALUES('Medical record description 435.', '2016-11-21 12:45:00', 1077, 3);
INSERT INTO APPOINTMENT VALUES(1078, 128, 0, '2016-03-04 17:15:00', '2016-03-04 17:30:00', 59, 4, None);
INSERT INTO NOTIFICATION VALUES(None, '2016-03-04 17:00:00', 'Upcoming appointment', 'Do not forget that you have appointment 1078 in room 128.', 1);
INSERT INTO NOTIFICATION VALUES(None, '2016-03-04 17:00:00', 'Upcoming appointment', 'Do not forget that you have appointment 1078 in room 128.', 59);
INSERT INTO INVOICE_BILL VALUES('2016-03-04 17:30:00', 650, 1, False);
INSERT INTO MEDICAL_RECORD VALUES('Medical record description 483.', '2016-03-04 17:30:00', 1078, 4);
INSERT INTO APPOINTMENT VALUES(1079, 402, 0, '2019-02-22 13:30:00', '2019-02-22 13:45:00', 59, 5, None);
INSERT INTO NOTIFICATION VALUES(None, '2019-02-22 13:15:00', 'Upcoming appointment', 'Do not forget that you have appointment 1079 in room 402.', 10);
INSERT INTO NOTIFICATION VALUES(None, '2019-02-22 13:15:00', 'Upcoming appointment', 'Do not forget that you have appointment 1079 in room 402.', 59);
INSERT INTO INVOICE_BILL VALUES('2019-02-22 13:45:00', 750, 5, True);
INSERT INTO MEDICAL_RECORD VALUES('Medical record description 259.', '2019-02-22 13:45:00', 1079, 5);
INSERT INTO APPOINTMENT VALUES(1080, 305, 0, '2018-04-19 11:00:00', '2018-04-19 11:15:00', 59, 7, None);
INSERT INTO NOTIFICATION VALUES(None, '2018-04-19 10:45:00', 'Upcoming appointment', 'Do not forget that you have appointment 1080 in room 305.', 4);
INSERT INTO NOTIFICATION VALUES(None, '2018-04-19 10:45:00', 'Upcoming appointment', 'Do not forget that you have appointment 1080 in room 305.', 59);
INSERT INTO INVOICE_BILL VALUES('2018-04-19 11:15:00', 600, 12, False);
INSERT INTO MEDICAL_RECORD VALUES('Medical record description 186.', '2018-04-19 11:15:00', 1080, 7);
INSERT INTO APPOINTMENT VALUES(1081, 487, 1, '2018-11-12 14:00:00', '2018-11-12 14:15:00', 59, 8, None);
INSERT INTO NOTIFICATION VALUES(None, '2018-11-12 13:45:00', 'Upcoming appointment', 'Do not forget that you have appointment 1081 in room 487.', 1);
INSERT INTO NOTIFICATION VALUES(None, '2018-11-12 13:45:00', 'Upcoming appointment', 'Do not forget that you have appointment 1081 in room 487.', 59);
INSERT INTO INVOICE_BILL VALUES('2018-11-12 14:15:00', 450, 12, False);
INSERT INTO MEDICAL_RECORD VALUES('Medical record description 255.', '2018-11-12 14:15:00', 1081, 8);
INSERT INTO APPOINTMENT VALUES(1082, 286, 1, '2019-10-17 13:30:00', '2019-10-17 13:45:00', 59, 9, None);
INSERT INTO NOTIFICATION VALUES(None, '2019-10-17 13:15:00', 'Upcoming appointment', 'Do not forget that you have appointment 1082 in room 286.', 10);
INSERT INTO NOTIFICATION VALUES(None, '2019-10-17 13:15:00', 'Upcoming appointment', 'Do not forget that you have appointment 1082 in room 286.', 59);
INSERT INTO INVOICE_BILL VALUES('2019-10-17 13:45:00', 300, 8, True);
INSERT INTO MEDICAL_RECORD VALUES('Medical record description 262.', '2019-10-17 13:45:00', 1082, 9);
INSERT INTO APPOINTMENT VALUES(1083, 166, 0, '2017-07-17 16:00:00', '2017-07-17 16:15:00', 59, 2, None);
INSERT INTO NOTIFICATION VALUES(None, '2017-07-17 15:45:00', 'Upcoming appointment', 'Do not forget that you have appointment 1083 in room 166.', 3);
INSERT INTO NOTIFICATION VALUES(None, '2017-07-17 15:45:00', 'Upcoming appointment', 'Do not forget that you have appointment 1083 in room 166.', 59);
INSERT INTO INVOICE_BILL VALUES('2017-07-17 16:15:00', 250, 5, False);
INSERT INTO MEDICAL_RECORD VALUES('Medical record description 280.', '2017-07-17 16:15:00', 1083, 2);
INSERT INTO APPOINTMENT VALUES(1084, 455, 0, '2018-06-20 13:30:00', '2018-06-20 13:45:00', 59, 6, None);
INSERT INTO NOTIFICATION VALUES(None, '2018-06-20 13:15:00', 'Upcoming appointment', 'Do not forget that you have appointment 1084 in room 455.', 6);
INSERT INTO NOTIFICATION VALUES(None, '2018-06-20 13:15:00', 'Upcoming appointment', 'Do not forget that you have appointment 1084 in room 455.', 59);
INSERT INTO INVOICE_BILL VALUES('2018-06-20 13:45:00', 450, 15, True);
INSERT INTO MEDICAL_RECORD VALUES('Medical record description 313.', '2018-06-20 13:45:00', 1084, 6);
INSERT INTO APPOINTMENT VALUES(1085, 178, 1, '2015-11-27 17:30:00', '2015-11-27 17:45:00', 59, 9, None);
INSERT INTO NOTIFICATION VALUES(None, '2015-11-27 17:15:00', 'Upcoming appointment', 'Do not forget that you have appointment 1085 in room 178.', 2);
INSERT INTO NOTIFICATION VALUES(None, '2015-11-27 17:15:00', 'Upcoming appointment', 'Do not forget that you have appointment 1085 in room 178.', 59);
INSERT INTO INVOICE_BILL VALUES('2015-11-27 17:45:00', 1000, 4, True);
INSERT INTO MEDICAL_RECORD VALUES('Medical record description 137.', '2015-11-27 17:45:00', 1085, 9);
INSERT INTO APPOINTMENT VALUES(1086, 442, 1, '2016-07-29 15:45:00', '2016-07-29 16:00:00', 59, 9, None);
INSERT INTO NOTIFICATION VALUES(None, '2016-07-29 15:30:00', 'Upcoming appointment', 'Do not forget that you have appointment 1086 in room 442.', 1);
INSERT INTO NOTIFICATION VALUES(None, '2016-07-29 15:30:00', 'Upcoming appointment', 'Do not forget that you have appointment 1086 in room 442.', 59);
INSERT INTO INVOICE_BILL VALUES('2016-07-29 16:00:00', 1000, 1, False);
INSERT INTO MEDICAL_RECORD VALUES('Medical record description 141.', '2016-07-29 16:00:00', 1086, 9);
INSERT INTO APPOINTMENT VALUES(1087, 405, 1, '2018-05-28 12:45:00', '2018-05-28 13:00:00', 59, 7, None);
INSERT INTO NOTIFICATION VALUES(None, '2018-05-28 12:30:00', 'Upcoming appointment', 'Do not forget that you have appointment 1087 in room 405.', 6);
INSERT INTO NOTIFICATION VALUES(None, '2018-05-28 12:30:00', 'Upcoming appointment', 'Do not forget that you have appointment 1087 in room 405.', 59);
INSERT INTO INVOICE_BILL VALUES('2018-05-28 13:00:00', 750, 4, True);
INSERT INTO MEDICAL_RECORD VALUES('Medical record description 826.', '2018-05-28 13:00:00', 1087, 7);
INSERT INTO APPOINTMENT VALUES(1088, 476, 1, '2018-09-18 15:30:00', '2018-09-18 15:45:00', 59, 2, None);
INSERT INTO NOTIFICATION VALUES(None, '2018-09-18 15:15:00', 'Upcoming appointment', 'Do not forget that you have appointment 1088 in room 476.', 2);
INSERT INTO NOTIFICATION VALUES(None, '2018-09-18 15:15:00', 'Upcoming appointment', 'Do not forget that you have appointment 1088 in room 476.', 59);
INSERT INTO INVOICE_BILL VALUES('2018-09-18 15:45:00', 750, 6, False);
INSERT INTO MEDICAL_RECORD VALUES('Medical record description 311.', '2018-09-18 15:45:00', 1088, 2);
INSERT INTO APPOINTMENT VALUES(1089, 443, 0, '2015-04-16 10:15:00', '2015-04-16 10:30:00', 59, 1, None);
INSERT INTO NOTIFICATION VALUES(None, '2015-04-16 10:00:00', 'Upcoming appointment', 'Do not forget that you have appointment 1089 in room 443.', 9);
INSERT INTO NOTIFICATION VALUES(None, '2015-04-16 10:00:00', 'Upcoming appointment', 'Do not forget that you have appointment 1089 in room 443.', 59);
INSERT INTO INVOICE_BILL VALUES('2015-04-16 10:30:00', 650, 11, True);
INSERT INTO MEDICAL_RECORD VALUES('Medical record description 128.', '2015-04-16 10:30:00', 1089, 1);
INSERT INTO APPOINTMENT VALUES(1090, 221, 1, '2018-06-19 16:15:00', '2018-06-19 16:30:00', 59, 7, None);
INSERT INTO NOTIFICATION VALUES(None, '2018-06-19 16:00:00', 'Upcoming appointment', 'Do not forget that you have appointment 1090 in room 221.', 8);
INSERT INTO NOTIFICATION VALUES(None, '2018-06-19 16:00:00', 'Upcoming appointment', 'Do not forget that you have appointment 1090 in room 221.', 59);
INSERT INTO INVOICE_BILL VALUES('2018-06-19 16:30:00', 200, 15, True);
INSERT INTO MEDICAL_RECORD VALUES('Medical record description 406.', '2018-06-19 16:30:00', 1090, 7);
INSERT INTO APPOINTMENT VALUES(1091, 469, 1, '2012-05-31 17:45:00', '2012-05-31 18:00:00', 59, 3, None);
INSERT INTO NOTIFICATION VALUES(None, '2012-05-31 17:30:00', 'Upcoming appointment', 'Do not forget that you have appointment 1091 in room 469.', 1);
INSERT INTO NOTIFICATION VALUES(None, '2012-05-31 17:30:00', 'Upcoming appointment', 'Do not forget that you have appointment 1091 in room 469.', 59);
INSERT INTO INVOICE_BILL VALUES('2012-05-31 18:00:00', 550, 9, False);
INSERT INTO MEDICAL_RECORD VALUES('Medical record description 965.', '2012-05-31 18:00:00', 1091, 3);
INSERT INTO APPOINTMENT VALUES(1092, 448, 1, '2017-05-16 12:30:00', '2017-05-16 12:45:00', 59, 8, None);
INSERT INTO NOTIFICATION VALUES(None, '2017-05-16 12:15:00', 'Upcoming appointment', 'Do not forget that you have appointment 1092 in room 448.', 4);
INSERT INTO NOTIFICATION VALUES(None, '2017-05-16 12:15:00', 'Upcoming appointment', 'Do not forget that you have appointment 1092 in room 448.', 59);
INSERT INTO INVOICE_BILL VALUES('2017-05-16 12:45:00', 250, 11, True);
INSERT INTO MEDICAL_RECORD VALUES('Medical record description 813.', '2017-05-16 12:45:00', 1092, 8);
INSERT INTO APPOINTMENT VALUES(1093, 404, 1, '2017-09-25 16:00:00', '2017-09-25 16:15:00', 59, 9, None);
INSERT INTO NOTIFICATION VALUES(None, '2017-09-25 15:45:00', 'Upcoming appointment', 'Do not forget that you have appointment 1093 in room 404.', 9);
INSERT INTO NOTIFICATION VALUES(None, '2017-09-25 15:45:00', 'Upcoming appointment', 'Do not forget that you have appointment 1093 in room 404.', 59);
INSERT INTO INVOICE_BILL VALUES('2017-09-25 16:15:00', 550, 1, True);
INSERT INTO MEDICAL_RECORD VALUES('Medical record description 583.', '2017-09-25 16:15:00', 1093, 9);
INSERT INTO APPOINTMENT VALUES(1094, 172, 0, '2017-07-05 15:30:00', '2017-07-05 15:45:00', 59, 10, None);
INSERT INTO NOTIFICATION VALUES(None, '2017-07-05 15:15:00', 'Upcoming appointment', 'Do not forget that you have appointment 1094 in room 172.', 10);
INSERT INTO NOTIFICATION VALUES(None, '2017-07-05 15:15:00', 'Upcoming appointment', 'Do not forget that you have appointment 1094 in room 172.', 59);
INSERT INTO INVOICE_BILL VALUES('2017-07-05 15:45:00', 150, 11, False);
INSERT INTO MEDICAL_RECORD VALUES('Medical record description 511.', '2017-07-05 15:45:00', 1094, 10);
INSERT INTO APPOINTMENT VALUES(1095, 357, 0, '2017-11-03 13:30:00', '2017-11-03 13:45:00', 59, 6, None);
INSERT INTO NOTIFICATION VALUES(None, '2017-11-03 13:15:00', 'Upcoming appointment', 'Do not forget that you have appointment 1095 in room 357.', 4);
INSERT INTO NOTIFICATION VALUES(None, '2017-11-03 13:15:00', 'Upcoming appointment', 'Do not forget that you have appointment 1095 in room 357.', 59);
INSERT INTO INVOICE_BILL VALUES('2017-11-03 13:45:00', 200, 7, False);
INSERT INTO MEDICAL_RECORD VALUES('Medical record description 779.', '2017-11-03 13:45:00', 1095, 6);
INSERT INTO APPOINTMENT VALUES(1096, 486, 0, '2016-01-08 13:30:00', '2016-01-08 13:45:00', 59, 2, None);
INSERT INTO NOTIFICATION VALUES(None, '2016-01-08 13:15:00', 'Upcoming appointment', 'Do not forget that you have appointment 1096 in room 486.', 2);
INSERT INTO NOTIFICATION VALUES(None, '2016-01-08 13:15:00', 'Upcoming appointment', 'Do not forget that you have appointment 1096 in room 486.', 59);
INSERT INTO INVOICE_BILL VALUES('2016-01-08 13:45:00', 1000, 9, False);
INSERT INTO MEDICAL_RECORD VALUES('Medical record description 759.', '2016-01-08 13:45:00', 1096, 2);
INSERT INTO APPOINTMENT VALUES(1097, 113, 0, '2017-02-14 10:30:00', '2017-02-14 10:45:00', 59, 2, None);
INSERT INTO NOTIFICATION VALUES(None, '2017-02-14 10:15:00', 'Upcoming appointment', 'Do not forget that you have appointment 1097 in room 113.', 1);
INSERT INTO NOTIFICATION VALUES(None, '2017-02-14 10:15:00', 'Upcoming appointment', 'Do not forget that you have appointment 1097 in room 113.', 59);
INSERT INTO INVOICE_BILL VALUES('2017-02-14 10:45:00', 850, 5, False);
INSERT INTO MEDICAL_RECORD VALUES('Medical record description 739.', '2017-02-14 10:45:00', 1097, 2);
INSERT INTO APPOINTMENT VALUES(1098, 366, 1, '2017-05-23 16:15:00', '2017-05-23 16:30:00', 59, 9, None);
INSERT INTO NOTIFICATION VALUES(None, '2017-05-23 16:00:00', 'Upcoming appointment', 'Do not forget that you have appointment 1098 in room 366.', 4);
INSERT INTO NOTIFICATION VALUES(None, '2017-05-23 16:00:00', 'Upcoming appointment', 'Do not forget that you have appointment 1098 in room 366.', 59);
INSERT INTO INVOICE_BILL VALUES('2017-05-23 16:30:00', 350, 10, True);
INSERT INTO MEDICAL_RECORD VALUES('Medical record description 381.', '2017-05-23 16:30:00', 1098, 9);
INSERT INTO APPOINTMENT VALUES(1099, 482, 1, '2018-01-03 16:45:00', '2018-01-03 17:00:00', 59, 1, None);
INSERT INTO NOTIFICATION VALUES(None, '2018-01-03 16:30:00', 'Upcoming appointment', 'Do not forget that you have appointment 1099 in room 482.', 6);
INSERT INTO NOTIFICATION VALUES(None, '2018-01-03 16:30:00', 'Upcoming appointment', 'Do not forget that you have appointment 1099 in room 482.', 59);
INSERT INTO INVOICE_BILL VALUES('2018-01-03 17:00:00', 250, 11, False);
INSERT INTO MEDICAL_RECORD VALUES('Medical record description 456.', '2018-01-03 17:00:00', 1099, 1);
INSERT INTO APPOINTMENT VALUES(1100, 471, 1, '2016-07-14 16:00:00', '2016-07-14 16:15:00', 59, 6, None);
INSERT INTO NOTIFICATION VALUES(None, '2016-07-14 15:45:00', 'Upcoming appointment', 'Do not forget that you have appointment 1100 in room 471.', 5);
INSERT INTO NOTIFICATION VALUES(None, '2016-07-14 15:45:00', 'Upcoming appointment', 'Do not forget that you have appointment 1100 in room 471.', 59);
INSERT INTO INVOICE_BILL VALUES('2016-07-14 16:15:00', 100, 7, False);
INSERT INTO MEDICAL_RECORD VALUES('Medical record description 305.', '2016-07-14 16:15:00', 1100, 6);
INSERT INTO APPOINTMENT VALUES(1101, 331, 1, '2019-09-30 11:30:00', '2019-09-30 11:45:00', 59, 3, None);
INSERT INTO NOTIFICATION VALUES(None, '2019-09-30 11:15:00', 'Upcoming appointment', 'Do not forget that you have appointment 1101 in room 331.', 3);
INSERT INTO NOTIFICATION VALUES(None, '2019-09-30 11:15:00', 'Upcoming appointment', 'Do not forget that you have appointment 1101 in room 331.', 59);
INSERT INTO INVOICE_BILL VALUES('2019-09-30 11:45:00', 450, 9, True);
INSERT INTO MEDICAL_RECORD VALUES('Medical record description 421.', '2019-09-30 11:45:00', 1101, 3);
INSERT INTO APPOINTMENT VALUES(1102, 361, 1, '2017-09-07 16:45:00', '2017-09-07 17:00:00', 59, 10, None);
INSERT INTO NOTIFICATION VALUES(None, '2017-09-07 16:30:00', 'Upcoming appointment', 'Do not forget that you have appointment 1102 in room 361.', 10);
INSERT INTO NOTIFICATION VALUES(None, '2017-09-07 16:30:00', 'Upcoming appointment', 'Do not forget that you have appointment 1102 in room 361.', 59);
INSERT INTO INVOICE_BILL VALUES('2017-09-07 17:00:00', 350, 12, True);
INSERT INTO MEDICAL_RECORD VALUES('Medical record description 762.', '2017-09-07 17:00:00', 1102, 10);
INSERT INTO APPOINTMENT VALUES(1103, 485, 1, '2014-03-26 17:00:00', '2014-03-26 17:15:00', 61, 3, None);
INSERT INTO NOTIFICATION VALUES(None, '2014-03-26 16:45:00', 'Upcoming appointment', 'Do not forget that you have appointment 1103 in room 485.', 5);
INSERT INTO NOTIFICATION VALUES(None, '2014-03-26 16:45:00', 'Upcoming appointment', 'Do not forget that you have appointment 1103 in room 485.', 61);
INSERT INTO INVOICE_BILL VALUES('2014-03-26 17:15:00', 200, 10, True);
INSERT INTO MEDICAL_RECORD VALUES('Medical record description 169.', '2014-03-26 17:15:00', 1103, 3);
INSERT INTO APPOINTMENT VALUES(1104, 360, 0, '2016-04-11 16:00:00', '2016-04-11 16:15:00', 61, 9, None);
INSERT INTO NOTIFICATION VALUES(None, '2016-04-11 15:45:00', 'Upcoming appointment', 'Do not forget that you have appointment 1104 in room 360.', 4);
INSERT INTO NOTIFICATION VALUES(None, '2016-04-11 15:45:00', 'Upcoming appointment', 'Do not forget that you have appointment 1104 in room 360.', 61);
INSERT INTO INVOICE_BILL VALUES('2016-04-11 16:15:00', 700, 4, True);
INSERT INTO MEDICAL_RECORD VALUES('Medical record description 739.', '2016-04-11 16:15:00', 1104, 9);
INSERT INTO APPOINTMENT VALUES(1105, 380, 1, '2019-10-09 15:00:00', '2019-10-09 15:15:00', 61, 6, None);
INSERT INTO NOTIFICATION VALUES(None, '2019-10-09 14:45:00', 'Upcoming appointment', 'Do not forget that you have appointment 1105 in room 380.', 3);
INSERT INTO NOTIFICATION VALUES(None, '2019-10-09 14:45:00', 'Upcoming appointment', 'Do not forget that you have appointment 1105 in room 380.', 61);
INSERT INTO INVOICE_BILL VALUES('2019-10-09 15:15:00', 350, 3, False);
INSERT INTO MEDICAL_RECORD VALUES('Medical record description 777.', '2019-10-09 15:15:00', 1105, 6);
INSERT INTO APPOINTMENT VALUES(1106, 453, 1, '2017-02-03 10:00:00', '2017-02-03 10:15:00', 61, 2, None);
INSERT INTO NOTIFICATION VALUES(None, '2017-02-03 09:45:00', 'Upcoming appointment', 'Do not forget that you have appointment 1106 in room 453.', 2);
INSERT INTO NOTIFICATION VALUES(None, '2017-02-03 09:45:00', 'Upcoming appointment', 'Do not forget that you have appointment 1106 in room 453.', 61);
INSERT INTO INVOICE_BILL VALUES('2017-02-03 10:15:00', 850, 11, True);
INSERT INTO MEDICAL_RECORD VALUES('Medical record description 999.', '2017-02-03 10:15:00', 1106, 2);
INSERT INTO APPOINTMENT VALUES(1107, 448, 0, '2018-02-09 11:15:00', '2018-02-09 11:30:00', 61, 1, None);
INSERT INTO NOTIFICATION VALUES(None, '2018-02-09 11:00:00', 'Upcoming appointment', 'Do not forget that you have appointment 1107 in room 448.', 7);
INSERT INTO NOTIFICATION VALUES(None, '2018-02-09 11:00:00', 'Upcoming appointment', 'Do not forget that you have appointment 1107 in room 448.', 61);
INSERT INTO INVOICE_BILL VALUES('2018-02-09 11:30:00', 150, 14, True);
INSERT INTO MEDICAL_RECORD VALUES('Medical record description 369.', '2018-02-09 11:30:00', 1107, 1);
INSERT INTO APPOINTMENT VALUES(1108, 414, 1, '2019-01-25 10:45:00', '2019-01-25 11:00:00', 61, 10, None);
INSERT INTO NOTIFICATION VALUES(None, '2019-01-25 10:30:00', 'Upcoming appointment', 'Do not forget that you have appointment 1108 in room 414.', 10);
INSERT INTO NOTIFICATION VALUES(None, '2019-01-25 10:30:00', 'Upcoming appointment', 'Do not forget that you have appointment 1108 in room 414.', 61);
INSERT INTO INVOICE_BILL VALUES('2019-01-25 11:00:00', 400, 4, False);
INSERT INTO MEDICAL_RECORD VALUES('Medical record description 106.', '2019-01-25 11:00:00', 1108, 10);
INSERT INTO APPOINTMENT VALUES(1109, 330, 1, '2019-03-08 14:30:00', '2019-03-08 14:45:00', 61, 4, None);
INSERT INTO NOTIFICATION VALUES(None, '2019-03-08 14:15:00', 'Upcoming appointment', 'Do not forget that you have appointment 1109 in room 330.', 2);
INSERT INTO NOTIFICATION VALUES(None, '2019-03-08 14:15:00', 'Upcoming appointment', 'Do not forget that you have appointment 1109 in room 330.', 61);
INSERT INTO INVOICE_BILL VALUES('2019-03-08 14:45:00', 450, 13, False);
INSERT INTO MEDICAL_RECORD VALUES('Medical record description 846.', '2019-03-08 14:45:00', 1109, 4);
INSERT INTO APPOINTMENT VALUES(1110, 446, 1, '2015-09-23 16:15:00', '2015-09-23 16:30:00', 61, 2, None);
INSERT INTO NOTIFICATION VALUES(None, '2015-09-23 16:00:00', 'Upcoming appointment', 'Do not forget that you have appointment 1110 in room 446.', 10);
INSERT INTO NOTIFICATION VALUES(None, '2015-09-23 16:00:00', 'Upcoming appointment', 'Do not forget that you have appointment 1110 in room 446.', 61);
INSERT INTO INVOICE_BILL VALUES('2015-09-23 16:30:00', 850, 5, False);
INSERT INTO MEDICAL_RECORD VALUES('Medical record description 974.', '2015-09-23 16:30:00', 1110, 2);
INSERT INTO APPOINTMENT VALUES(1111, 159, 1, '2015-02-13 12:00:00', '2015-02-13 12:15:00', 61, 9, None);
INSERT INTO NOTIFICATION VALUES(None, '2015-02-13 11:45:00', 'Upcoming appointment', 'Do not forget that you have appointment 1111 in room 159.', 7);
INSERT INTO NOTIFICATION VALUES(None, '2015-02-13 11:45:00', 'Upcoming appointment', 'Do not forget that you have appointment 1111 in room 159.', 61);
INSERT INTO INVOICE_BILL VALUES('2015-02-13 12:15:00', 550, 9, True);
INSERT INTO MEDICAL_RECORD VALUES('Medical record description 146.', '2015-02-13 12:15:00', 1111, 9);
INSERT INTO APPOINTMENT VALUES(1112, 148, 1, '2019-02-25 14:45:00', '2019-02-25 15:00:00', 61, 6, None);
INSERT INTO NOTIFICATION VALUES(None, '2019-02-25 14:30:00', 'Upcoming appointment', 'Do not forget that you have appointment 1112 in room 148.', 3);
INSERT INTO NOTIFICATION VALUES(None, '2019-02-25 14:30:00', 'Upcoming appointment', 'Do not forget that you have appointment 1112 in room 148.', 61);
INSERT INTO INVOICE_BILL VALUES('2019-02-25 15:00:00', 350, 15, False);
INSERT INTO MEDICAL_RECORD VALUES('Medical record description 822.', '2019-02-25 15:00:00', 1112, 6);
INSERT INTO APPOINTMENT VALUES(1113, 374, 1, '2017-09-11 14:45:00', '2017-09-11 15:00:00', 61, 3, None);
INSERT INTO NOTIFICATION VALUES(None, '2017-09-11 14:30:00', 'Upcoming appointment', 'Do not forget that you have appointment 1113 in room 374.', 8);
INSERT INTO NOTIFICATION VALUES(None, '2017-09-11 14:30:00', 'Upcoming appointment', 'Do not forget that you have appointment 1113 in room 374.', 61);
INSERT INTO INVOICE_BILL VALUES('2017-09-11 15:00:00', 100, 11, True);
INSERT INTO MEDICAL_RECORD VALUES('Medical record description 248.', '2017-09-11 15:00:00', 1113, 3);
INSERT INTO APPOINTMENT VALUES(1114, 219, 0, '2018-10-15 15:15:00', '2018-10-15 15:30:00', 61, 10, None);
INSERT INTO NOTIFICATION VALUES(None, '2018-10-15 15:00:00', 'Upcoming appointment', 'Do not forget that you have appointment 1114 in room 219.', 8);
INSERT INTO NOTIFICATION VALUES(None, '2018-10-15 15:00:00', 'Upcoming appointment', 'Do not forget that you have appointment 1114 in room 219.', 61);
INSERT INTO INVOICE_BILL VALUES('2018-10-15 15:30:00', 800, 1, True);
INSERT INTO MEDICAL_RECORD VALUES('Medical record description 341.', '2018-10-15 15:30:00', 1114, 10);
INSERT INTO APPOINTMENT VALUES(1115, 186, 0, '2019-08-02 10:15:00', '2019-08-02 10:30:00', 61, 1, None);
INSERT INTO NOTIFICATION VALUES(None, '2019-08-02 10:00:00', 'Upcoming appointment', 'Do not forget that you have appointment 1115 in room 186.', 7);
INSERT INTO NOTIFICATION VALUES(None, '2019-08-02 10:00:00', 'Upcoming appointment', 'Do not forget that you have appointment 1115 in room 186.', 61);
INSERT INTO INVOICE_BILL VALUES('2019-08-02 10:30:00', 50, 4, False);
INSERT INTO MEDICAL_RECORD VALUES('Medical record description 165.', '2019-08-02 10:30:00', 1115, 1);
INSERT INTO APPOINTMENT VALUES(1116, 161, 0, '2015-03-04 16:45:00', '2015-03-04 17:00:00', 61, 1, None);
INSERT INTO NOTIFICATION VALUES(None, '2015-03-04 16:30:00', 'Upcoming appointment', 'Do not forget that you have appointment 1116 in room 161.', 9);
INSERT INTO NOTIFICATION VALUES(None, '2015-03-04 16:30:00', 'Upcoming appointment', 'Do not forget that you have appointment 1116 in room 161.', 61);
INSERT INTO INVOICE_BILL VALUES('2015-03-04 17:00:00', 250, 3, True);
INSERT INTO MEDICAL_RECORD VALUES('Medical record description 71.', '2015-03-04 17:00:00', 1116, 1);
INSERT INTO APPOINTMENT VALUES(1117, 332, 0, '2019-03-27 11:00:00', '2019-03-27 11:15:00', 61, 2, None);
INSERT INTO NOTIFICATION VALUES(None, '2019-03-27 10:45:00', 'Upcoming appointment', 'Do not forget that you have appointment 1117 in room 332.', 4);
INSERT INTO NOTIFICATION VALUES(None, '2019-03-27 10:45:00', 'Upcoming appointment', 'Do not forget that you have appointment 1117 in room 332.', 61);
INSERT INTO INVOICE_BILL VALUES('2019-03-27 11:15:00', 750, 8, False);
INSERT INTO MEDICAL_RECORD VALUES('Medical record description 495.', '2019-03-27 11:15:00', 1117, 2);
INSERT INTO APPOINTMENT VALUES(1118, 183, 1, '2019-04-03 11:45:00', '2019-04-03 12:00:00', 61, 9, None);
INSERT INTO NOTIFICATION VALUES(None, '2019-04-03 11:30:00', 'Upcoming appointment', 'Do not forget that you have appointment 1118 in room 183.', 7);
INSERT INTO NOTIFICATION VALUES(None, '2019-04-03 11:30:00', 'Upcoming appointment', 'Do not forget that you have appointment 1118 in room 183.', 61);
INSERT INTO INVOICE_BILL VALUES('2019-04-03 12:00:00', 300, 13, False);
INSERT INTO MEDICAL_RECORD VALUES('Medical record description 806.', '2019-04-03 12:00:00', 1118, 9);
INSERT INTO APPOINTMENT VALUES(1119, 114, 1, '2018-06-14 14:45:00', '2018-06-14 15:00:00', 61, 7, None);
INSERT INTO NOTIFICATION VALUES(None, '2018-06-14 14:30:00', 'Upcoming appointment', 'Do not forget that you have appointment 1119 in room 114.', 7);
INSERT INTO NOTIFICATION VALUES(None, '2018-06-14 14:30:00', 'Upcoming appointment', 'Do not forget that you have appointment 1119 in room 114.', 61);
INSERT INTO INVOICE_BILL VALUES('2018-06-14 15:00:00', 50, 15, False);
INSERT INTO MEDICAL_RECORD VALUES('Medical record description 902.', '2018-06-14 15:00:00', 1119, 7);
INSERT INTO APPOINTMENT VALUES(1120, 252, 1, '2018-06-28 12:45:00', '2018-06-28 13:00:00', 62, 9, None);
INSERT INTO NOTIFICATION VALUES(None, '2018-06-28 12:30:00', 'Upcoming appointment', 'Do not forget that you have appointment 1120 in room 252.', 7);
INSERT INTO NOTIFICATION VALUES(None, '2018-06-28 12:30:00', 'Upcoming appointment', 'Do not forget that you have appointment 1120 in room 252.', 62);
INSERT INTO INVOICE_BILL VALUES('2018-06-28 13:00:00', 500, 11, False);
INSERT INTO MEDICAL_RECORD VALUES('Medical record description 939.', '2018-06-28 13:00:00', 1120, 9);
INSERT INTO APPOINTMENT VALUES(1121, 406, 0, '2018-01-24 16:15:00', '2018-01-24 16:30:00', 62, 8, None);
INSERT INTO NOTIFICATION VALUES(None, '2018-01-24 16:00:00', 'Upcoming appointment', 'Do not forget that you have appointment 1121 in room 406.', 5);
INSERT INTO NOTIFICATION VALUES(None, '2018-01-24 16:00:00', 'Upcoming appointment', 'Do not forget that you have appointment 1121 in room 406.', 62);
INSERT INTO INVOICE_BILL VALUES('2018-01-24 16:30:00', 500, 8, True);
INSERT INTO MEDICAL_RECORD VALUES('Medical record description 157.', '2018-01-24 16:30:00', 1121, 8);
INSERT INTO APPOINTMENT VALUES(1122, 272, 1, '2017-01-16 10:45:00', '2017-01-16 11:00:00', 62, 3, None);
INSERT INTO NOTIFICATION VALUES(None, '2017-01-16 10:30:00', 'Upcoming appointment', 'Do not forget that you have appointment 1122 in room 272.', 6);
INSERT INTO NOTIFICATION VALUES(None, '2017-01-16 10:30:00', 'Upcoming appointment', 'Do not forget that you have appointment 1122 in room 272.', 62);
INSERT INTO INVOICE_BILL VALUES('2017-01-16 11:00:00', 900, 14, False);
INSERT INTO MEDICAL_RECORD VALUES('Medical record description 349.', '2017-01-16 11:00:00', 1122, 3);
INSERT INTO APPOINTMENT VALUES(1123, 109, 0, '2016-11-22 12:30:00', '2016-11-22 12:45:00', 62, 1, None);
INSERT INTO NOTIFICATION VALUES(None, '2016-11-22 12:15:00', 'Upcoming appointment', 'Do not forget that you have appointment 1123 in room 109.', 1);
INSERT INTO NOTIFICATION VALUES(None, '2016-11-22 12:15:00', 'Upcoming appointment', 'Do not forget that you have appointment 1123 in room 109.', 62);
INSERT INTO INVOICE_BILL VALUES('2016-11-22 12:45:00', 250, 3, False);
INSERT INTO MEDICAL_RECORD VALUES('Medical record description 908.', '2016-11-22 12:45:00', 1123, 1);
INSERT INTO APPOINTMENT VALUES(1124, 360, 0, '2015-09-24 15:15:00', '2015-09-24 15:30:00', 62, 3, None);
INSERT INTO NOTIFICATION VALUES(None, '2015-09-24 15:00:00', 'Upcoming appointment', 'Do not forget that you have appointment 1124 in room 360.', 10);
INSERT INTO NOTIFICATION VALUES(None, '2015-09-24 15:00:00', 'Upcoming appointment', 'Do not forget that you have appointment 1124 in room 360.', 62);
INSERT INTO INVOICE_BILL VALUES('2015-09-24 15:30:00', 100, 9, True);
INSERT INTO MEDICAL_RECORD VALUES('Medical record description 364.', '2015-09-24 15:30:00', 1124, 3);
INSERT INTO APPOINTMENT VALUES(1125, 469, 1, '2018-04-17 17:45:00', '2018-04-17 18:00:00', 62, 3, None);
INSERT INTO NOTIFICATION VALUES(None, '2018-04-17 17:30:00', 'Upcoming appointment', 'Do not forget that you have appointment 1125 in room 469.', 6);
INSERT INTO NOTIFICATION VALUES(None, '2018-04-17 17:30:00', 'Upcoming appointment', 'Do not forget that you have appointment 1125 in room 469.', 62);
INSERT INTO INVOICE_BILL VALUES('2018-04-17 18:00:00', 150, 7, True);
INSERT INTO MEDICAL_RECORD VALUES('Medical record description 769.', '2018-04-17 18:00:00', 1125, 3);
INSERT INTO APPOINTMENT VALUES(1126, 277, 1, '2019-02-19 16:45:00', '2019-02-19 17:00:00', 63, 6, None);
INSERT INTO NOTIFICATION VALUES(None, '2019-02-19 16:30:00', 'Upcoming appointment', 'Do not forget that you have appointment 1126 in room 277.', 6);
INSERT INTO NOTIFICATION VALUES(None, '2019-02-19 16:30:00', 'Upcoming appointment', 'Do not forget that you have appointment 1126 in room 277.', 63);
INSERT INTO INVOICE_BILL VALUES('2019-02-19 17:00:00', 1000, 9, False);
INSERT INTO MEDICAL_RECORD VALUES('Medical record description 79.', '2019-02-19 17:00:00', 1126, 6);
INSERT INTO APPOINTMENT VALUES(1127, 425, 0, '2019-05-17 17:15:00', '2019-05-17 17:30:00', 63, 2, None);
INSERT INTO NOTIFICATION VALUES(None, '2019-05-17 17:00:00', 'Upcoming appointment', 'Do not forget that you have appointment 1127 in room 425.', 9);
INSERT INTO NOTIFICATION VALUES(None, '2019-05-17 17:00:00', 'Upcoming appointment', 'Do not forget that you have appointment 1127 in room 425.', 63);
INSERT INTO INVOICE_BILL VALUES('2019-05-17 17:30:00', 250, 12, False);
INSERT INTO MEDICAL_RECORD VALUES('Medical record description 830.', '2019-05-17 17:30:00', 1127, 2);
INSERT INTO APPOINTMENT VALUES(1128, 225, 1, '2010-05-27 13:30:00', '2010-05-27 13:45:00', 63, 3, None);
INSERT INTO NOTIFICATION VALUES(None, '2010-05-27 13:15:00', 'Upcoming appointment', 'Do not forget that you have appointment 1128 in room 225.', 7);
INSERT INTO NOTIFICATION VALUES(None, '2010-05-27 13:15:00', 'Upcoming appointment', 'Do not forget that you have appointment 1128 in room 225.', 63);
INSERT INTO INVOICE_BILL VALUES('2010-05-27 13:45:00', 100, 7, False);
INSERT INTO MEDICAL_RECORD VALUES('Medical record description 532.', '2010-05-27 13:45:00', 1128, 3);
INSERT INTO APPOINTMENT VALUES(1129, 157, 0, '2010-09-06 13:15:00', '2010-09-06 13:30:00', 63, 3, None);
INSERT INTO NOTIFICATION VALUES(None, '2010-09-06 13:00:00', 'Upcoming appointment', 'Do not forget that you have appointment 1129 in room 157.', 9);
INSERT INTO NOTIFICATION VALUES(None, '2010-09-06 13:00:00', 'Upcoming appointment', 'Do not forget that you have appointment 1129 in room 157.', 63);
INSERT INTO INVOICE_BILL VALUES('2010-09-06 13:30:00', 350, 9, False);
INSERT INTO MEDICAL_RECORD VALUES('Medical record description 245.', '2010-09-06 13:30:00', 1129, 3);
INSERT INTO APPOINTMENT VALUES(1130, 257, 0, '2018-11-14 14:45:00', '2018-11-14 15:00:00', 63, 4, None);
INSERT INTO NOTIFICATION VALUES(None, '2018-11-14 14:30:00', 'Upcoming appointment', 'Do not forget that you have appointment 1130 in room 257.', 3);
INSERT INTO NOTIFICATION VALUES(None, '2018-11-14 14:30:00', 'Upcoming appointment', 'Do not forget that you have appointment 1130 in room 257.', 63);
INSERT INTO INVOICE_BILL VALUES('2018-11-14 15:00:00', 750, 4, True);
INSERT INTO MEDICAL_RECORD VALUES('Medical record description 80.', '2018-11-14 15:00:00', 1130, 4);
INSERT INTO APPOINTMENT VALUES(1131, 280, 1, '2015-04-02 10:30:00', '2015-04-02 10:45:00', 63, 9, None);
INSERT INTO NOTIFICATION VALUES(None, '2015-04-02 10:15:00', 'Upcoming appointment', 'Do not forget that you have appointment 1131 in room 280.', 9);
INSERT INTO NOTIFICATION VALUES(None, '2015-04-02 10:15:00', 'Upcoming appointment', 'Do not forget that you have appointment 1131 in room 280.', 63);
INSERT INTO INVOICE_BILL VALUES('2015-04-02 10:45:00', 850, 8, True);
INSERT INTO MEDICAL_RECORD VALUES('Medical record description 718.', '2015-04-02 10:45:00', 1131, 9);
INSERT INTO APPOINTMENT VALUES(1132, 433, 0, '2016-07-08 11:45:00', '2016-07-08 12:00:00', 63, 4, None);
INSERT INTO NOTIFICATION VALUES(None, '2016-07-08 11:30:00', 'Upcoming appointment', 'Do not forget that you have appointment 1132 in room 433.', 6);
INSERT INTO NOTIFICATION VALUES(None, '2016-07-08 11:30:00', 'Upcoming appointment', 'Do not forget that you have appointment 1132 in room 433.', 63);
INSERT INTO INVOICE_BILL VALUES('2016-07-08 12:00:00', 250, 9, True);
INSERT INTO MEDICAL_RECORD VALUES('Medical record description 875.', '2016-07-08 12:00:00', 1132, 4);
INSERT INTO APPOINTMENT VALUES(1133, 466, 1, '2016-11-17 10:15:00', '2016-11-17 10:30:00', 63, 1, None);
INSERT INTO NOTIFICATION VALUES(None, '2016-11-17 10:00:00', 'Upcoming appointment', 'Do not forget that you have appointment 1133 in room 466.', 5);
INSERT INTO NOTIFICATION VALUES(None, '2016-11-17 10:00:00', 'Upcoming appointment', 'Do not forget that you have appointment 1133 in room 466.', 63);
INSERT INTO INVOICE_BILL VALUES('2016-11-17 10:30:00', 700, 15, False);
INSERT INTO MEDICAL_RECORD VALUES('Medical record description 890.', '2016-11-17 10:30:00', 1133, 1);
INSERT INTO APPOINTMENT VALUES(1134, 436, 0, '2013-12-11 14:00:00', '2013-12-11 14:15:00', 63, 3, None);
INSERT INTO NOTIFICATION VALUES(None, '2013-12-11 13:45:00', 'Upcoming appointment', 'Do not forget that you have appointment 1134 in room 436.', 7);
INSERT INTO NOTIFICATION VALUES(None, '2013-12-11 13:45:00', 'Upcoming appointment', 'Do not forget that you have appointment 1134 in room 436.', 63);
INSERT INTO INVOICE_BILL VALUES('2013-12-11 14:15:00', 250, 12, True);
INSERT INTO MEDICAL_RECORD VALUES('Medical record description 952.', '2013-12-11 14:15:00', 1134, 3);
INSERT INTO APPOINTMENT VALUES(1135, 406, 0, '2018-10-17 12:45:00', '2018-10-17 13:00:00', 63, 6, None);
INSERT INTO NOTIFICATION VALUES(None, '2018-10-17 12:30:00', 'Upcoming appointment', 'Do not forget that you have appointment 1135 in room 406.', 5);
INSERT INTO NOTIFICATION VALUES(None, '2018-10-17 12:30:00', 'Upcoming appointment', 'Do not forget that you have appointment 1135 in room 406.', 63);
INSERT INTO INVOICE_BILL VALUES('2018-10-17 13:00:00', 150, 9, False);
INSERT INTO MEDICAL_RECORD VALUES('Medical record description 226.', '2018-10-17 13:00:00', 1135, 6);
INSERT INTO APPOINTMENT VALUES(1136, 241, 1, '2018-07-23 14:15:00', '2018-07-23 14:30:00', 63, 7, None);
INSERT INTO NOTIFICATION VALUES(None, '2018-07-23 14:00:00', 'Upcoming appointment', 'Do not forget that you have appointment 1136 in room 241.', 1);
INSERT INTO NOTIFICATION VALUES(None, '2018-07-23 14:00:00', 'Upcoming appointment', 'Do not forget that you have appointment 1136 in room 241.', 63);
INSERT INTO INVOICE_BILL VALUES('2018-07-23 14:30:00', 650, 7, True);
INSERT INTO MEDICAL_RECORD VALUES('Medical record description 248.', '2018-07-23 14:30:00', 1136, 7);
INSERT INTO APPOINTMENT VALUES(1137, 326, 0, '2015-07-29 12:30:00', '2015-07-29 12:45:00', 63, 4, None);
INSERT INTO NOTIFICATION VALUES(None, '2015-07-29 12:15:00', 'Upcoming appointment', 'Do not forget that you have appointment 1137 in room 326.', 3);
INSERT INTO NOTIFICATION VALUES(None, '2015-07-29 12:15:00', 'Upcoming appointment', 'Do not forget that you have appointment 1137 in room 326.', 63);
INSERT INTO INVOICE_BILL VALUES('2015-07-29 12:45:00', 850, 5, True);
INSERT INTO MEDICAL_RECORD VALUES('Medical record description 98.', '2015-07-29 12:45:00', 1137, 4);
INSERT INTO APPOINTMENT VALUES(1138, 255, 0, '2017-06-13 17:30:00', '2017-06-13 17:45:00', 63, 1, None);
INSERT INTO NOTIFICATION VALUES(None, '2017-06-13 17:15:00', 'Upcoming appointment', 'Do not forget that you have appointment 1138 in room 255.', 3);
INSERT INTO NOTIFICATION VALUES(None, '2017-06-13 17:15:00', 'Upcoming appointment', 'Do not forget that you have appointment 1138 in room 255.', 63);
INSERT INTO INVOICE_BILL VALUES('2017-06-13 17:45:00', 250, 15, True);
INSERT INTO MEDICAL_RECORD VALUES('Medical record description 147.', '2017-06-13 17:45:00', 1138, 1);
INSERT INTO APPOINTMENT VALUES(1139, 275, 0, '2018-05-25 13:00:00', '2018-05-25 13:15:00', 63, 3, None);
INSERT INTO NOTIFICATION VALUES(None, '2018-05-25 12:45:00', 'Upcoming appointment', 'Do not forget that you have appointment 1139 in room 275.', 9);
INSERT INTO NOTIFICATION VALUES(None, '2018-05-25 12:45:00', 'Upcoming appointment', 'Do not forget that you have appointment 1139 in room 275.', 63);
INSERT INTO INVOICE_BILL VALUES('2018-05-25 13:15:00', 550, 3, True);
INSERT INTO MEDICAL_RECORD VALUES('Medical record description 656.', '2018-05-25 13:15:00', 1139, 3);
INSERT INTO APPOINTMENT VALUES(1140, 118, 1, '2019-10-30 12:30:00', '2019-10-30 12:45:00', 63, 1, None);
INSERT INTO NOTIFICATION VALUES(None, '2019-10-30 12:15:00', 'Upcoming appointment', 'Do not forget that you have appointment 1140 in room 118.', 10);
INSERT INTO NOTIFICATION VALUES(None, '2019-10-30 12:15:00', 'Upcoming appointment', 'Do not forget that you have appointment 1140 in room 118.', 63);
INSERT INTO INVOICE_BILL VALUES('2019-10-30 12:45:00', 800, 11, False);
INSERT INTO MEDICAL_RECORD VALUES('Medical record description 846.', '2019-10-30 12:45:00', 1140, 1);
INSERT INTO APPOINTMENT VALUES(1141, 194, 1, '2019-09-03 12:00:00', '2019-09-03 12:15:00', 63, 9, None);
INSERT INTO NOTIFICATION VALUES(None, '2019-09-03 11:45:00', 'Upcoming appointment', 'Do not forget that you have appointment 1141 in room 194.', 9);
INSERT INTO NOTIFICATION VALUES(None, '2019-09-03 11:45:00', 'Upcoming appointment', 'Do not forget that you have appointment 1141 in room 194.', 63);
INSERT INTO INVOICE_BILL VALUES('2019-09-03 12:15:00', 350, 14, False);
INSERT INTO MEDICAL_RECORD VALUES('Medical record description 709.', '2019-09-03 12:15:00', 1141, 9);
INSERT INTO APPOINTMENT VALUES(1142, 406, 1, '2016-04-26 13:00:00', '2016-04-26 13:15:00', 63, 2, None);
INSERT INTO NOTIFICATION VALUES(None, '2016-04-26 12:45:00', 'Upcoming appointment', 'Do not forget that you have appointment 1142 in room 406.', 1);
INSERT INTO NOTIFICATION VALUES(None, '2016-04-26 12:45:00', 'Upcoming appointment', 'Do not forget that you have appointment 1142 in room 406.', 63);
INSERT INTO INVOICE_BILL VALUES('2016-04-26 13:15:00', 50, 3, True);
INSERT INTO MEDICAL_RECORD VALUES('Medical record description 718.', '2016-04-26 13:15:00', 1142, 2);
INSERT INTO APPOINTMENT VALUES(1143, 239, 0, '2019-07-31 13:30:00', '2019-07-31 13:45:00', 63, 7, None);
INSERT INTO NOTIFICATION VALUES(None, '2019-07-31 13:15:00', 'Upcoming appointment', 'Do not forget that you have appointment 1143 in room 239.', 6);
INSERT INTO NOTIFICATION VALUES(None, '2019-07-31 13:15:00', 'Upcoming appointment', 'Do not forget that you have appointment 1143 in room 239.', 63);
INSERT INTO INVOICE_BILL VALUES('2019-07-31 13:45:00', 400, 8, True);
INSERT INTO MEDICAL_RECORD VALUES('Medical record description 921.', '2019-07-31 13:45:00', 1143, 7);
INSERT INTO APPOINTMENT VALUES(1144, 295, 1, '2017-05-12 11:00:00', '2017-05-12 11:15:00', 63, 1, None);
INSERT INTO NOTIFICATION VALUES(None, '2017-05-12 10:45:00', 'Upcoming appointment', 'Do not forget that you have appointment 1144 in room 295.', 10);
INSERT INTO NOTIFICATION VALUES(None, '2017-05-12 10:45:00', 'Upcoming appointment', 'Do not forget that you have appointment 1144 in room 295.', 63);
INSERT INTO INVOICE_BILL VALUES('2017-05-12 11:15:00', 450, 13, False);
INSERT INTO MEDICAL_RECORD VALUES('Medical record description 378.', '2017-05-12 11:15:00', 1144, 1);
INSERT INTO APPOINTMENT VALUES(1145, 205, 0, '2018-05-15 11:45:00', '2018-05-15 12:00:00', 63, 3, None);
INSERT INTO NOTIFICATION VALUES(None, '2018-05-15 11:30:00', 'Upcoming appointment', 'Do not forget that you have appointment 1145 in room 205.', 1);
INSERT INTO NOTIFICATION VALUES(None, '2018-05-15 11:30:00', 'Upcoming appointment', 'Do not forget that you have appointment 1145 in room 205.', 63);
INSERT INTO INVOICE_BILL VALUES('2018-05-15 12:00:00', 300, 9, True);
INSERT INTO MEDICAL_RECORD VALUES('Medical record description 323.', '2018-05-15 12:00:00', 1145, 3);
INSERT INTO APPOINTMENT VALUES(1146, 441, 0, '2018-05-01 14:00:00', '2018-05-01 14:15:00', 63, 1, None);
INSERT INTO NOTIFICATION VALUES(None, '2018-05-01 13:45:00', 'Upcoming appointment', 'Do not forget that you have appointment 1146 in room 441.', 9);
INSERT INTO NOTIFICATION VALUES(None, '2018-05-01 13:45:00', 'Upcoming appointment', 'Do not forget that you have appointment 1146 in room 441.', 63);
INSERT INTO INVOICE_BILL VALUES('2018-05-01 14:15:00', 200, 13, False);
INSERT INTO MEDICAL_RECORD VALUES('Medical record description 922.', '2018-05-01 14:15:00', 1146, 1);
INSERT INTO APPOINTMENT VALUES(1147, 365, 1, '2018-12-03 13:45:00', '2018-12-03 14:00:00', 63, 4, None);
INSERT INTO NOTIFICATION VALUES(None, '2018-12-03 13:30:00', 'Upcoming appointment', 'Do not forget that you have appointment 1147 in room 365.', 3);
INSERT INTO NOTIFICATION VALUES(None, '2018-12-03 13:30:00', 'Upcoming appointment', 'Do not forget that you have appointment 1147 in room 365.', 63);
INSERT INTO INVOICE_BILL VALUES('2018-12-03 14:00:00', 450, 4, True);
INSERT INTO MEDICAL_RECORD VALUES('Medical record description 889.', '2018-12-03 14:00:00', 1147, 4);
INSERT INTO APPOINTMENT VALUES(1148, 388, 1, '2019-09-20 14:15:00', '2019-09-20 14:30:00', 63, 6, None);
INSERT INTO NOTIFICATION VALUES(None, '2019-09-20 14:00:00', 'Upcoming appointment', 'Do not forget that you have appointment 1148 in room 388.', 4);
INSERT INTO NOTIFICATION VALUES(None, '2019-09-20 14:00:00', 'Upcoming appointment', 'Do not forget that you have appointment 1148 in room 388.', 63);
INSERT INTO INVOICE_BILL VALUES('2019-09-20 14:30:00', 400, 8, False);
INSERT INTO MEDICAL_RECORD VALUES('Medical record description 85.', '2019-09-20 14:30:00', 1148, 6);
INSERT INTO APPOINTMENT VALUES(1149, 126, 1, '2016-10-27 14:30:00', '2016-10-27 14:45:00', 63, 2, None);
INSERT INTO NOTIFICATION VALUES(None, '2016-10-27 14:15:00', 'Upcoming appointment', 'Do not forget that you have appointment 1149 in room 126.', 10);
INSERT INTO NOTIFICATION VALUES(None, '2016-10-27 14:15:00', 'Upcoming appointment', 'Do not forget that you have appointment 1149 in room 126.', 63);
INSERT INTO INVOICE_BILL VALUES('2016-10-27 14:45:00', 350, 5, True);
INSERT INTO MEDICAL_RECORD VALUES('Medical record description 61.', '2016-10-27 14:45:00', 1149, 2);
INSERT INTO APPOINTMENT VALUES(1150, 319, 1, '2014-09-02 14:30:00', '2014-09-02 14:45:00', 63, 3, None);
INSERT INTO NOTIFICATION VALUES(None, '2014-09-02 14:15:00', 'Upcoming appointment', 'Do not forget that you have appointment 1150 in room 319.', 7);
INSERT INTO NOTIFICATION VALUES(None, '2014-09-02 14:15:00', 'Upcoming appointment', 'Do not forget that you have appointment 1150 in room 319.', 63);
INSERT INTO INVOICE_BILL VALUES('2014-09-02 14:45:00', 900, 14, False);
INSERT INTO MEDICAL_RECORD VALUES('Medical record description 393.', '2014-09-02 14:45:00', 1150, 3);
INSERT INTO APPOINTMENT VALUES(1151, 169, 1, '2018-02-13 11:30:00', '2018-02-13 11:45:00', 63, 9, None);
INSERT INTO NOTIFICATION VALUES(None, '2018-02-13 11:15:00', 'Upcoming appointment', 'Do not forget that you have appointment 1151 in room 169.', 5);
INSERT INTO NOTIFICATION VALUES(None, '2018-02-13 11:15:00', 'Upcoming appointment', 'Do not forget that you have appointment 1151 in room 169.', 63);
INSERT INTO INVOICE_BILL VALUES('2018-02-13 11:45:00', 850, 5, True);
INSERT INTO MEDICAL_RECORD VALUES('Medical record description 10.', '2018-02-13 11:45:00', 1151, 9);
INSERT INTO APPOINTMENT VALUES(1152, 333, 1, '2017-11-06 12:30:00', '2017-11-06 12:45:00', 63, 2, None);
INSERT INTO NOTIFICATION VALUES(None, '2017-11-06 12:15:00', 'Upcoming appointment', 'Do not forget that you have appointment 1152 in room 333.', 9);
INSERT INTO NOTIFICATION VALUES(None, '2017-11-06 12:15:00', 'Upcoming appointment', 'Do not forget that you have appointment 1152 in room 333.', 63);
INSERT INTO INVOICE_BILL VALUES('2017-11-06 12:45:00', 450, 5, False);
INSERT INTO MEDICAL_RECORD VALUES('Medical record description 220.', '2017-11-06 12:45:00', 1152, 2);
INSERT INTO APPOINTMENT VALUES(1153, 123, 1, '2019-04-02 13:30:00', '2019-04-02 13:45:00', 64, 1, None);
INSERT INTO NOTIFICATION VALUES(None, '2019-04-02 13:15:00', 'Upcoming appointment', 'Do not forget that you have appointment 1153 in room 123.', 8);
INSERT INTO NOTIFICATION VALUES(None, '2019-04-02 13:15:00', 'Upcoming appointment', 'Do not forget that you have appointment 1153 in room 123.', 64);
INSERT INTO INVOICE_BILL VALUES('2019-04-02 13:45:00', 150, 9, True);
INSERT INTO MEDICAL_RECORD VALUES('Medical record description 462.', '2019-04-02 13:45:00', 1153, 1);
INSERT INTO APPOINTMENT VALUES(1154, 270, 0, '2017-06-29 16:00:00', '2017-06-29 16:15:00', 64, 3, None);
INSERT INTO NOTIFICATION VALUES(None, '2017-06-29 15:45:00', 'Upcoming appointment', 'Do not forget that you have appointment 1154 in room 270.', 9);
INSERT INTO NOTIFICATION VALUES(None, '2017-06-29 15:45:00', 'Upcoming appointment', 'Do not forget that you have appointment 1154 in room 270.', 64);
INSERT INTO INVOICE_BILL VALUES('2017-06-29 16:15:00', 900, 8, True);
INSERT INTO MEDICAL_RECORD VALUES('Medical record description 118.', '2017-06-29 16:15:00', 1154, 3);
INSERT INTO APPOINTMENT VALUES(1155, 344, 1, '2019-09-03 12:30:00', '2019-09-03 12:45:00', 64, 8, None);
INSERT INTO NOTIFICATION VALUES(None, '2019-09-03 12:15:00', 'Upcoming appointment', 'Do not forget that you have appointment 1155 in room 344.', 3);
INSERT INTO NOTIFICATION VALUES(None, '2019-09-03 12:15:00', 'Upcoming appointment', 'Do not forget that you have appointment 1155 in room 344.', 64);
INSERT INTO INVOICE_BILL VALUES('2019-09-03 12:45:00', 850, 4, False);
INSERT INTO MEDICAL_RECORD VALUES('Medical record description 573.', '2019-09-03 12:45:00', 1155, 8);
INSERT INTO APPOINTMENT VALUES(1156, 408, 0, '2017-05-18 14:00:00', '2017-05-18 14:15:00', 64, 6, None);
INSERT INTO NOTIFICATION VALUES(None, '2017-05-18 13:45:00', 'Upcoming appointment', 'Do not forget that you have appointment 1156 in room 408.', 1);
INSERT INTO NOTIFICATION VALUES(None, '2017-05-18 13:45:00', 'Upcoming appointment', 'Do not forget that you have appointment 1156 in room 408.', 64);
INSERT INTO INVOICE_BILL VALUES('2017-05-18 14:15:00', 600, 10, True);
INSERT INTO MEDICAL_RECORD VALUES('Medical record description 756.', '2017-05-18 14:15:00', 1156, 6);
INSERT INTO APPOINTMENT VALUES(1157, 256, 0, '2015-05-27 11:00:00', '2015-05-27 11:15:00', 64, 2, None);
INSERT INTO NOTIFICATION VALUES(None, '2015-05-27 10:45:00', 'Upcoming appointment', 'Do not forget that you have appointment 1157 in room 256.', 8);
INSERT INTO NOTIFICATION VALUES(None, '2015-05-27 10:45:00', 'Upcoming appointment', 'Do not forget that you have appointment 1157 in room 256.', 64);
INSERT INTO INVOICE_BILL VALUES('2015-05-27 11:15:00', 250, 4, True);
INSERT INTO MEDICAL_RECORD VALUES('Medical record description 404.', '2015-05-27 11:15:00', 1157, 2);
INSERT INTO APPOINTMENT VALUES(1158, 194, 0, '2014-02-12 10:00:00', '2014-02-12 10:15:00', 64, 1, None);
INSERT INTO NOTIFICATION VALUES(None, '2014-02-12 09:45:00', 'Upcoming appointment', 'Do not forget that you have appointment 1158 in room 194.', 7);
INSERT INTO NOTIFICATION VALUES(None, '2014-02-12 09:45:00', 'Upcoming appointment', 'Do not forget that you have appointment 1158 in room 194.', 64);
INSERT INTO INVOICE_BILL VALUES('2014-02-12 10:15:00', 700, 2, False);
INSERT INTO MEDICAL_RECORD VALUES('Medical record description 823.', '2014-02-12 10:15:00', 1158, 1);
INSERT INTO APPOINTMENT VALUES(1159, 135, 1, '2013-09-05 14:00:00', '2013-09-05 14:15:00', 64, 1, None);
INSERT INTO NOTIFICATION VALUES(None, '2013-09-05 13:45:00', 'Upcoming appointment', 'Do not forget that you have appointment 1159 in room 135.', 6);
INSERT INTO NOTIFICATION VALUES(None, '2013-09-05 13:45:00', 'Upcoming appointment', 'Do not forget that you have appointment 1159 in room 135.', 64);
INSERT INTO INVOICE_BILL VALUES('2013-09-05 14:15:00', 400, 12, False);
INSERT INTO MEDICAL_RECORD VALUES('Medical record description 447.', '2013-09-05 14:15:00', 1159, 1);
INSERT INTO APPOINTMENT VALUES(1160, 313, 0, '2010-03-09 11:00:00', '2010-03-09 11:15:00', 64, 3, None);
INSERT INTO NOTIFICATION VALUES(None, '2010-03-09 10:45:00', 'Upcoming appointment', 'Do not forget that you have appointment 1160 in room 313.', 1);
INSERT INTO NOTIFICATION VALUES(None, '2010-03-09 10:45:00', 'Upcoming appointment', 'Do not forget that you have appointment 1160 in room 313.', 64);
INSERT INTO INVOICE_BILL VALUES('2010-03-09 11:15:00', 400, 5, True);
INSERT INTO MEDICAL_RECORD VALUES('Medical record description 787.', '2010-03-09 11:15:00', 1160, 3);
INSERT INTO APPOINTMENT VALUES(1161, 109, 1, '2017-02-17 10:15:00', '2017-02-17 10:30:00', 64, 1, None);
INSERT INTO NOTIFICATION VALUES(None, '2017-02-17 10:00:00', 'Upcoming appointment', 'Do not forget that you have appointment 1161 in room 109.', 6);
INSERT INTO NOTIFICATION VALUES(None, '2017-02-17 10:00:00', 'Upcoming appointment', 'Do not forget that you have appointment 1161 in room 109.', 64);
INSERT INTO INVOICE_BILL VALUES('2017-02-17 10:30:00', 550, 8, False);
INSERT INTO MEDICAL_RECORD VALUES('Medical record description 226.', '2017-02-17 10:30:00', 1161, 1);
INSERT INTO APPOINTMENT VALUES(1162, 170, 0, '2017-10-03 13:00:00', '2017-10-03 13:15:00', 64, 9, None);
INSERT INTO NOTIFICATION VALUES(None, '2017-10-03 12:45:00', 'Upcoming appointment', 'Do not forget that you have appointment 1162 in room 170.', 2);
INSERT INTO NOTIFICATION VALUES(None, '2017-10-03 12:45:00', 'Upcoming appointment', 'Do not forget that you have appointment 1162 in room 170.', 64);
INSERT INTO INVOICE_BILL VALUES('2017-10-03 13:15:00', 200, 11, False);
INSERT INTO MEDICAL_RECORD VALUES('Medical record description 254.', '2017-10-03 13:15:00', 1162, 9);
INSERT INTO APPOINTMENT VALUES(1163, 332, 1, '2016-05-16 12:30:00', '2016-05-16 12:45:00', 64, 3, None);
INSERT INTO NOTIFICATION VALUES(None, '2016-05-16 12:15:00', 'Upcoming appointment', 'Do not forget that you have appointment 1163 in room 332.', 3);
INSERT INTO NOTIFICATION VALUES(None, '2016-05-16 12:15:00', 'Upcoming appointment', 'Do not forget that you have appointment 1163 in room 332.', 64);
INSERT INTO INVOICE_BILL VALUES('2016-05-16 12:45:00', 950, 13, True);
INSERT INTO MEDICAL_RECORD VALUES('Medical record description 300.', '2016-05-16 12:45:00', 1163, 3);
INSERT INTO APPOINTMENT VALUES(1164, 133, 1, '2016-05-19 14:00:00', '2016-05-19 14:15:00', 64, 1, None);
INSERT INTO NOTIFICATION VALUES(None, '2016-05-19 13:45:00', 'Upcoming appointment', 'Do not forget that you have appointment 1164 in room 133.', 2);
INSERT INTO NOTIFICATION VALUES(None, '2016-05-19 13:45:00', 'Upcoming appointment', 'Do not forget that you have appointment 1164 in room 133.', 64);
INSERT INTO INVOICE_BILL VALUES('2016-05-19 14:15:00', 100, 2, False);
INSERT INTO MEDICAL_RECORD VALUES('Medical record description 424.', '2016-05-19 14:15:00', 1164, 1);
INSERT INTO APPOINTMENT VALUES(1165, 192, 1, '2013-04-12 10:15:00', '2013-04-12 10:30:00', 64, 1, None);
INSERT INTO NOTIFICATION VALUES(None, '2013-04-12 10:00:00', 'Upcoming appointment', 'Do not forget that you have appointment 1165 in room 192.', 10);
INSERT INTO NOTIFICATION VALUES(None, '2013-04-12 10:00:00', 'Upcoming appointment', 'Do not forget that you have appointment 1165 in room 192.', 64);
INSERT INTO INVOICE_BILL VALUES('2013-04-12 10:30:00', 700, 13, False);
INSERT INTO MEDICAL_RECORD VALUES('Medical record description 570.', '2013-04-12 10:30:00', 1165, 1);
INSERT INTO APPOINTMENT VALUES(1166, 413, 0, '2011-07-12 15:00:00', '2011-07-12 15:15:00', 64, 3, None);
INSERT INTO NOTIFICATION VALUES(None, '2011-07-12 14:45:00', 'Upcoming appointment', 'Do not forget that you have appointment 1166 in room 413.', 6);
INSERT INTO NOTIFICATION VALUES(None, '2011-07-12 14:45:00', 'Upcoming appointment', 'Do not forget that you have appointment 1166 in room 413.', 64);
INSERT INTO INVOICE_BILL VALUES('2011-07-12 15:15:00', 500, 8, False);
INSERT INTO MEDICAL_RECORD VALUES('Medical record description 813.', '2011-07-12 15:15:00', 1166, 3);
INSERT INTO APPOINTMENT VALUES(1167, 328, 0, '2019-02-13 11:45:00', '2019-02-13 12:00:00', 64, 3, None);
INSERT INTO NOTIFICATION VALUES(None, '2019-02-13 11:30:00', 'Upcoming appointment', 'Do not forget that you have appointment 1167 in room 328.', 3);
INSERT INTO NOTIFICATION VALUES(None, '2019-02-13 11:30:00', 'Upcoming appointment', 'Do not forget that you have appointment 1167 in room 328.', 64);
INSERT INTO INVOICE_BILL VALUES('2019-02-13 12:00:00', 250, 10, True);
INSERT INTO MEDICAL_RECORD VALUES('Medical record description 358.', '2019-02-13 12:00:00', 1167, 3);
INSERT INTO APPOINTMENT VALUES(1168, 253, 1, '2019-06-24 16:15:00', '2019-06-24 16:30:00', 64, 4, None);
INSERT INTO NOTIFICATION VALUES(None, '2019-06-24 16:00:00', 'Upcoming appointment', 'Do not forget that you have appointment 1168 in room 253.', 2);
INSERT INTO NOTIFICATION VALUES(None, '2019-06-24 16:00:00', 'Upcoming appointment', 'Do not forget that you have appointment 1168 in room 253.', 64);
INSERT INTO INVOICE_BILL VALUES('2019-06-24 16:30:00', 300, 12, True);
INSERT INTO MEDICAL_RECORD VALUES('Medical record description 530.', '2019-06-24 16:30:00', 1168, 4);
INSERT INTO APPOINTMENT VALUES(1169, 145, 1, '2017-05-15 10:30:00', '2017-05-15 10:45:00', 64, 4, None);
INSERT INTO NOTIFICATION VALUES(None, '2017-05-15 10:15:00', 'Upcoming appointment', 'Do not forget that you have appointment 1169 in room 145.', 4);
INSERT INTO NOTIFICATION VALUES(None, '2017-05-15 10:15:00', 'Upcoming appointment', 'Do not forget that you have appointment 1169 in room 145.', 64);
INSERT INTO INVOICE_BILL VALUES('2017-05-15 10:45:00', 1000, 15, False);
INSERT INTO MEDICAL_RECORD VALUES('Medical record description 193.', '2017-05-15 10:45:00', 1169, 4);
INSERT INTO APPOINTMENT VALUES(1170, 376, 1, '2018-09-13 12:15:00', '2018-09-13 12:30:00', 64, 3, None);
INSERT INTO NOTIFICATION VALUES(None, '2018-09-13 12:00:00', 'Upcoming appointment', 'Do not forget that you have appointment 1170 in room 376.', 6);
INSERT INTO NOTIFICATION VALUES(None, '2018-09-13 12:00:00', 'Upcoming appointment', 'Do not forget that you have appointment 1170 in room 376.', 64);
INSERT INTO INVOICE_BILL VALUES('2018-09-13 12:30:00', 450, 2, True);
INSERT INTO MEDICAL_RECORD VALUES('Medical record description 392.', '2018-09-13 12:30:00', 1170, 3);
INSERT INTO APPOINTMENT VALUES(1171, 199, 1, '2013-10-11 10:00:00', '2013-10-11 10:15:00', 64, 3, None);
INSERT INTO NOTIFICATION VALUES(None, '2013-10-11 09:45:00', 'Upcoming appointment', 'Do not forget that you have appointment 1171 in room 199.', 9);
INSERT INTO NOTIFICATION VALUES(None, '2013-10-11 09:45:00', 'Upcoming appointment', 'Do not forget that you have appointment 1171 in room 199.', 64);
INSERT INTO INVOICE_BILL VALUES('2013-10-11 10:15:00', 1000, 14, True);
INSERT INTO MEDICAL_RECORD VALUES('Medical record description 56.', '2013-10-11 10:15:00', 1171, 3);
INSERT INTO APPOINTMENT VALUES(1172, 475, 1, '2011-09-28 15:45:00', '2011-09-28 16:00:00', 64, 3, None);
INSERT INTO NOTIFICATION VALUES(None, '2011-09-28 15:30:00', 'Upcoming appointment', 'Do not forget that you have appointment 1172 in room 475.', 3);
INSERT INTO NOTIFICATION VALUES(None, '2011-09-28 15:30:00', 'Upcoming appointment', 'Do not forget that you have appointment 1172 in room 475.', 64);
INSERT INTO INVOICE_BILL VALUES('2011-09-28 16:00:00', 300, 2, False);
INSERT INTO MEDICAL_RECORD VALUES('Medical record description 52.', '2011-09-28 16:00:00', 1172, 3);
INSERT INTO APPOINTMENT VALUES(1173, 403, 1, '2012-12-28 11:15:00', '2012-12-28 11:30:00', 64, 1, None);
INSERT INTO NOTIFICATION VALUES(None, '2012-12-28 11:00:00', 'Upcoming appointment', 'Do not forget that you have appointment 1173 in room 403.', 8);
INSERT INTO NOTIFICATION VALUES(None, '2012-12-28 11:00:00', 'Upcoming appointment', 'Do not forget that you have appointment 1173 in room 403.', 64);
INSERT INTO INVOICE_BILL VALUES('2012-12-28 11:30:00', 400, 5, False);
INSERT INTO MEDICAL_RECORD VALUES('Medical record description 701.', '2012-12-28 11:30:00', 1173, 1);
INSERT INTO APPOINTMENT VALUES(1174, 312, 0, '2018-11-05 14:00:00', '2018-11-05 14:15:00', 64, 1, None);
INSERT INTO NOTIFICATION VALUES(None, '2018-11-05 13:45:00', 'Upcoming appointment', 'Do not forget that you have appointment 1174 in room 312.', 3);
INSERT INTO NOTIFICATION VALUES(None, '2018-11-05 13:45:00', 'Upcoming appointment', 'Do not forget that you have appointment 1174 in room 312.', 64);
INSERT INTO INVOICE_BILL VALUES('2018-11-05 14:15:00', 200, 6, True);
INSERT INTO MEDICAL_RECORD VALUES('Medical record description 466.', '2018-11-05 14:15:00', 1174, 1);
INSERT INTO APPOINTMENT VALUES(1175, 138, 0, '2015-05-11 15:00:00', '2015-05-11 15:15:00', 65, 3, None);
INSERT INTO NOTIFICATION VALUES(None, '2015-05-11 14:45:00', 'Upcoming appointment', 'Do not forget that you have appointment 1175 in room 138.', 10);
INSERT INTO NOTIFICATION VALUES(None, '2015-05-11 14:45:00', 'Upcoming appointment', 'Do not forget that you have appointment 1175 in room 138.', 65);
INSERT INTO INVOICE_BILL VALUES('2015-05-11 15:15:00', 850, 2, False);
INSERT INTO MEDICAL_RECORD VALUES('Medical record description 677.', '2015-05-11 15:15:00', 1175, 3);
INSERT INTO APPOINTMENT VALUES(1176, 476, 0, '2018-06-22 10:00:00', '2018-06-22 10:15:00', 65, 5, None);
INSERT INTO NOTIFICATION VALUES(None, '2018-06-22 09:45:00', 'Upcoming appointment', 'Do not forget that you have appointment 1176 in room 476.', 8);
INSERT INTO NOTIFICATION VALUES(None, '2018-06-22 09:45:00', 'Upcoming appointment', 'Do not forget that you have appointment 1176 in room 476.', 65);
INSERT INTO INVOICE_BILL VALUES('2018-06-22 10:15:00', 400, 6, True);
INSERT INTO MEDICAL_RECORD VALUES('Medical record description 764.', '2018-06-22 10:15:00', 1176, 5);
INSERT INTO APPOINTMENT VALUES(1177, 498, 1, '2015-06-23 10:45:00', '2015-06-23 11:00:00', 65, 3, None);
INSERT INTO NOTIFICATION VALUES(None, '2015-06-23 10:30:00', 'Upcoming appointment', 'Do not forget that you have appointment 1177 in room 498.', 8);
INSERT INTO NOTIFICATION VALUES(None, '2015-06-23 10:30:00', 'Upcoming appointment', 'Do not forget that you have appointment 1177 in room 498.', 65);
INSERT INTO INVOICE_BILL VALUES('2015-06-23 11:00:00', 250, 13, False);
INSERT INTO MEDICAL_RECORD VALUES('Medical record description 849.', '2015-06-23 11:00:00', 1177, 3);
INSERT INTO APPOINTMENT VALUES(1178, 478, 0, '2017-11-13 13:30:00', '2017-11-13 13:45:00', 65, 4, None);
INSERT INTO NOTIFICATION VALUES(None, '2017-11-13 13:15:00', 'Upcoming appointment', 'Do not forget that you have appointment 1178 in room 478.', 1);
INSERT INTO NOTIFICATION VALUES(None, '2017-11-13 13:15:00', 'Upcoming appointment', 'Do not forget that you have appointment 1178 in room 478.', 65);
INSERT INTO INVOICE_BILL VALUES('2017-11-13 13:45:00', 850, 7, False);
INSERT INTO MEDICAL_RECORD VALUES('Medical record description 396.', '2017-11-13 13:45:00', 1178, 4);
INSERT INTO APPOINTMENT VALUES(1179, 198, 1, '2017-07-18 16:45:00', '2017-07-18 17:00:00', 65, 4, None);
INSERT INTO NOTIFICATION VALUES(None, '2017-07-18 16:30:00', 'Upcoming appointment', 'Do not forget that you have appointment 1179 in room 198.', 6);
INSERT INTO NOTIFICATION VALUES(None, '2017-07-18 16:30:00', 'Upcoming appointment', 'Do not forget that you have appointment 1179 in room 198.', 65);
INSERT INTO INVOICE_BILL VALUES('2017-07-18 17:00:00', 300, 10, False);
INSERT INTO MEDICAL_RECORD VALUES('Medical record description 117.', '2017-07-18 17:00:00', 1179, 4);
INSERT INTO APPOINTMENT VALUES(1180, 155, 0, '2014-04-15 14:15:00', '2014-04-15 14:30:00', 65, 1, None);
INSERT INTO NOTIFICATION VALUES(None, '2014-04-15 14:00:00', 'Upcoming appointment', 'Do not forget that you have appointment 1180 in room 155.', 3);
INSERT INTO NOTIFICATION VALUES(None, '2014-04-15 14:00:00', 'Upcoming appointment', 'Do not forget that you have appointment 1180 in room 155.', 65);
INSERT INTO INVOICE_BILL VALUES('2014-04-15 14:30:00', 600, 15, False);
INSERT INTO MEDICAL_RECORD VALUES('Medical record description 714.', '2014-04-15 14:30:00', 1180, 1);
INSERT INTO APPOINTMENT VALUES(1181, 324, 0, '2018-12-18 16:30:00', '2018-12-18 16:45:00', 65, 4, None);
INSERT INTO NOTIFICATION VALUES(None, '2018-12-18 16:15:00', 'Upcoming appointment', 'Do not forget that you have appointment 1181 in room 324.', 10);
INSERT INTO NOTIFICATION VALUES(None, '2018-12-18 16:15:00', 'Upcoming appointment', 'Do not forget that you have appointment 1181 in room 324.', 65);
INSERT INTO INVOICE_BILL VALUES('2018-12-18 16:45:00', 600, 10, False);
INSERT INTO MEDICAL_RECORD VALUES('Medical record description 618.', '2018-12-18 16:45:00', 1181, 4);
INSERT INTO APPOINTMENT VALUES(1182, 484, 0, '2019-10-21 12:45:00', '2019-10-21 13:00:00', 65, 5, None);
INSERT INTO NOTIFICATION VALUES(None, '2019-10-21 12:30:00', 'Upcoming appointment', 'Do not forget that you have appointment 1182 in room 484.', 3);
INSERT INTO NOTIFICATION VALUES(None, '2019-10-21 12:30:00', 'Upcoming appointment', 'Do not forget that you have appointment 1182 in room 484.', 65);
INSERT INTO INVOICE_BILL VALUES('2019-10-21 13:00:00', 500, 10, False);
INSERT INTO MEDICAL_RECORD VALUES('Medical record description 358.', '2019-10-21 13:00:00', 1182, 5);
INSERT INTO APPOINTMENT VALUES(1183, 450, 1, '2014-03-24 15:30:00', '2014-03-24 15:45:00', 65, 3, None);
INSERT INTO NOTIFICATION VALUES(None, '2014-03-24 15:15:00', 'Upcoming appointment', 'Do not forget that you have appointment 1183 in room 450.', 4);
INSERT INTO NOTIFICATION VALUES(None, '2014-03-24 15:15:00', 'Upcoming appointment', 'Do not forget that you have appointment 1183 in room 450.', 65);
INSERT INTO INVOICE_BILL VALUES('2014-03-24 15:45:00', 600, 8, True);
INSERT INTO MEDICAL_RECORD VALUES('Medical record description 925.', '2014-03-24 15:45:00', 1183, 3);
INSERT INTO APPOINTMENT VALUES(1184, 128, 1, '2014-09-18 12:45:00', '2014-09-18 13:00:00', 65, 9, None);
INSERT INTO NOTIFICATION VALUES(None, '2014-09-18 12:30:00', 'Upcoming appointment', 'Do not forget that you have appointment 1184 in room 128.', 5);
INSERT INTO NOTIFICATION VALUES(None, '2014-09-18 12:30:00', 'Upcoming appointment', 'Do not forget that you have appointment 1184 in room 128.', 65);
INSERT INTO INVOICE_BILL VALUES('2014-09-18 13:00:00', 650, 5, True);
INSERT INTO MEDICAL_RECORD VALUES('Medical record description 946.', '2014-09-18 13:00:00', 1184, 9);
INSERT INTO APPOINTMENT VALUES(1185, 410, 0, '2018-05-01 17:30:00', '2018-05-01 17:45:00', 65, 8, None);
INSERT INTO NOTIFICATION VALUES(None, '2018-05-01 17:15:00', 'Upcoming appointment', 'Do not forget that you have appointment 1185 in room 410.', 7);
INSERT INTO NOTIFICATION VALUES(None, '2018-05-01 17:15:00', 'Upcoming appointment', 'Do not forget that you have appointment 1185 in room 410.', 65);
INSERT INTO INVOICE_BILL VALUES('2018-05-01 17:45:00', 700, 13, False);
INSERT INTO MEDICAL_RECORD VALUES('Medical record description 181.', '2018-05-01 17:45:00', 1185, 8);
INSERT INTO APPOINTMENT VALUES(1186, 276, 0, '2018-06-22 17:30:00', '2018-06-22 17:45:00', 65, 5, None);
INSERT INTO NOTIFICATION VALUES(None, '2018-06-22 17:15:00', 'Upcoming appointment', 'Do not forget that you have appointment 1186 in room 276.', 8);
INSERT INTO NOTIFICATION VALUES(None, '2018-06-22 17:15:00', 'Upcoming appointment', 'Do not forget that you have appointment 1186 in room 276.', 65);
INSERT INTO INVOICE_BILL VALUES('2018-06-22 17:45:00', 100, 11, True);
INSERT INTO MEDICAL_RECORD VALUES('Medical record description 925.', '2018-06-22 17:45:00', 1186, 5);
INSERT INTO APPOINTMENT VALUES(1187, 452, 0, '2015-04-17 13:30:00', '2015-04-17 13:45:00', 65, 1, None);
INSERT INTO NOTIFICATION VALUES(None, '2015-04-17 13:15:00', 'Upcoming appointment', 'Do not forget that you have appointment 1187 in room 452.', 5);
INSERT INTO NOTIFICATION VALUES(None, '2015-04-17 13:15:00', 'Upcoming appointment', 'Do not forget that you have appointment 1187 in room 452.', 65);
INSERT INTO INVOICE_BILL VALUES('2015-04-17 13:45:00', 600, 14, True);
INSERT INTO MEDICAL_RECORD VALUES('Medical record description 773.', '2015-04-17 13:45:00', 1187, 1);
INSERT INTO APPOINTMENT VALUES(1188, 465, 1, '2015-12-14 13:00:00', '2015-12-14 13:15:00', 65, 6, None);
INSERT INTO NOTIFICATION VALUES(None, '2015-12-14 12:45:00', 'Upcoming appointment', 'Do not forget that you have appointment 1188 in room 465.', 10);
INSERT INTO NOTIFICATION VALUES(None, '2015-12-14 12:45:00', 'Upcoming appointment', 'Do not forget that you have appointment 1188 in room 465.', 65);
INSERT INTO INVOICE_BILL VALUES('2015-12-14 13:15:00', 350, 2, False);
INSERT INTO MEDICAL_RECORD VALUES('Medical record description 603.', '2015-12-14 13:15:00', 1188, 6);
INSERT INTO APPOINTMENT VALUES(1189, 138, 1, '2018-08-23 10:45:00', '2018-08-23 11:00:00', 65, 4, None);
INSERT INTO NOTIFICATION VALUES(None, '2018-08-23 10:30:00', 'Upcoming appointment', 'Do not forget that you have appointment 1189 in room 138.', 7);
INSERT INTO NOTIFICATION VALUES(None, '2018-08-23 10:30:00', 'Upcoming appointment', 'Do not forget that you have appointment 1189 in room 138.', 65);
INSERT INTO INVOICE_BILL VALUES('2018-08-23 11:00:00', 300, 14, False);
INSERT INTO MEDICAL_RECORD VALUES('Medical record description 811.', '2018-08-23 11:00:00', 1189, 4);
INSERT INTO APPOINTMENT VALUES(1190, 458, 1, '2018-04-03 15:15:00', '2018-04-03 15:30:00', 65, 2, None);
INSERT INTO NOTIFICATION VALUES(None, '2018-04-03 15:00:00', 'Upcoming appointment', 'Do not forget that you have appointment 1190 in room 458.', 9);
INSERT INTO NOTIFICATION VALUES(None, '2018-04-03 15:00:00', 'Upcoming appointment', 'Do not forget that you have appointment 1190 in room 458.', 65);
INSERT INTO INVOICE_BILL VALUES('2018-04-03 15:30:00', 250, 7, True);
INSERT INTO MEDICAL_RECORD VALUES('Medical record description 93.', '2018-04-03 15:30:00', 1190, 2);
INSERT INTO APPOINTMENT VALUES(1191, 338, 1, '2014-01-17 15:00:00', '2014-01-17 15:15:00', 65, 1, None);
INSERT INTO NOTIFICATION VALUES(None, '2014-01-17 14:45:00', 'Upcoming appointment', 'Do not forget that you have appointment 1191 in room 338.', 4);
INSERT INTO NOTIFICATION VALUES(None, '2014-01-17 14:45:00', 'Upcoming appointment', 'Do not forget that you have appointment 1191 in room 338.', 65);
INSERT INTO INVOICE_BILL VALUES('2014-01-17 15:15:00', 550, 3, False);
INSERT INTO MEDICAL_RECORD VALUES('Medical record description 967.', '2014-01-17 15:15:00', 1191, 1);
INSERT INTO APPOINTMENT VALUES(1192, 473, 1, '2019-05-27 10:45:00', '2019-05-27 11:00:00', 66, 7, None);
INSERT INTO NOTIFICATION VALUES(None, '2019-05-27 10:30:00', 'Upcoming appointment', 'Do not forget that you have appointment 1192 in room 473.', 7);
INSERT INTO NOTIFICATION VALUES(None, '2019-05-27 10:30:00', 'Upcoming appointment', 'Do not forget that you have appointment 1192 in room 473.', 66);
INSERT INTO INVOICE_BILL VALUES('2019-05-27 11:00:00', 350, 14, False);
INSERT INTO MEDICAL_RECORD VALUES('Medical record description 184.', '2019-05-27 11:00:00', 1192, 7);
INSERT INTO APPOINTMENT VALUES(1193, 481, 1, '2019-01-31 12:00:00', '2019-01-31 12:15:00', 66, 8, None);
INSERT INTO NOTIFICATION VALUES(None, '2019-01-31 11:45:00', 'Upcoming appointment', 'Do not forget that you have appointment 1193 in room 481.', 2);
INSERT INTO NOTIFICATION VALUES(None, '2019-01-31 11:45:00', 'Upcoming appointment', 'Do not forget that you have appointment 1193 in room 481.', 66);
INSERT INTO INVOICE_BILL VALUES('2019-01-31 12:15:00', 600, 1, False);
INSERT INTO MEDICAL_RECORD VALUES('Medical record description 83.', '2019-01-31 12:15:00', 1193, 8);
INSERT INTO APPOINTMENT VALUES(1194, 345, 0, '2017-01-18 13:30:00', '2017-01-18 13:45:00', 66, 6, None);
INSERT INTO NOTIFICATION VALUES(None, '2017-01-18 13:15:00', 'Upcoming appointment', 'Do not forget that you have appointment 1194 in room 345.', 9);
INSERT INTO NOTIFICATION VALUES(None, '2017-01-18 13:15:00', 'Upcoming appointment', 'Do not forget that you have appointment 1194 in room 345.', 66);
INSERT INTO INVOICE_BILL VALUES('2017-01-18 13:45:00', 550, 3, False);
INSERT INTO MEDICAL_RECORD VALUES('Medical record description 419.', '2017-01-18 13:45:00', 1194, 6);
INSERT INTO APPOINTMENT VALUES(1195, 463, 1, '2017-04-14 15:15:00', '2017-04-14 15:30:00', 66, 3, None);
INSERT INTO NOTIFICATION VALUES(None, '2017-04-14 15:00:00', 'Upcoming appointment', 'Do not forget that you have appointment 1195 in room 463.', 10);
INSERT INTO NOTIFICATION VALUES(None, '2017-04-14 15:00:00', 'Upcoming appointment', 'Do not forget that you have appointment 1195 in room 463.', 66);
INSERT INTO INVOICE_BILL VALUES('2017-04-14 15:30:00', 500, 14, True);
INSERT INTO MEDICAL_RECORD VALUES('Medical record description 608.', '2017-04-14 15:30:00', 1195, 3);
INSERT INTO APPOINTMENT VALUES(1196, 376, 0, '2016-01-28 13:00:00', '2016-01-28 13:15:00', 68, 3, None);
INSERT INTO NOTIFICATION VALUES(None, '2016-01-28 12:45:00', 'Upcoming appointment', 'Do not forget that you have appointment 1196 in room 376.', 3);
INSERT INTO NOTIFICATION VALUES(None, '2016-01-28 12:45:00', 'Upcoming appointment', 'Do not forget that you have appointment 1196 in room 376.', 68);
INSERT INTO INVOICE_BILL VALUES('2016-01-28 13:15:00', 200, 3, True);
INSERT INTO MEDICAL_RECORD VALUES('Medical record description 912.', '2016-01-28 13:15:00', 1196, 3);
INSERT INTO APPOINTMENT VALUES(1197, 438, 1, '2014-01-22 17:15:00', '2014-01-22 17:30:00', 68, 3, None);
INSERT INTO NOTIFICATION VALUES(None, '2014-01-22 17:00:00', 'Upcoming appointment', 'Do not forget that you have appointment 1197 in room 438.', 7);
INSERT INTO NOTIFICATION VALUES(None, '2014-01-22 17:00:00', 'Upcoming appointment', 'Do not forget that you have appointment 1197 in room 438.', 68);
INSERT INTO INVOICE_BILL VALUES('2014-01-22 17:30:00', 550, 3, True);
INSERT INTO MEDICAL_RECORD VALUES('Medical record description 900.', '2014-01-22 17:30:00', 1197, 3);
INSERT INTO APPOINTMENT VALUES(1198, 117, 1, '2014-10-06 12:15:00', '2014-10-06 12:30:00', 68, 9, None);
INSERT INTO NOTIFICATION VALUES(None, '2014-10-06 12:00:00', 'Upcoming appointment', 'Do not forget that you have appointment 1198 in room 117.', 8);
INSERT INTO NOTIFICATION VALUES(None, '2014-10-06 12:00:00', 'Upcoming appointment', 'Do not forget that you have appointment 1198 in room 117.', 68);
INSERT INTO INVOICE_BILL VALUES('2014-10-06 12:30:00', 900, 12, True);
INSERT INTO MEDICAL_RECORD VALUES('Medical record description 718.', '2014-10-06 12:30:00', 1198, 9);
INSERT INTO APPOINTMENT VALUES(1199, 111, 1, '2016-10-14 17:45:00', '2016-10-14 18:00:00', 68, 4, None);
INSERT INTO NOTIFICATION VALUES(None, '2016-10-14 17:30:00', 'Upcoming appointment', 'Do not forget that you have appointment 1199 in room 111.', 4);
INSERT INTO NOTIFICATION VALUES(None, '2016-10-14 17:30:00', 'Upcoming appointment', 'Do not forget that you have appointment 1199 in room 111.', 68);
INSERT INTO INVOICE_BILL VALUES('2016-10-14 18:00:00', 800, 13, False);
INSERT INTO MEDICAL_RECORD VALUES('Medical record description 616.', '2016-10-14 18:00:00', 1199, 4);
INSERT INTO APPOINTMENT VALUES(1200, 274, 1, '2019-02-01 15:15:00', '2019-02-01 15:30:00', 68, 3, None);
INSERT INTO NOTIFICATION VALUES(None, '2019-02-01 15:00:00', 'Upcoming appointment', 'Do not forget that you have appointment 1200 in room 274.', 3);
INSERT INTO NOTIFICATION VALUES(None, '2019-02-01 15:00:00', 'Upcoming appointment', 'Do not forget that you have appointment 1200 in room 274.', 68);
INSERT INTO INVOICE_BILL VALUES('2019-02-01 15:30:00', 400, 12, False);
INSERT INTO MEDICAL_RECORD VALUES('Medical record description 697.', '2019-02-01 15:30:00', 1200, 3);
INSERT INTO APPOINTMENT VALUES(1201, 437, 0, '2015-08-25 10:00:00', '2015-08-25 10:15:00', 68, 2, None);
INSERT INTO NOTIFICATION VALUES(None, '2015-08-25 09:45:00', 'Upcoming appointment', 'Do not forget that you have appointment 1201 in room 437.', 7);
INSERT INTO NOTIFICATION VALUES(None, '2015-08-25 09:45:00', 'Upcoming appointment', 'Do not forget that you have appointment 1201 in room 437.', 68);
INSERT INTO INVOICE_BILL VALUES('2015-08-25 10:15:00', 300, 7, False);
INSERT INTO MEDICAL_RECORD VALUES('Medical record description 784.', '2015-08-25 10:15:00', 1201, 2);
INSERT INTO APPOINTMENT VALUES(1202, 276, 1, '2018-12-06 12:45:00', '2018-12-06 13:00:00', 68, 1, None);
INSERT INTO NOTIFICATION VALUES(None, '2018-12-06 12:30:00', 'Upcoming appointment', 'Do not forget that you have appointment 1202 in room 276.', 5);
INSERT INTO NOTIFICATION VALUES(None, '2018-12-06 12:30:00', 'Upcoming appointment', 'Do not forget that you have appointment 1202 in room 276.', 68);
INSERT INTO INVOICE_BILL VALUES('2018-12-06 13:00:00', 150, 11, True);
INSERT INTO MEDICAL_RECORD VALUES('Medical record description 919.', '2018-12-06 13:00:00', 1202, 1);
INSERT INTO APPOINTMENT VALUES(1203, 305, 0, '2019-11-01 10:00:00', '2019-11-01 10:15:00', 68, 4, None);
INSERT INTO NOTIFICATION VALUES(None, '2019-11-01 09:45:00', 'Upcoming appointment', 'Do not forget that you have appointment 1203 in room 305.', 5);
INSERT INTO NOTIFICATION VALUES(None, '2019-11-01 09:45:00', 'Upcoming appointment', 'Do not forget that you have appointment 1203 in room 305.', 68);
INSERT INTO INVOICE_BILL VALUES('2019-11-01 10:15:00', 950, 3, False);
INSERT INTO MEDICAL_RECORD VALUES('Medical record description 733.', '2019-11-01 10:15:00', 1203, 4);
INSERT INTO APPOINTMENT VALUES(1204, 315, 0, '2014-10-01 11:45:00', '2014-10-01 12:00:00', 68, 3, None);
INSERT INTO NOTIFICATION VALUES(None, '2014-10-01 11:30:00', 'Upcoming appointment', 'Do not forget that you have appointment 1204 in room 315.', 1);
INSERT INTO NOTIFICATION VALUES(None, '2014-10-01 11:30:00', 'Upcoming appointment', 'Do not forget that you have appointment 1204 in room 315.', 68);
INSERT INTO INVOICE_BILL VALUES('2014-10-01 12:00:00', 400, 4, False);
INSERT INTO MEDICAL_RECORD VALUES('Medical record description 403.', '2014-10-01 12:00:00', 1204, 3);
INSERT INTO APPOINTMENT VALUES(1205, 270, 1, '2015-05-13 16:30:00', '2015-05-13 16:45:00', 68, 4, None);
INSERT INTO NOTIFICATION VALUES(None, '2015-05-13 16:15:00', 'Upcoming appointment', 'Do not forget that you have appointment 1205 in room 270.', 3);
INSERT INTO NOTIFICATION VALUES(None, '2015-05-13 16:15:00', 'Upcoming appointment', 'Do not forget that you have appointment 1205 in room 270.', 68);
INSERT INTO INVOICE_BILL VALUES('2015-05-13 16:45:00', 150, 1, True);
INSERT INTO MEDICAL_RECORD VALUES('Medical record description 630.', '2015-05-13 16:45:00', 1205, 4);
INSERT INTO APPOINTMENT VALUES(1206, 210, 1, '2014-04-15 12:00:00', '2014-04-15 12:15:00', 68, 9, None);
INSERT INTO NOTIFICATION VALUES(None, '2014-04-15 11:45:00', 'Upcoming appointment', 'Do not forget that you have appointment 1206 in room 210.', 9);
INSERT INTO NOTIFICATION VALUES(None, '2014-04-15 11:45:00', 'Upcoming appointment', 'Do not forget that you have appointment 1206 in room 210.', 68);
INSERT INTO INVOICE_BILL VALUES('2014-04-15 12:15:00', 550, 11, False);
INSERT INTO MEDICAL_RECORD VALUES('Medical record description 583.', '2014-04-15 12:15:00', 1206, 9);
INSERT INTO APPOINTMENT VALUES(1207, 151, 1, '2015-12-31 13:45:00', '2015-12-31 14:00:00', 68, 1, None);
INSERT INTO NOTIFICATION VALUES(None, '2015-12-31 13:30:00', 'Upcoming appointment', 'Do not forget that you have appointment 1207 in room 151.', 3);
INSERT INTO NOTIFICATION VALUES(None, '2015-12-31 13:30:00', 'Upcoming appointment', 'Do not forget that you have appointment 1207 in room 151.', 68);
INSERT INTO INVOICE_BILL VALUES('2015-12-31 14:00:00', 200, 14, True);
INSERT INTO MEDICAL_RECORD VALUES('Medical record description 876.', '2015-12-31 14:00:00', 1207, 1);
INSERT INTO APPOINTMENT VALUES(1208, 368, 1, '2016-12-01 10:45:00', '2016-12-01 11:00:00', 68, 1, None);
INSERT INTO NOTIFICATION VALUES(None, '2016-12-01 10:30:00', 'Upcoming appointment', 'Do not forget that you have appointment 1208 in room 368.', 1);
INSERT INTO NOTIFICATION VALUES(None, '2016-12-01 10:30:00', 'Upcoming appointment', 'Do not forget that you have appointment 1208 in room 368.', 68);
INSERT INTO INVOICE_BILL VALUES('2016-12-01 11:00:00', 1000, 12, False);
INSERT INTO MEDICAL_RECORD VALUES('Medical record description 331.', '2016-12-01 11:00:00', 1208, 1);
INSERT INTO APPOINTMENT VALUES(1209, 314, 1, '2016-03-23 13:30:00', '2016-03-23 13:45:00', 68, 9, None);
INSERT INTO NOTIFICATION VALUES(None, '2016-03-23 13:15:00', 'Upcoming appointment', 'Do not forget that you have appointment 1209 in room 314.', 4);
INSERT INTO NOTIFICATION VALUES(None, '2016-03-23 13:15:00', 'Upcoming appointment', 'Do not forget that you have appointment 1209 in room 314.', 68);
INSERT INTO INVOICE_BILL VALUES('2016-03-23 13:45:00', 1000, 14, True);
INSERT INTO MEDICAL_RECORD VALUES('Medical record description 659.', '2016-03-23 13:45:00', 1209, 9);
INSERT INTO APPOINTMENT VALUES(1210, 331, 1, '2012-07-05 12:45:00', '2012-07-05 13:00:00', 68, 3, None);
INSERT INTO NOTIFICATION VALUES(None, '2012-07-05 12:30:00', 'Upcoming appointment', 'Do not forget that you have appointment 1210 in room 331.', 6);
INSERT INTO NOTIFICATION VALUES(None, '2012-07-05 12:30:00', 'Upcoming appointment', 'Do not forget that you have appointment 1210 in room 331.', 68);
INSERT INTO INVOICE_BILL VALUES('2012-07-05 13:00:00', 100, 4, False);
INSERT INTO MEDICAL_RECORD VALUES('Medical record description 2.', '2012-07-05 13:00:00', 1210, 3);
INSERT INTO APPOINTMENT VALUES(1211, 217, 1, '2013-05-31 17:30:00', '2013-05-31 17:45:00', 68, 3, None);
INSERT INTO NOTIFICATION VALUES(None, '2013-05-31 17:15:00', 'Upcoming appointment', 'Do not forget that you have appointment 1211 in room 217.', 2);
INSERT INTO NOTIFICATION VALUES(None, '2013-05-31 17:15:00', 'Upcoming appointment', 'Do not forget that you have appointment 1211 in room 217.', 68);
INSERT INTO INVOICE_BILL VALUES('2013-05-31 17:45:00', 500, 2, True);
INSERT INTO MEDICAL_RECORD VALUES('Medical record description 457.', '2013-05-31 17:45:00', 1211, 3);
INSERT INTO APPOINTMENT VALUES(1212, 329, 1, '2018-08-23 10:00:00', '2018-08-23 10:15:00', 68, 8, None);
INSERT INTO NOTIFICATION VALUES(None, '2018-08-23 09:45:00', 'Upcoming appointment', 'Do not forget that you have appointment 1212 in room 329.', 5);
INSERT INTO NOTIFICATION VALUES(None, '2018-08-23 09:45:00', 'Upcoming appointment', 'Do not forget that you have appointment 1212 in room 329.', 68);
INSERT INTO INVOICE_BILL VALUES('2018-08-23 10:15:00', 850, 1, False);
INSERT INTO MEDICAL_RECORD VALUES('Medical record description 716.', '2018-08-23 10:15:00', 1212, 8);
INSERT INTO APPOINTMENT VALUES(1213, 400, 0, '2018-05-28 13:45:00', '2018-05-28 14:00:00', 69, 3, None);
INSERT INTO NOTIFICATION VALUES(None, '2018-05-28 13:30:00', 'Upcoming appointment', 'Do not forget that you have appointment 1213 in room 400.', 2);
INSERT INTO NOTIFICATION VALUES(None, '2018-05-28 13:30:00', 'Upcoming appointment', 'Do not forget that you have appointment 1213 in room 400.', 69);
INSERT INTO INVOICE_BILL VALUES('2018-05-28 14:00:00', 950, 4, False);
INSERT INTO MEDICAL_RECORD VALUES('Medical record description 106.', '2018-05-28 14:00:00', 1213, 3);
INSERT INTO APPOINTMENT VALUES(1214, 133, 0, '2018-07-09 14:15:00', '2018-07-09 14:30:00', 69, 7, None);
INSERT INTO NOTIFICATION VALUES(None, '2018-07-09 14:00:00', 'Upcoming appointment', 'Do not forget that you have appointment 1214 in room 133.', 2);
INSERT INTO NOTIFICATION VALUES(None, '2018-07-09 14:00:00', 'Upcoming appointment', 'Do not forget that you have appointment 1214 in room 133.', 69);
INSERT INTO INVOICE_BILL VALUES('2018-07-09 14:30:00', 1000, 14, True);
INSERT INTO MEDICAL_RECORD VALUES('Medical record description 372.', '2018-07-09 14:30:00', 1214, 7);
INSERT INTO APPOINTMENT VALUES(1215, 431, 0, '2019-02-13 17:00:00', '2019-02-13 17:15:00', 69, 7, None);
INSERT INTO NOTIFICATION VALUES(None, '2019-02-13 16:45:00', 'Upcoming appointment', 'Do not forget that you have appointment 1215 in room 431.', 4);
INSERT INTO NOTIFICATION VALUES(None, '2019-02-13 16:45:00', 'Upcoming appointment', 'Do not forget that you have appointment 1215 in room 431.', 69);
INSERT INTO INVOICE_BILL VALUES('2019-02-13 17:15:00', 450, 15, True);
INSERT INTO MEDICAL_RECORD VALUES('Medical record description 736.', '2019-02-13 17:15:00', 1215, 7);
INSERT INTO APPOINTMENT VALUES(1216, 116, 1, '2018-12-19 11:30:00', '2018-12-19 11:45:00', 69, 1, None);
INSERT INTO NOTIFICATION VALUES(None, '2018-12-19 11:15:00', 'Upcoming appointment', 'Do not forget that you have appointment 1216 in room 116.', 6);
INSERT INTO NOTIFICATION VALUES(None, '2018-12-19 11:15:00', 'Upcoming appointment', 'Do not forget that you have appointment 1216 in room 116.', 69);
INSERT INTO INVOICE_BILL VALUES('2018-12-19 11:45:00', 300, 9, True);
INSERT INTO MEDICAL_RECORD VALUES('Medical record description 674.', '2018-12-19 11:45:00', 1216, 1);
INSERT INTO APPOINTMENT VALUES(1217, 467, 1, '2019-06-13 10:15:00', '2019-06-13 10:30:00', 69, 2, None);
INSERT INTO NOTIFICATION VALUES(None, '2019-06-13 10:00:00', 'Upcoming appointment', 'Do not forget that you have appointment 1217 in room 467.', 1);
INSERT INTO NOTIFICATION VALUES(None, '2019-06-13 10:00:00', 'Upcoming appointment', 'Do not forget that you have appointment 1217 in room 467.', 69);
INSERT INTO INVOICE_BILL VALUES('2019-06-13 10:30:00', 100, 12, True);
INSERT INTO MEDICAL_RECORD VALUES('Medical record description 921.', '2019-06-13 10:30:00', 1217, 2);
INSERT INTO APPOINTMENT VALUES(1218, 255, 0, '2018-08-10 15:15:00', '2018-08-10 15:30:00', 69, 6, None);
INSERT INTO NOTIFICATION VALUES(None, '2018-08-10 15:00:00', 'Upcoming appointment', 'Do not forget that you have appointment 1218 in room 255.', 10);
INSERT INTO NOTIFICATION VALUES(None, '2018-08-10 15:00:00', 'Upcoming appointment', 'Do not forget that you have appointment 1218 in room 255.', 69);
INSERT INTO INVOICE_BILL VALUES('2018-08-10 15:30:00', 800, 8, False);
INSERT INTO MEDICAL_RECORD VALUES('Medical record description 871.', '2018-08-10 15:30:00', 1218, 6);
INSERT INTO APPOINTMENT VALUES(1219, 114, 1, '2019-10-02 17:00:00', '2019-10-02 17:15:00', 69, 2, None);
INSERT INTO NOTIFICATION VALUES(None, '2019-10-02 16:45:00', 'Upcoming appointment', 'Do not forget that you have appointment 1219 in room 114.', 8);
INSERT INTO NOTIFICATION VALUES(None, '2019-10-02 16:45:00', 'Upcoming appointment', 'Do not forget that you have appointment 1219 in room 114.', 69);
INSERT INTO INVOICE_BILL VALUES('2019-10-02 17:15:00', 950, 1, True);
INSERT INTO MEDICAL_RECORD VALUES('Medical record description 997.', '2019-10-02 17:15:00', 1219, 2);
INSERT INTO APPOINTMENT VALUES(1220, 247, 1, '2016-07-06 17:45:00', '2016-07-06 18:00:00', 69, 6, None);
INSERT INTO NOTIFICATION VALUES(None, '2016-07-06 17:30:00', 'Upcoming appointment', 'Do not forget that you have appointment 1220 in room 247.', 10);
INSERT INTO NOTIFICATION VALUES(None, '2016-07-06 17:30:00', 'Upcoming appointment', 'Do not forget that you have appointment 1220 in room 247.', 69);
INSERT INTO INVOICE_BILL VALUES('2016-07-06 18:00:00', 700, 3, False);
INSERT INTO MEDICAL_RECORD VALUES('Medical record description 551.', '2016-07-06 18:00:00', 1220, 6);
INSERT INTO APPOINTMENT VALUES(1221, 305, 0, '2011-11-10 11:00:00', '2011-11-10 11:15:00', 69, 3, None);
INSERT INTO NOTIFICATION VALUES(None, '2011-11-10 10:45:00', 'Upcoming appointment', 'Do not forget that you have appointment 1221 in room 305.', 3);
INSERT INTO NOTIFICATION VALUES(None, '2011-11-10 10:45:00', 'Upcoming appointment', 'Do not forget that you have appointment 1221 in room 305.', 69);
INSERT INTO INVOICE_BILL VALUES('2011-11-10 11:15:00', 750, 10, False);
INSERT INTO MEDICAL_RECORD VALUES('Medical record description 935.', '2011-11-10 11:15:00', 1221, 3);
INSERT INTO APPOINTMENT VALUES(1222, 202, 1, '2017-01-06 12:45:00', '2017-01-06 13:00:00', 69, 1, None);
INSERT INTO NOTIFICATION VALUES(None, '2017-01-06 12:30:00', 'Upcoming appointment', 'Do not forget that you have appointment 1222 in room 202.', 6);
INSERT INTO NOTIFICATION VALUES(None, '2017-01-06 12:30:00', 'Upcoming appointment', 'Do not forget that you have appointment 1222 in room 202.', 69);
INSERT INTO INVOICE_BILL VALUES('2017-01-06 13:00:00', 350, 7, True);
INSERT INTO MEDICAL_RECORD VALUES('Medical record description 111.', '2017-01-06 13:00:00', 1222, 1);
INSERT INTO APPOINTMENT VALUES(1223, 307, 0, '2017-04-18 15:00:00', '2017-04-18 15:15:00', 69, 10, None);
INSERT INTO NOTIFICATION VALUES(None, '2017-04-18 14:45:00', 'Upcoming appointment', 'Do not forget that you have appointment 1223 in room 307.', 2);
INSERT INTO NOTIFICATION VALUES(None, '2017-04-18 14:45:00', 'Upcoming appointment', 'Do not forget that you have appointment 1223 in room 307.', 69);
INSERT INTO INVOICE_BILL VALUES('2017-04-18 15:15:00', 300, 6, True);
INSERT INTO MEDICAL_RECORD VALUES('Medical record description 610.', '2017-04-18 15:15:00', 1223, 10);
INSERT INTO APPOINTMENT VALUES(1224, 426, 0, '2015-11-26 14:30:00', '2015-11-26 14:45:00', 69, 1, None);
INSERT INTO NOTIFICATION VALUES(None, '2015-11-26 14:15:00', 'Upcoming appointment', 'Do not forget that you have appointment 1224 in room 426.', 4);
INSERT INTO NOTIFICATION VALUES(None, '2015-11-26 14:15:00', 'Upcoming appointment', 'Do not forget that you have appointment 1224 in room 426.', 69);
INSERT INTO INVOICE_BILL VALUES('2015-11-26 14:45:00', 850, 6, False);
INSERT INTO MEDICAL_RECORD VALUES('Medical record description 572.', '2015-11-26 14:45:00', 1224, 1);
INSERT INTO APPOINTMENT VALUES(1225, 478, 0, '2018-03-08 12:15:00', '2018-03-08 12:30:00', 69, 6, None);
INSERT INTO NOTIFICATION VALUES(None, '2018-03-08 12:00:00', 'Upcoming appointment', 'Do not forget that you have appointment 1225 in room 478.', 2);
INSERT INTO NOTIFICATION VALUES(None, '2018-03-08 12:00:00', 'Upcoming appointment', 'Do not forget that you have appointment 1225 in room 478.', 69);
INSERT INTO INVOICE_BILL VALUES('2018-03-08 12:30:00', 400, 7, False);
INSERT INTO MEDICAL_RECORD VALUES('Medical record description 37.', '2018-03-08 12:30:00', 1225, 6);
INSERT INTO APPOINTMENT VALUES(1226, 429, 1, '2017-11-09 12:30:00', '2017-11-09 12:45:00', 69, 5, None);
INSERT INTO NOTIFICATION VALUES(None, '2017-11-09 12:15:00', 'Upcoming appointment', 'Do not forget that you have appointment 1226 in room 429.', 2);
INSERT INTO NOTIFICATION VALUES(None, '2017-11-09 12:15:00', 'Upcoming appointment', 'Do not forget that you have appointment 1226 in room 429.', 69);
INSERT INTO INVOICE_BILL VALUES('2017-11-09 12:45:00', 100, 13, True);
INSERT INTO MEDICAL_RECORD VALUES('Medical record description 987.', '2017-11-09 12:45:00', 1226, 5);
INSERT INTO APPOINTMENT VALUES(1227, 328, 0, '2014-03-21 15:15:00', '2014-03-21 15:30:00', 69, 3, None);
INSERT INTO NOTIFICATION VALUES(None, '2014-03-21 15:00:00', 'Upcoming appointment', 'Do not forget that you have appointment 1227 in room 328.', 5);
INSERT INTO NOTIFICATION VALUES(None, '2014-03-21 15:00:00', 'Upcoming appointment', 'Do not forget that you have appointment 1227 in room 328.', 69);
INSERT INTO INVOICE_BILL VALUES('2014-03-21 15:30:00', 750, 5, False);
INSERT INTO MEDICAL_RECORD VALUES('Medical record description 341.', '2014-03-21 15:30:00', 1227, 3);
INSERT INTO APPOINTMENT VALUES(1228, 316, 1, '2016-08-15 11:45:00', '2016-08-15 12:00:00', 69, 2, None);
INSERT INTO NOTIFICATION VALUES(None, '2016-08-15 11:30:00', 'Upcoming appointment', 'Do not forget that you have appointment 1228 in room 316.', 9);
INSERT INTO NOTIFICATION VALUES(None, '2016-08-15 11:30:00', 'Upcoming appointment', 'Do not forget that you have appointment 1228 in room 316.', 69);
INSERT INTO INVOICE_BILL VALUES('2016-08-15 12:00:00', 450, 15, True);
INSERT INTO MEDICAL_RECORD VALUES('Medical record description 265.', '2016-08-15 12:00:00', 1228, 2);
INSERT INTO APPOINTMENT VALUES(1229, 174, 0, '2017-03-20 13:15:00', '2017-03-20 13:30:00', 69, 2, None);
INSERT INTO NOTIFICATION VALUES(None, '2017-03-20 13:00:00', 'Upcoming appointment', 'Do not forget that you have appointment 1229 in room 174.', 1);
INSERT INTO NOTIFICATION VALUES(None, '2017-03-20 13:00:00', 'Upcoming appointment', 'Do not forget that you have appointment 1229 in room 174.', 69);
INSERT INTO INVOICE_BILL VALUES('2017-03-20 13:30:00', 900, 14, False);
INSERT INTO MEDICAL_RECORD VALUES('Medical record description 456.', '2017-03-20 13:30:00', 1229, 2);
INSERT INTO APPOINTMENT VALUES(1230, 194, 0, '2018-11-09 14:30:00', '2018-11-09 14:45:00', 69, 5, None);
INSERT INTO NOTIFICATION VALUES(None, '2018-11-09 14:15:00', 'Upcoming appointment', 'Do not forget that you have appointment 1230 in room 194.', 8);
INSERT INTO NOTIFICATION VALUES(None, '2018-11-09 14:15:00', 'Upcoming appointment', 'Do not forget that you have appointment 1230 in room 194.', 69);
INSERT INTO INVOICE_BILL VALUES('2018-11-09 14:45:00', 350, 12, False);
INSERT INTO MEDICAL_RECORD VALUES('Medical record description 113.', '2018-11-09 14:45:00', 1230, 5);
INSERT INTO APPOINTMENT VALUES(1231, 348, 1, '2014-04-16 10:15:00', '2014-04-16 10:30:00', 70, 1, None);
INSERT INTO NOTIFICATION VALUES(None, '2014-04-16 10:00:00', 'Upcoming appointment', 'Do not forget that you have appointment 1231 in room 348.', 10);
INSERT INTO NOTIFICATION VALUES(None, '2014-04-16 10:00:00', 'Upcoming appointment', 'Do not forget that you have appointment 1231 in room 348.', 70);
INSERT INTO INVOICE_BILL VALUES('2014-04-16 10:30:00', 250, 9, True);
INSERT INTO MEDICAL_RECORD VALUES('Medical record description 545.', '2014-04-16 10:30:00', 1231, 1);
INSERT INTO APPOINTMENT VALUES(1232, 450, 0, '2016-10-31 14:45:00', '2016-10-31 15:00:00', 70, 6, None);
INSERT INTO NOTIFICATION VALUES(None, '2016-10-31 14:30:00', 'Upcoming appointment', 'Do not forget that you have appointment 1232 in room 450.', 1);
INSERT INTO NOTIFICATION VALUES(None, '2016-10-31 14:30:00', 'Upcoming appointment', 'Do not forget that you have appointment 1232 in room 450.', 70);
INSERT INTO INVOICE_BILL VALUES('2016-10-31 15:00:00', 550, 9, False);
INSERT INTO MEDICAL_RECORD VALUES('Medical record description 218.', '2016-10-31 15:00:00', 1232, 6);
INSERT INTO APPOINTMENT VALUES(1233, 409, 1, '2019-08-15 15:30:00', '2019-08-15 15:45:00', 70, 1, None);
INSERT INTO NOTIFICATION VALUES(None, '2019-08-15 15:15:00', 'Upcoming appointment', 'Do not forget that you have appointment 1233 in room 409.', 8);
INSERT INTO NOTIFICATION VALUES(None, '2019-08-15 15:15:00', 'Upcoming appointment', 'Do not forget that you have appointment 1233 in room 409.', 70);
INSERT INTO INVOICE_BILL VALUES('2019-08-15 15:45:00', 150, 15, False);
INSERT INTO MEDICAL_RECORD VALUES('Medical record description 932.', '2019-08-15 15:45:00', 1233, 1);
INSERT INTO APPOINTMENT VALUES(1234, 216, 0, '2018-04-25 13:30:00', '2018-04-25 13:45:00', 70, 4, None);
INSERT INTO NOTIFICATION VALUES(None, '2018-04-25 13:15:00', 'Upcoming appointment', 'Do not forget that you have appointment 1234 in room 216.', 2);
INSERT INTO NOTIFICATION VALUES(None, '2018-04-25 13:15:00', 'Upcoming appointment', 'Do not forget that you have appointment 1234 in room 216.', 70);
INSERT INTO INVOICE_BILL VALUES('2018-04-25 13:45:00', 350, 5, False);
INSERT INTO MEDICAL_RECORD VALUES('Medical record description 95.', '2018-04-25 13:45:00', 1234, 4);
INSERT INTO APPOINTMENT VALUES(1235, 148, 0, '2018-02-12 13:00:00', '2018-02-12 13:15:00', 70, 3, None);
INSERT INTO NOTIFICATION VALUES(None, '2018-02-12 12:45:00', 'Upcoming appointment', 'Do not forget that you have appointment 1235 in room 148.', 5);
INSERT INTO NOTIFICATION VALUES(None, '2018-02-12 12:45:00', 'Upcoming appointment', 'Do not forget that you have appointment 1235 in room 148.', 70);
INSERT INTO INVOICE_BILL VALUES('2018-02-12 13:15:00', 850, 9, False);
INSERT INTO MEDICAL_RECORD VALUES('Medical record description 552.', '2018-02-12 13:15:00', 1235, 3);
INSERT INTO APPOINTMENT VALUES(1236, 130, 0, '2017-10-06 14:00:00', '2017-10-06 14:15:00', 70, 7, None);
INSERT INTO NOTIFICATION VALUES(None, '2017-10-06 13:45:00', 'Upcoming appointment', 'Do not forget that you have appointment 1236 in room 130.', 2);
INSERT INTO NOTIFICATION VALUES(None, '2017-10-06 13:45:00', 'Upcoming appointment', 'Do not forget that you have appointment 1236 in room 130.', 70);
INSERT INTO INVOICE_BILL VALUES('2017-10-06 14:15:00', 900, 6, True);
INSERT INTO MEDICAL_RECORD VALUES('Medical record description 459.', '2017-10-06 14:15:00', 1236, 7);
INSERT INTO APPOINTMENT VALUES(1237, 129, 1, '2016-03-07 14:15:00', '2016-03-07 14:30:00', 70, 2, None);
INSERT INTO NOTIFICATION VALUES(None, '2016-03-07 14:00:00', 'Upcoming appointment', 'Do not forget that you have appointment 1237 in room 129.', 5);
INSERT INTO NOTIFICATION VALUES(None, '2016-03-07 14:00:00', 'Upcoming appointment', 'Do not forget that you have appointment 1237 in room 129.', 70);
INSERT INTO INVOICE_BILL VALUES('2016-03-07 14:30:00', 600, 2, True);
INSERT INTO MEDICAL_RECORD VALUES('Medical record description 702.', '2016-03-07 14:30:00', 1237, 2);
INSERT INTO APPOINTMENT VALUES(1238, 190, 1, '2018-12-24 15:45:00', '2018-12-24 16:00:00', 70, 4, None);
INSERT INTO NOTIFICATION VALUES(None, '2018-12-24 15:30:00', 'Upcoming appointment', 'Do not forget that you have appointment 1238 in room 190.', 2);
INSERT INTO NOTIFICATION VALUES(None, '2018-12-24 15:30:00', 'Upcoming appointment', 'Do not forget that you have appointment 1238 in room 190.', 70);
INSERT INTO INVOICE_BILL VALUES('2018-12-24 16:00:00', 500, 14, False);
INSERT INTO MEDICAL_RECORD VALUES('Medical record description 695.', '2018-12-24 16:00:00', 1238, 4);
INSERT INTO APPOINTMENT VALUES(1239, 426, 1, '2018-05-21 16:15:00', '2018-05-21 16:30:00', 70, 7, None);
INSERT INTO NOTIFICATION VALUES(None, '2018-05-21 16:00:00', 'Upcoming appointment', 'Do not forget that you have appointment 1239 in room 426.', 9);
INSERT INTO NOTIFICATION VALUES(None, '2018-05-21 16:00:00', 'Upcoming appointment', 'Do not forget that you have appointment 1239 in room 426.', 70);
INSERT INTO INVOICE_BILL VALUES('2018-05-21 16:30:00', 550, 11, False);
INSERT INTO MEDICAL_RECORD VALUES('Medical record description 554.', '2018-05-21 16:30:00', 1239, 7);
INSERT INTO APPOINTMENT VALUES(1240, 171, 0, '2017-06-05 13:00:00', '2017-06-05 13:15:00', 70, 9, None);
INSERT INTO NOTIFICATION VALUES(None, '2017-06-05 12:45:00', 'Upcoming appointment', 'Do not forget that you have appointment 1240 in room 171.', 7);
INSERT INTO NOTIFICATION VALUES(None, '2017-06-05 12:45:00', 'Upcoming appointment', 'Do not forget that you have appointment 1240 in room 171.', 70);
INSERT INTO INVOICE_BILL VALUES('2017-06-05 13:15:00', 200, 4, False);
INSERT INTO MEDICAL_RECORD VALUES('Medical record description 231.', '2017-06-05 13:15:00', 1240, 9);
INSERT INTO APPOINTMENT VALUES(1241, 349, 0, '2019-06-27 10:30:00', '2019-06-27 10:45:00', 70, 1, None);
INSERT INTO NOTIFICATION VALUES(None, '2019-06-27 10:15:00', 'Upcoming appointment', 'Do not forget that you have appointment 1241 in room 349.', 8);
INSERT INTO NOTIFICATION VALUES(None, '2019-06-27 10:15:00', 'Upcoming appointment', 'Do not forget that you have appointment 1241 in room 349.', 70);
INSERT INTO INVOICE_BILL VALUES('2019-06-27 10:45:00', 950, 3, True);
INSERT INTO MEDICAL_RECORD VALUES('Medical record description 256.', '2019-06-27 10:45:00', 1241, 1);
INSERT INTO APPOINTMENT VALUES(1242, 275, 1, '2009-05-04 11:15:00', '2009-05-04 11:30:00', 70, 3, None);
INSERT INTO NOTIFICATION VALUES(None, '2009-05-04 11:00:00', 'Upcoming appointment', 'Do not forget that you have appointment 1242 in room 275.', 3);
INSERT INTO NOTIFICATION VALUES(None, '2009-05-04 11:00:00', 'Upcoming appointment', 'Do not forget that you have appointment 1242 in room 275.', 70);
INSERT INTO INVOICE_BILL VALUES('2009-05-04 11:30:00', 650, 6, False);
INSERT INTO MEDICAL_RECORD VALUES('Medical record description 779.', '2009-05-04 11:30:00', 1242, 3);
INSERT INTO APPOINTMENT VALUES(1243, 468, 1, '2018-07-09 12:30:00', '2018-07-09 12:45:00', 70, 9, None);
INSERT INTO NOTIFICATION VALUES(None, '2018-07-09 12:15:00', 'Upcoming appointment', 'Do not forget that you have appointment 1243 in room 468.', 8);
INSERT INTO NOTIFICATION VALUES(None, '2018-07-09 12:15:00', 'Upcoming appointment', 'Do not forget that you have appointment 1243 in room 468.', 70);
INSERT INTO INVOICE_BILL VALUES('2018-07-09 12:45:00', 150, 15, True);
INSERT INTO MEDICAL_RECORD VALUES('Medical record description 114.', '2018-07-09 12:45:00', 1243, 9);
INSERT INTO APPOINTMENT VALUES(1244, 156, 1, '2016-07-15 10:45:00', '2016-07-15 11:00:00', 70, 2, None);
INSERT INTO NOTIFICATION VALUES(None, '2016-07-15 10:30:00', 'Upcoming appointment', 'Do not forget that you have appointment 1244 in room 156.', 2);
INSERT INTO NOTIFICATION VALUES(None, '2016-07-15 10:30:00', 'Upcoming appointment', 'Do not forget that you have appointment 1244 in room 156.', 70);
INSERT INTO INVOICE_BILL VALUES('2016-07-15 11:00:00', 800, 8, False);
INSERT INTO MEDICAL_RECORD VALUES('Medical record description 823.', '2016-07-15 11:00:00', 1244, 2);
INSERT INTO APPOINTMENT VALUES(1245, 362, 0, '2014-03-13 10:00:00', '2014-03-13 10:15:00', 70, 3, None);
INSERT INTO NOTIFICATION VALUES(None, '2014-03-13 09:45:00', 'Upcoming appointment', 'Do not forget that you have appointment 1245 in room 362.', 1);
INSERT INTO NOTIFICATION VALUES(None, '2014-03-13 09:45:00', 'Upcoming appointment', 'Do not forget that you have appointment 1245 in room 362.', 70);
INSERT INTO INVOICE_BILL VALUES('2014-03-13 10:15:00', 850, 11, False);
INSERT INTO MEDICAL_RECORD VALUES('Medical record description 32.', '2014-03-13 10:15:00', 1245, 3);
INSERT INTO APPOINTMENT VALUES(1246, 174, 1, '2013-10-23 13:15:00', '2013-10-23 13:30:00', 70, 1, None);
INSERT INTO NOTIFICATION VALUES(None, '2013-10-23 13:00:00', 'Upcoming appointment', 'Do not forget that you have appointment 1246 in room 174.', 8);
INSERT INTO NOTIFICATION VALUES(None, '2013-10-23 13:00:00', 'Upcoming appointment', 'Do not forget that you have appointment 1246 in room 174.', 70);
INSERT INTO INVOICE_BILL VALUES('2013-10-23 13:30:00', 400, 8, True);
INSERT INTO MEDICAL_RECORD VALUES('Medical record description 734.', '2013-10-23 13:30:00', 1246, 1);
INSERT INTO APPOINTMENT VALUES(1247, 198, 0, '2015-05-07 15:15:00', '2015-05-07 15:30:00', 70, 2, None);
INSERT INTO NOTIFICATION VALUES(None, '2015-05-07 15:00:00', 'Upcoming appointment', 'Do not forget that you have appointment 1247 in room 198.', 9);
INSERT INTO NOTIFICATION VALUES(None, '2015-05-07 15:00:00', 'Upcoming appointment', 'Do not forget that you have appointment 1247 in room 198.', 70);
INSERT INTO INVOICE_BILL VALUES('2015-05-07 15:30:00', 100, 8, False);
INSERT INTO MEDICAL_RECORD VALUES('Medical record description 578.', '2015-05-07 15:30:00', 1247, 2);
INSERT INTO APPOINTMENT VALUES(1248, 343, 1, '2014-11-25 13:30:00', '2014-11-25 13:45:00', 70, 3, None);
INSERT INTO NOTIFICATION VALUES(None, '2014-11-25 13:15:00', 'Upcoming appointment', 'Do not forget that you have appointment 1248 in room 343.', 4);
INSERT INTO NOTIFICATION VALUES(None, '2014-11-25 13:15:00', 'Upcoming appointment', 'Do not forget that you have appointment 1248 in room 343.', 70);
INSERT INTO INVOICE_BILL VALUES('2014-11-25 13:45:00', 200, 11, False);
INSERT INTO MEDICAL_RECORD VALUES('Medical record description 336.', '2014-11-25 13:45:00', 1248, 3);
INSERT INTO APPOINTMENT VALUES(1249, 126, 1, '2017-09-04 12:30:00', '2017-09-04 12:45:00', 70, 3, None);
INSERT INTO NOTIFICATION VALUES(None, '2017-09-04 12:15:00', 'Upcoming appointment', 'Do not forget that you have appointment 1249 in room 126.', 9);
INSERT INTO NOTIFICATION VALUES(None, '2017-09-04 12:15:00', 'Upcoming appointment', 'Do not forget that you have appointment 1249 in room 126.', 70);
INSERT INTO INVOICE_BILL VALUES('2017-09-04 12:45:00', 400, 10, False);
INSERT INTO MEDICAL_RECORD VALUES('Medical record description 37.', '2017-09-04 12:45:00', 1249, 3);
INSERT INTO APPOINTMENT VALUES(1250, 328, 1, '2017-01-24 15:00:00', '2017-01-24 15:15:00', 70, 9, None);
INSERT INTO NOTIFICATION VALUES(None, '2017-01-24 14:45:00', 'Upcoming appointment', 'Do not forget that you have appointment 1250 in room 328.', 10);
INSERT INTO NOTIFICATION VALUES(None, '2017-01-24 14:45:00', 'Upcoming appointment', 'Do not forget that you have appointment 1250 in room 328.', 70);
INSERT INTO INVOICE_BILL VALUES('2017-01-24 15:15:00', 950, 3, False);
INSERT INTO MEDICAL_RECORD VALUES('Medical record description 579.', '2017-01-24 15:15:00', 1250, 9);
INSERT INTO APPOINTMENT VALUES(1251, 157, 1, '2018-10-15 15:15:00', '2018-10-15 15:30:00', 70, 1, None);
INSERT INTO NOTIFICATION VALUES(None, '2018-10-15 15:00:00', 'Upcoming appointment', 'Do not forget that you have appointment 1251 in room 157.', 8);
INSERT INTO NOTIFICATION VALUES(None, '2018-10-15 15:00:00', 'Upcoming appointment', 'Do not forget that you have appointment 1251 in room 157.', 70);
INSERT INTO INVOICE_BILL VALUES('2018-10-15 15:30:00', 450, 12, False);
INSERT INTO MEDICAL_RECORD VALUES('Medical record description 171.', '2018-10-15 15:30:00', 1251, 1);
INSERT INTO APPOINTMENT VALUES(1252, 192, 1, '2016-04-15 17:15:00', '2016-04-15 17:30:00', 70, 4, None);
INSERT INTO NOTIFICATION VALUES(None, '2016-04-15 17:00:00', 'Upcoming appointment', 'Do not forget that you have appointment 1252 in room 192.', 1);
INSERT INTO NOTIFICATION VALUES(None, '2016-04-15 17:00:00', 'Upcoming appointment', 'Do not forget that you have appointment 1252 in room 192.', 70);
INSERT INTO INVOICE_BILL VALUES('2016-04-15 17:30:00', 500, 14, False);
INSERT INTO MEDICAL_RECORD VALUES('Medical record description 171.', '2016-04-15 17:30:00', 1252, 4);
INSERT INTO APPOINTMENT VALUES(1253, 239, 1, '2018-11-06 15:00:00', '2018-11-06 15:15:00', 70, 4, None);
INSERT INTO NOTIFICATION VALUES(None, '2018-11-06 14:45:00', 'Upcoming appointment', 'Do not forget that you have appointment 1253 in room 239.', 1);
INSERT INTO NOTIFICATION VALUES(None, '2018-11-06 14:45:00', 'Upcoming appointment', 'Do not forget that you have appointment 1253 in room 239.', 70);
INSERT INTO INVOICE_BILL VALUES('2018-11-06 15:15:00', 200, 7, False);
INSERT INTO MEDICAL_RECORD VALUES('Medical record description 611.', '2018-11-06 15:15:00', 1253, 4);
INSERT INTO APPOINTMENT VALUES(1254, 296, 1, '2015-09-29 11:45:00', '2015-09-29 12:00:00', 70, 1, None);
INSERT INTO NOTIFICATION VALUES(None, '2015-09-29 11:30:00', 'Upcoming appointment', 'Do not forget that you have appointment 1254 in room 296.', 10);
INSERT INTO NOTIFICATION VALUES(None, '2015-09-29 11:30:00', 'Upcoming appointment', 'Do not forget that you have appointment 1254 in room 296.', 70);
INSERT INTO INVOICE_BILL VALUES('2015-09-29 12:00:00', 400, 12, True);
INSERT INTO MEDICAL_RECORD VALUES('Medical record description 321.', '2015-09-29 12:00:00', 1254, 1);
INSERT INTO APPOINTMENT VALUES(1255, 310, 0, '2019-07-03 17:45:00', '2019-07-03 18:00:00', 70, 6, None);
INSERT INTO NOTIFICATION VALUES(None, '2019-07-03 17:30:00', 'Upcoming appointment', 'Do not forget that you have appointment 1255 in room 310.', 6);
INSERT INTO NOTIFICATION VALUES(None, '2019-07-03 17:30:00', 'Upcoming appointment', 'Do not forget that you have appointment 1255 in room 310.', 70);
INSERT INTO INVOICE_BILL VALUES('2019-07-03 18:00:00', 650, 7, True);
INSERT INTO MEDICAL_RECORD VALUES('Medical record description 655.', '2019-07-03 18:00:00', 1255, 6);
INSERT INTO APPOINTMENT VALUES(1256, 405, 0, '2012-08-27 15:00:00', '2012-08-27 15:15:00', 70, 3, None);
INSERT INTO NOTIFICATION VALUES(None, '2012-08-27 14:45:00', 'Upcoming appointment', 'Do not forget that you have appointment 1256 in room 405.', 1);
INSERT INTO NOTIFICATION VALUES(None, '2012-08-27 14:45:00', 'Upcoming appointment', 'Do not forget that you have appointment 1256 in room 405.', 70);
INSERT INTO INVOICE_BILL VALUES('2012-08-27 15:15:00', 400, 14, True);
INSERT INTO MEDICAL_RECORD VALUES('Medical record description 359.', '2012-08-27 15:15:00', 1256, 3);
INSERT INTO APPOINTMENT VALUES(1257, 215, 0, '2019-02-18 14:30:00', '2019-02-18 14:45:00', 71, 1, None);
INSERT INTO NOTIFICATION VALUES(None, '2019-02-18 14:15:00', 'Upcoming appointment', 'Do not forget that you have appointment 1257 in room 215.', 10);
INSERT INTO NOTIFICATION VALUES(None, '2019-02-18 14:15:00', 'Upcoming appointment', 'Do not forget that you have appointment 1257 in room 215.', 71);
INSERT INTO INVOICE_BILL VALUES('2019-02-18 14:45:00', 100, 10, False);
INSERT INTO MEDICAL_RECORD VALUES('Medical record description 756.', '2019-02-18 14:45:00', 1257, 1);
INSERT INTO APPOINTMENT VALUES(1258, 136, 0, '2015-12-29 13:15:00', '2015-12-29 13:30:00', 71, 3, None);
INSERT INTO NOTIFICATION VALUES(None, '2015-12-29 13:00:00', 'Upcoming appointment', 'Do not forget that you have appointment 1258 in room 136.', 3);
INSERT INTO NOTIFICATION VALUES(None, '2015-12-29 13:00:00', 'Upcoming appointment', 'Do not forget that you have appointment 1258 in room 136.', 71);
INSERT INTO INVOICE_BILL VALUES('2015-12-29 13:30:00', 1000, 8, False);
INSERT INTO MEDICAL_RECORD VALUES('Medical record description 225.', '2015-12-29 13:30:00', 1258, 3);
INSERT INTO APPOINTMENT VALUES(1259, 398, 0, '2014-08-21 10:00:00', '2014-08-21 10:15:00', 71, 1, None);
INSERT INTO NOTIFICATION VALUES(None, '2014-08-21 09:45:00', 'Upcoming appointment', 'Do not forget that you have appointment 1259 in room 398.', 9);
INSERT INTO NOTIFICATION VALUES(None, '2014-08-21 09:45:00', 'Upcoming appointment', 'Do not forget that you have appointment 1259 in room 398.', 71);
INSERT INTO INVOICE_BILL VALUES('2014-08-21 10:15:00', 50, 6, True);
INSERT INTO MEDICAL_RECORD VALUES('Medical record description 215.', '2014-08-21 10:15:00', 1259, 1);
INSERT INTO APPOINTMENT VALUES(1260, 335, 0, '2015-06-25 11:30:00', '2015-06-25 11:45:00', 71, 2, None);
INSERT INTO NOTIFICATION VALUES(None, '2015-06-25 11:15:00', 'Upcoming appointment', 'Do not forget that you have appointment 1260 in room 335.', 8);
INSERT INTO NOTIFICATION VALUES(None, '2015-06-25 11:15:00', 'Upcoming appointment', 'Do not forget that you have appointment 1260 in room 335.', 71);
INSERT INTO INVOICE_BILL VALUES('2015-06-25 11:45:00', 300, 10, True);
INSERT INTO MEDICAL_RECORD VALUES('Medical record description 916.', '2015-06-25 11:45:00', 1260, 2);
INSERT INTO APPOINTMENT VALUES(1261, 457, 0, '2010-03-31 16:00:00', '2010-03-31 16:15:00', 71, 3, None);
INSERT INTO NOTIFICATION VALUES(None, '2010-03-31 15:45:00', 'Upcoming appointment', 'Do not forget that you have appointment 1261 in room 457.', 9);
INSERT INTO NOTIFICATION VALUES(None, '2010-03-31 15:45:00', 'Upcoming appointment', 'Do not forget that you have appointment 1261 in room 457.', 71);
INSERT INTO INVOICE_BILL VALUES('2010-03-31 16:15:00', 450, 2, False);
INSERT INTO MEDICAL_RECORD VALUES('Medical record description 590.', '2010-03-31 16:15:00', 1261, 3);
INSERT INTO APPOINTMENT VALUES(1262, 500, 1, '2015-11-26 12:45:00', '2015-11-26 13:00:00', 71, 1, None);
INSERT INTO NOTIFICATION VALUES(None, '2015-11-26 12:30:00', 'Upcoming appointment', 'Do not forget that you have appointment 1262 in room 500.', 7);
INSERT INTO NOTIFICATION VALUES(None, '2015-11-26 12:30:00', 'Upcoming appointment', 'Do not forget that you have appointment 1262 in room 500.', 71);
INSERT INTO INVOICE_BILL VALUES('2015-11-26 13:00:00', 600, 1, False);
INSERT INTO MEDICAL_RECORD VALUES('Medical record description 437.', '2015-11-26 13:00:00', 1262, 1);
INSERT INTO APPOINTMENT VALUES(1263, 367, 0, '2016-04-19 15:00:00', '2016-04-19 15:15:00', 71, 2, None);
INSERT INTO NOTIFICATION VALUES(None, '2016-04-19 14:45:00', 'Upcoming appointment', 'Do not forget that you have appointment 1263 in room 367.', 1);
INSERT INTO NOTIFICATION VALUES(None, '2016-04-19 14:45:00', 'Upcoming appointment', 'Do not forget that you have appointment 1263 in room 367.', 71);
INSERT INTO INVOICE_BILL VALUES('2016-04-19 15:15:00', 550, 10, True);
INSERT INTO MEDICAL_RECORD VALUES('Medical record description 505.', '2016-04-19 15:15:00', 1263, 2);
INSERT INTO APPOINTMENT VALUES(1264, 279, 1, '2017-02-17 12:30:00', '2017-02-17 12:45:00', 71, 3, None);
INSERT INTO NOTIFICATION VALUES(None, '2017-02-17 12:15:00', 'Upcoming appointment', 'Do not forget that you have appointment 1264 in room 279.', 9);
INSERT INTO NOTIFICATION VALUES(None, '2017-02-17 12:15:00', 'Upcoming appointment', 'Do not forget that you have appointment 1264 in room 279.', 71);
INSERT INTO INVOICE_BILL VALUES('2017-02-17 12:45:00', 950, 3, True);
INSERT INTO MEDICAL_RECORD VALUES('Medical record description 895.', '2017-02-17 12:45:00', 1264, 3);
INSERT INTO APPOINTMENT VALUES(1265, 361, 0, '2015-02-10 15:00:00', '2015-02-10 15:15:00', 71, 1, None);
INSERT INTO NOTIFICATION VALUES(None, '2015-02-10 14:45:00', 'Upcoming appointment', 'Do not forget that you have appointment 1265 in room 361.', 7);
INSERT INTO NOTIFICATION VALUES(None, '2015-02-10 14:45:00', 'Upcoming appointment', 'Do not forget that you have appointment 1265 in room 361.', 71);
INSERT INTO INVOICE_BILL VALUES('2015-02-10 15:15:00', 700, 14, True);
INSERT INTO MEDICAL_RECORD VALUES('Medical record description 207.', '2015-02-10 15:15:00', 1265, 1);
INSERT INTO APPOINTMENT VALUES(1266, 412, 1, '2016-08-25 17:00:00', '2016-08-25 17:15:00', 71, 3, None);
INSERT INTO NOTIFICATION VALUES(None, '2016-08-25 16:45:00', 'Upcoming appointment', 'Do not forget that you have appointment 1266 in room 412.', 1);
INSERT INTO NOTIFICATION VALUES(None, '2016-08-25 16:45:00', 'Upcoming appointment', 'Do not forget that you have appointment 1266 in room 412.', 71);
INSERT INTO INVOICE_BILL VALUES('2016-08-25 17:15:00', 450, 7, False);
INSERT INTO MEDICAL_RECORD VALUES('Medical record description 844.', '2016-08-25 17:15:00', 1266, 3);
INSERT INTO APPOINTMENT VALUES(1267, 204, 0, '2019-04-10 16:45:00', '2019-04-10 17:00:00', 71, 8, None);
INSERT INTO NOTIFICATION VALUES(None, '2019-04-10 16:30:00', 'Upcoming appointment', 'Do not forget that you have appointment 1267 in room 204.', 10);
INSERT INTO NOTIFICATION VALUES(None, '2019-04-10 16:30:00', 'Upcoming appointment', 'Do not forget that you have appointment 1267 in room 204.', 71);
INSERT INTO INVOICE_BILL VALUES('2019-04-10 17:00:00', 100, 3, False);
INSERT INTO MEDICAL_RECORD VALUES('Medical record description 353.', '2019-04-10 17:00:00', 1267, 8);
INSERT INTO APPOINTMENT VALUES(1268, 203, 1, '2019-08-05 11:00:00', '2019-08-05 11:15:00', 71, 5, None);
INSERT INTO NOTIFICATION VALUES(None, '2019-08-05 10:45:00', 'Upcoming appointment', 'Do not forget that you have appointment 1268 in room 203.', 1);
INSERT INTO NOTIFICATION VALUES(None, '2019-08-05 10:45:00', 'Upcoming appointment', 'Do not forget that you have appointment 1268 in room 203.', 71);
INSERT INTO INVOICE_BILL VALUES('2019-08-05 11:15:00', 800, 13, False);
INSERT INTO MEDICAL_RECORD VALUES('Medical record description 573.', '2019-08-05 11:15:00', 1268, 5);
INSERT INTO APPOINTMENT VALUES(1269, 212, 1, '2019-04-09 15:15:00', '2019-04-09 15:30:00', 71, 8, None);
INSERT INTO NOTIFICATION VALUES(None, '2019-04-09 15:00:00', 'Upcoming appointment', 'Do not forget that you have appointment 1269 in room 212.', 6);
INSERT INTO NOTIFICATION VALUES(None, '2019-04-09 15:00:00', 'Upcoming appointment', 'Do not forget that you have appointment 1269 in room 212.', 71);
INSERT INTO INVOICE_BILL VALUES('2019-04-09 15:30:00', 750, 5, False);
INSERT INTO MEDICAL_RECORD VALUES('Medical record description 443.', '2019-04-09 15:30:00', 1269, 8);
INSERT INTO APPOINTMENT VALUES(1270, 193, 0, '2016-09-13 17:30:00', '2016-09-13 17:45:00', 71, 4, None);
INSERT INTO NOTIFICATION VALUES(None, '2016-09-13 17:15:00', 'Upcoming appointment', 'Do not forget that you have appointment 1270 in room 193.', 5);
INSERT INTO NOTIFICATION VALUES(None, '2016-09-13 17:15:00', 'Upcoming appointment', 'Do not forget that you have appointment 1270 in room 193.', 71);
INSERT INTO INVOICE_BILL VALUES('2016-09-13 17:45:00', 500, 10, True);
INSERT INTO MEDICAL_RECORD VALUES('Medical record description 129.', '2016-09-13 17:45:00', 1270, 4);
INSERT INTO APPOINTMENT VALUES(1271, 174, 1, '2018-07-05 12:30:00', '2018-07-05 12:45:00', 71, 1, None);
INSERT INTO NOTIFICATION VALUES(None, '2018-07-05 12:15:00', 'Upcoming appointment', 'Do not forget that you have appointment 1271 in room 174.', 1);
INSERT INTO NOTIFICATION VALUES(None, '2018-07-05 12:15:00', 'Upcoming appointment', 'Do not forget that you have appointment 1271 in room 174.', 71);
INSERT INTO INVOICE_BILL VALUES('2018-07-05 12:45:00', 250, 2, False);
INSERT INTO MEDICAL_RECORD VALUES('Medical record description 694.', '2018-07-05 12:45:00', 1271, 1);
INSERT INTO APPOINTMENT VALUES(1272, 209, 0, '2017-11-15 16:15:00', '2017-11-15 16:30:00', 71, 8, None);
INSERT INTO NOTIFICATION VALUES(None, '2017-11-15 16:00:00', 'Upcoming appointment', 'Do not forget that you have appointment 1272 in room 209.', 6);
INSERT INTO NOTIFICATION VALUES(None, '2017-11-15 16:00:00', 'Upcoming appointment', 'Do not forget that you have appointment 1272 in room 209.', 71);
INSERT INTO INVOICE_BILL VALUES('2017-11-15 16:30:00', 100, 9, False);
INSERT INTO MEDICAL_RECORD VALUES('Medical record description 236.', '2017-11-15 16:30:00', 1272, 8);
INSERT INTO APPOINTMENT VALUES(1273, 198, 0, '2017-09-28 16:00:00', '2017-09-28 16:15:00', 71, 9, None);
INSERT INTO NOTIFICATION VALUES(None, '2017-09-28 15:45:00', 'Upcoming appointment', 'Do not forget that you have appointment 1273 in room 198.', 5);
INSERT INTO NOTIFICATION VALUES(None, '2017-09-28 15:45:00', 'Upcoming appointment', 'Do not forget that you have appointment 1273 in room 198.', 71);
INSERT INTO INVOICE_BILL VALUES('2017-09-28 16:15:00', 700, 7, True);
INSERT INTO MEDICAL_RECORD VALUES('Medical record description 351.', '2017-09-28 16:15:00', 1273, 9);
INSERT INTO APPOINTMENT VALUES(1274, 324, 0, '2015-02-12 12:00:00', '2015-02-12 12:15:00', 71, 3, None);
INSERT INTO NOTIFICATION VALUES(None, '2015-02-12 11:45:00', 'Upcoming appointment', 'Do not forget that you have appointment 1274 in room 324.', 4);
INSERT INTO NOTIFICATION VALUES(None, '2015-02-12 11:45:00', 'Upcoming appointment', 'Do not forget that you have appointment 1274 in room 324.', 71);
INSERT INTO INVOICE_BILL VALUES('2015-02-12 12:15:00', 900, 11, True);
INSERT INTO MEDICAL_RECORD VALUES('Medical record description 435.', '2015-02-12 12:15:00', 1274, 3);
INSERT INTO APPOINTMENT VALUES(1275, 215, 1, '2016-12-30 11:45:00', '2016-12-30 12:00:00', 71, 9, None);
INSERT INTO NOTIFICATION VALUES(None, '2016-12-30 11:30:00', 'Upcoming appointment', 'Do not forget that you have appointment 1275 in room 215.', 5);
INSERT INTO NOTIFICATION VALUES(None, '2016-12-30 11:30:00', 'Upcoming appointment', 'Do not forget that you have appointment 1275 in room 215.', 71);
INSERT INTO INVOICE_BILL VALUES('2016-12-30 12:00:00', 400, 2, False);
INSERT INTO MEDICAL_RECORD VALUES('Medical record description 845.', '2016-12-30 12:00:00', 1275, 9);
INSERT INTO APPOINTMENT VALUES(1276, 472, 0, '2019-07-22 14:45:00', '2019-07-22 15:00:00', 72, 5, None);
INSERT INTO NOTIFICATION VALUES(None, '2019-07-22 14:30:00', 'Upcoming appointment', 'Do not forget that you have appointment 1276 in room 472.', 3);
INSERT INTO NOTIFICATION VALUES(None, '2019-07-22 14:30:00', 'Upcoming appointment', 'Do not forget that you have appointment 1276 in room 472.', 72);
INSERT INTO INVOICE_BILL VALUES('2019-07-22 15:00:00', 150, 13, True);
INSERT INTO MEDICAL_RECORD VALUES('Medical record description 121.', '2019-07-22 15:00:00', 1276, 5);
INSERT INTO APPOINTMENT VALUES(1277, 282, 1, '2012-06-27 15:30:00', '2012-06-27 15:45:00', 72, 1, None);
INSERT INTO NOTIFICATION VALUES(None, '2012-06-27 15:15:00', 'Upcoming appointment', 'Do not forget that you have appointment 1277 in room 282.', 7);
INSERT INTO NOTIFICATION VALUES(None, '2012-06-27 15:15:00', 'Upcoming appointment', 'Do not forget that you have appointment 1277 in room 282.', 72);
INSERT INTO INVOICE_BILL VALUES('2012-06-27 15:45:00', 750, 1, True);
INSERT INTO MEDICAL_RECORD VALUES('Medical record description 911.', '2012-06-27 15:45:00', 1277, 1);
INSERT INTO APPOINTMENT VALUES(1278, 234, 0, '2011-01-18 11:30:00', '2011-01-18 11:45:00', 72, 3, None);
INSERT INTO NOTIFICATION VALUES(None, '2011-01-18 11:15:00', 'Upcoming appointment', 'Do not forget that you have appointment 1278 in room 234.', 10);
INSERT INTO NOTIFICATION VALUES(None, '2011-01-18 11:15:00', 'Upcoming appointment', 'Do not forget that you have appointment 1278 in room 234.', 72);
INSERT INTO INVOICE_BILL VALUES('2011-01-18 11:45:00', 650, 11, False);
INSERT INTO MEDICAL_RECORD VALUES('Medical record description 366.', '2011-01-18 11:45:00', 1278, 3);
INSERT INTO APPOINTMENT VALUES(1279, 126, 0, '2019-07-05 11:45:00', '2019-07-05 12:00:00', 72, 7, None);
INSERT INTO NOTIFICATION VALUES(None, '2019-07-05 11:30:00', 'Upcoming appointment', 'Do not forget that you have appointment 1279 in room 126.', 2);
INSERT INTO NOTIFICATION VALUES(None, '2019-07-05 11:30:00', 'Upcoming appointment', 'Do not forget that you have appointment 1279 in room 126.', 72);
INSERT INTO INVOICE_BILL VALUES('2019-07-05 12:00:00', 50, 11, False);
INSERT INTO MEDICAL_RECORD VALUES('Medical record description 666.', '2019-07-05 12:00:00', 1279, 7);
INSERT INTO APPOINTMENT VALUES(1280, 495, 0, '2016-03-03 17:45:00', '2016-03-03 18:00:00', 72, 4, None);
INSERT INTO NOTIFICATION VALUES(None, '2016-03-03 17:30:00', 'Upcoming appointment', 'Do not forget that you have appointment 1280 in room 495.', 9);
INSERT INTO NOTIFICATION VALUES(None, '2016-03-03 17:30:00', 'Upcoming appointment', 'Do not forget that you have appointment 1280 in room 495.', 72);
INSERT INTO INVOICE_BILL VALUES('2016-03-03 18:00:00', 600, 12, False);
INSERT INTO MEDICAL_RECORD VALUES('Medical record description 638.', '2016-03-03 18:00:00', 1280, 4);
INSERT INTO APPOINTMENT VALUES(1281, 216, 1, '2019-05-08 14:15:00', '2019-05-08 14:30:00', 72, 6, None);
INSERT INTO NOTIFICATION VALUES(None, '2019-05-08 14:00:00', 'Upcoming appointment', 'Do not forget that you have appointment 1281 in room 216.', 6);
INSERT INTO NOTIFICATION VALUES(None, '2019-05-08 14:00:00', 'Upcoming appointment', 'Do not forget that you have appointment 1281 in room 216.', 72);
INSERT INTO INVOICE_BILL VALUES('2019-05-08 14:30:00', 50, 8, False);
INSERT INTO MEDICAL_RECORD VALUES('Medical record description 223.', '2019-05-08 14:30:00', 1281, 6);
INSERT INTO APPOINTMENT VALUES(1282, 431, 0, '2017-09-05 17:45:00', '2017-09-05 18:00:00', 72, 4, None);
INSERT INTO NOTIFICATION VALUES(None, '2017-09-05 17:30:00', 'Upcoming appointment', 'Do not forget that you have appointment 1282 in room 431.', 2);
INSERT INTO NOTIFICATION VALUES(None, '2017-09-05 17:30:00', 'Upcoming appointment', 'Do not forget that you have appointment 1282 in room 431.', 72);
INSERT INTO INVOICE_BILL VALUES('2017-09-05 18:00:00', 300, 9, True);
INSERT INTO MEDICAL_RECORD VALUES('Medical record description 435.', '2017-09-05 18:00:00', 1282, 4);
INSERT INTO APPOINTMENT VALUES(1283, 199, 1, '2017-12-11 14:45:00', '2017-12-11 15:00:00', 72, 2, None);
INSERT INTO NOTIFICATION VALUES(None, '2017-12-11 14:30:00', 'Upcoming appointment', 'Do not forget that you have appointment 1283 in room 199.', 2);
INSERT INTO NOTIFICATION VALUES(None, '2017-12-11 14:30:00', 'Upcoming appointment', 'Do not forget that you have appointment 1283 in room 199.', 72);
INSERT INTO INVOICE_BILL VALUES('2017-12-11 15:00:00', 600, 9, False);
INSERT INTO MEDICAL_RECORD VALUES('Medical record description 957.', '2017-12-11 15:00:00', 1283, 2);
INSERT INTO APPOINTMENT VALUES(1284, 161, 1, '2018-01-30 13:00:00', '2018-01-30 13:15:00', 72, 7, None);
INSERT INTO NOTIFICATION VALUES(None, '2018-01-30 12:45:00', 'Upcoming appointment', 'Do not forget that you have appointment 1284 in room 161.', 2);
INSERT INTO NOTIFICATION VALUES(None, '2018-01-30 12:45:00', 'Upcoming appointment', 'Do not forget that you have appointment 1284 in room 161.', 72);
INSERT INTO INVOICE_BILL VALUES('2018-01-30 13:15:00', 450, 14, False);
INSERT INTO MEDICAL_RECORD VALUES('Medical record description 281.', '2018-01-30 13:15:00', 1284, 7);
INSERT INTO APPOINTMENT VALUES(1285, 500, 1, '2017-03-24 15:00:00', '2017-03-24 15:15:00', 72, 3, None);
INSERT INTO NOTIFICATION VALUES(None, '2017-03-24 14:45:00', 'Upcoming appointment', 'Do not forget that you have appointment 1285 in room 500.', 3);
INSERT INTO NOTIFICATION VALUES(None, '2017-03-24 14:45:00', 'Upcoming appointment', 'Do not forget that you have appointment 1285 in room 500.', 72);
INSERT INTO INVOICE_BILL VALUES('2017-03-24 15:15:00', 50, 14, False);
INSERT INTO MEDICAL_RECORD VALUES('Medical record description 870.', '2017-03-24 15:15:00', 1285, 3);
INSERT INTO APPOINTMENT VALUES(1286, 360, 0, '2015-06-22 12:45:00', '2015-06-22 13:00:00', 72, 3, None);
INSERT INTO NOTIFICATION VALUES(None, '2015-06-22 12:30:00', 'Upcoming appointment', 'Do not forget that you have appointment 1286 in room 360.', 7);
INSERT INTO NOTIFICATION VALUES(None, '2015-06-22 12:30:00', 'Upcoming appointment', 'Do not forget that you have appointment 1286 in room 360.', 72);
INSERT INTO INVOICE_BILL VALUES('2015-06-22 13:00:00', 450, 5, False);
INSERT INTO MEDICAL_RECORD VALUES('Medical record description 624.', '2015-06-22 13:00:00', 1286, 3);
INSERT INTO APPOINTMENT VALUES(1287, 335, 0, '2019-07-05 16:00:00', '2019-07-05 16:15:00', 72, 9, None);
INSERT INTO NOTIFICATION VALUES(None, '2019-07-05 15:45:00', 'Upcoming appointment', 'Do not forget that you have appointment 1287 in room 335.', 4);
INSERT INTO NOTIFICATION VALUES(None, '2019-07-05 15:45:00', 'Upcoming appointment', 'Do not forget that you have appointment 1287 in room 335.', 72);
INSERT INTO INVOICE_BILL VALUES('2019-07-05 16:15:00', 900, 12, True);
INSERT INTO MEDICAL_RECORD VALUES('Medical record description 24.', '2019-07-05 16:15:00', 1287, 9);
INSERT INTO APPOINTMENT VALUES(1288, 411, 0, '2017-05-05 16:00:00', '2017-05-05 16:15:00', 72, 3, None);
INSERT INTO NOTIFICATION VALUES(None, '2017-05-05 15:45:00', 'Upcoming appointment', 'Do not forget that you have appointment 1288 in room 411.', 4);
INSERT INTO NOTIFICATION VALUES(None, '2017-05-05 15:45:00', 'Upcoming appointment', 'Do not forget that you have appointment 1288 in room 411.', 72);
INSERT INTO INVOICE_BILL VALUES('2017-05-05 16:15:00', 600, 11, True);
INSERT INTO MEDICAL_RECORD VALUES('Medical record description 823.', '2017-05-05 16:15:00', 1288, 3);
INSERT INTO APPOINTMENT VALUES(1289, 492, 0, '2019-10-03 10:45:00', '2019-10-03 11:00:00', 72, 7, None);
INSERT INTO NOTIFICATION VALUES(None, '2019-10-03 10:30:00', 'Upcoming appointment', 'Do not forget that you have appointment 1289 in room 492.', 4);
INSERT INTO NOTIFICATION VALUES(None, '2019-10-03 10:30:00', 'Upcoming appointment', 'Do not forget that you have appointment 1289 in room 492.', 72);
INSERT INTO INVOICE_BILL VALUES('2019-10-03 11:00:00', 700, 13, True);
INSERT INTO MEDICAL_RECORD VALUES('Medical record description 683.', '2019-10-03 11:00:00', 1289, 7);
INSERT INTO APPOINTMENT VALUES(1290, 208, 1, '2015-01-02 11:30:00', '2015-01-02 11:45:00', 72, 3, None);
INSERT INTO NOTIFICATION VALUES(None, '2015-01-02 11:15:00', 'Upcoming appointment', 'Do not forget that you have appointment 1290 in room 208.', 8);
INSERT INTO NOTIFICATION VALUES(None, '2015-01-02 11:15:00', 'Upcoming appointment', 'Do not forget that you have appointment 1290 in room 208.', 72);
INSERT INTO INVOICE_BILL VALUES('2015-01-02 11:45:00', 600, 5, False);
INSERT INTO MEDICAL_RECORD VALUES('Medical record description 673.', '2015-01-02 11:45:00', 1290, 3);
INSERT INTO APPOINTMENT VALUES(1291, 465, 0, '2018-10-16 13:30:00', '2018-10-16 13:45:00', 72, 4, None);
INSERT INTO NOTIFICATION VALUES(None, '2018-10-16 13:15:00', 'Upcoming appointment', 'Do not forget that you have appointment 1291 in room 465.', 5);
INSERT INTO NOTIFICATION VALUES(None, '2018-10-16 13:15:00', 'Upcoming appointment', 'Do not forget that you have appointment 1291 in room 465.', 72);
INSERT INTO INVOICE_BILL VALUES('2018-10-16 13:45:00', 150, 2, True);
INSERT INTO MEDICAL_RECORD VALUES('Medical record description 270.', '2018-10-16 13:45:00', 1291, 4);
INSERT INTO APPOINTMENT VALUES(1292, 218, 1, '2017-10-20 17:45:00', '2017-10-20 18:00:00', 72, 2, None);
INSERT INTO NOTIFICATION VALUES(None, '2017-10-20 17:30:00', 'Upcoming appointment', 'Do not forget that you have appointment 1292 in room 218.', 5);
INSERT INTO NOTIFICATION VALUES(None, '2017-10-20 17:30:00', 'Upcoming appointment', 'Do not forget that you have appointment 1292 in room 218.', 72);
INSERT INTO INVOICE_BILL VALUES('2017-10-20 18:00:00', 600, 1, False);
INSERT INTO MEDICAL_RECORD VALUES('Medical record description 328.', '2017-10-20 18:00:00', 1292, 2);
INSERT INTO APPOINTMENT VALUES(1293, 211, 0, '2019-01-25 12:45:00', '2019-01-25 13:00:00', 72, 7, None);
INSERT INTO NOTIFICATION VALUES(None, '2019-01-25 12:30:00', 'Upcoming appointment', 'Do not forget that you have appointment 1293 in room 211.', 6);
INSERT INTO NOTIFICATION VALUES(None, '2019-01-25 12:30:00', 'Upcoming appointment', 'Do not forget that you have appointment 1293 in room 211.', 72);
INSERT INTO INVOICE_BILL VALUES('2019-01-25 13:00:00', 150, 8, False);
INSERT INTO MEDICAL_RECORD VALUES('Medical record description 276.', '2019-01-25 13:00:00', 1293, 7);
INSERT INTO APPOINTMENT VALUES(1294, 233, 1, '2012-02-08 12:15:00', '2012-02-08 12:30:00', 72, 3, None);
INSERT INTO NOTIFICATION VALUES(None, '2012-02-08 12:00:00', 'Upcoming appointment', 'Do not forget that you have appointment 1294 in room 233.', 2);
INSERT INTO NOTIFICATION VALUES(None, '2012-02-08 12:00:00', 'Upcoming appointment', 'Do not forget that you have appointment 1294 in room 233.', 72);
INSERT INTO INVOICE_BILL VALUES('2012-02-08 12:30:00', 350, 14, True);
INSERT INTO MEDICAL_RECORD VALUES('Medical record description 229.', '2012-02-08 12:30:00', 1294, 3);
INSERT INTO APPOINTMENT VALUES(1295, 277, 1, '2012-06-20 16:15:00', '2012-06-20 16:30:00', 72, 1, None);
INSERT INTO NOTIFICATION VALUES(None, '2012-06-20 16:00:00', 'Upcoming appointment', 'Do not forget that you have appointment 1295 in room 277.', 10);
INSERT INTO NOTIFICATION VALUES(None, '2012-06-20 16:00:00', 'Upcoming appointment', 'Do not forget that you have appointment 1295 in room 277.', 72);
INSERT INTO INVOICE_BILL VALUES('2012-06-20 16:30:00', 50, 12, False);
INSERT INTO MEDICAL_RECORD VALUES('Medical record description 741.', '2012-06-20 16:30:00', 1295, 1);
INSERT INTO APPOINTMENT VALUES(1296, 450, 0, '2011-05-04 14:45:00', '2011-05-04 15:00:00', 73, 3, None);
INSERT INTO NOTIFICATION VALUES(None, '2011-05-04 14:30:00', 'Upcoming appointment', 'Do not forget that you have appointment 1296 in room 450.', 10);
INSERT INTO NOTIFICATION VALUES(None, '2011-05-04 14:30:00', 'Upcoming appointment', 'Do not forget that you have appointment 1296 in room 450.', 73);
INSERT INTO INVOICE_BILL VALUES('2011-05-04 15:00:00', 800, 12, False);
INSERT INTO MEDICAL_RECORD VALUES('Medical record description 667.', '2011-05-04 15:00:00', 1296, 3);
INSERT INTO APPOINTMENT VALUES(1297, 200, 1, '2019-02-21 14:00:00', '2019-02-21 14:15:00', 73, 1, None);
INSERT INTO NOTIFICATION VALUES(None, '2019-02-21 13:45:00', 'Upcoming appointment', 'Do not forget that you have appointment 1297 in room 200.', 3);
INSERT INTO NOTIFICATION VALUES(None, '2019-02-21 13:45:00', 'Upcoming appointment', 'Do not forget that you have appointment 1297 in room 200.', 73);
INSERT INTO INVOICE_BILL VALUES('2019-02-21 14:15:00', 350, 6, True);
INSERT INTO MEDICAL_RECORD VALUES('Medical record description 171.', '2019-02-21 14:15:00', 1297, 1);
INSERT INTO APPOINTMENT VALUES(1298, 183, 0, '2013-09-16 11:30:00', '2013-09-16 11:45:00', 73, 1, None);
INSERT INTO NOTIFICATION VALUES(None, '2013-09-16 11:15:00', 'Upcoming appointment', 'Do not forget that you have appointment 1298 in room 183.', 7);
INSERT INTO NOTIFICATION VALUES(None, '2013-09-16 11:15:00', 'Upcoming appointment', 'Do not forget that you have appointment 1298 in room 183.', 73);
INSERT INTO INVOICE_BILL VALUES('2013-09-16 11:45:00', 950, 4, True);
INSERT INTO MEDICAL_RECORD VALUES('Medical record description 865.', '2013-09-16 11:45:00', 1298, 1);
INSERT INTO APPOINTMENT VALUES(1299, 255, 1, '2017-12-07 14:00:00', '2017-12-07 14:15:00', 73, 7, None);
INSERT INTO NOTIFICATION VALUES(None, '2017-12-07 13:45:00', 'Upcoming appointment', 'Do not forget that you have appointment 1299 in room 255.', 10);
INSERT INTO NOTIFICATION VALUES(None, '2017-12-07 13:45:00', 'Upcoming appointment', 'Do not forget that you have appointment 1299 in room 255.', 73);
INSERT INTO INVOICE_BILL VALUES('2017-12-07 14:15:00', 800, 4, True);
INSERT INTO MEDICAL_RECORD VALUES('Medical record description 94.', '2017-12-07 14:15:00', 1299, 7);
INSERT INTO APPOINTMENT VALUES(1300, 380, 1, '2015-07-28 11:00:00', '2015-07-28 11:15:00', 73, 1, None);
INSERT INTO NOTIFICATION VALUES(None, '2015-07-28 10:45:00', 'Upcoming appointment', 'Do not forget that you have appointment 1300 in room 380.', 5);
INSERT INTO NOTIFICATION VALUES(None, '2015-07-28 10:45:00', 'Upcoming appointment', 'Do not forget that you have appointment 1300 in room 380.', 73);
INSERT INTO INVOICE_BILL VALUES('2015-07-28 11:15:00', 350, 11, False);
INSERT INTO MEDICAL_RECORD VALUES('Medical record description 471.', '2015-07-28 11:15:00', 1300, 1);
INSERT INTO APPOINTMENT VALUES(1301, 424, 0, '2016-10-27 15:45:00', '2016-10-27 16:00:00', 73, 4, None);
INSERT INTO NOTIFICATION VALUES(None, '2016-10-27 15:30:00', 'Upcoming appointment', 'Do not forget that you have appointment 1301 in room 424.', 3);
INSERT INTO NOTIFICATION VALUES(None, '2016-10-27 15:30:00', 'Upcoming appointment', 'Do not forget that you have appointment 1301 in room 424.', 73);
INSERT INTO INVOICE_BILL VALUES('2016-10-27 16:00:00', 50, 15, True);
INSERT INTO MEDICAL_RECORD VALUES('Medical record description 663.', '2016-10-27 16:00:00', 1301, 4);
INSERT INTO APPOINTMENT VALUES(1302, 317, 0, '2016-10-18 16:00:00', '2016-10-18 16:15:00', 73, 3, None);
INSERT INTO NOTIFICATION VALUES(None, '2016-10-18 15:45:00', 'Upcoming appointment', 'Do not forget that you have appointment 1302 in room 317.', 2);
INSERT INTO NOTIFICATION VALUES(None, '2016-10-18 15:45:00', 'Upcoming appointment', 'Do not forget that you have appointment 1302 in room 317.', 73);
INSERT INTO INVOICE_BILL VALUES('2016-10-18 16:15:00', 750, 1, False);
INSERT INTO MEDICAL_RECORD VALUES('Medical record description 19.', '2016-10-18 16:15:00', 1302, 3);
INSERT INTO APPOINTMENT VALUES(1303, 385, 1, '2015-06-15 12:45:00', '2015-06-15 13:00:00', 73, 3, None);
INSERT INTO NOTIFICATION VALUES(None, '2015-06-15 12:30:00', 'Upcoming appointment', 'Do not forget that you have appointment 1303 in room 385.', 7);
INSERT INTO NOTIFICATION VALUES(None, '2015-06-15 12:30:00', 'Upcoming appointment', 'Do not forget that you have appointment 1303 in room 385.', 73);
INSERT INTO INVOICE_BILL VALUES('2015-06-15 13:00:00', 750, 11, True);
INSERT INTO MEDICAL_RECORD VALUES('Medical record description 592.', '2015-06-15 13:00:00', 1303, 3);
INSERT INTO APPOINTMENT VALUES(1304, 484, 1, '2019-03-27 11:15:00', '2019-03-27 11:30:00', 74, 6, None);
INSERT INTO NOTIFICATION VALUES(None, '2019-03-27 11:00:00', 'Upcoming appointment', 'Do not forget that you have appointment 1304 in room 484.', 5);
INSERT INTO NOTIFICATION VALUES(None, '2019-03-27 11:00:00', 'Upcoming appointment', 'Do not forget that you have appointment 1304 in room 484.', 74);
INSERT INTO INVOICE_BILL VALUES('2019-03-27 11:30:00', 400, 6, True);
INSERT INTO MEDICAL_RECORD VALUES('Medical record description 640.', '2019-03-27 11:30:00', 1304, 6);
INSERT INTO APPOINTMENT VALUES(1305, 190, 0, '2018-01-22 16:15:00', '2018-01-22 16:30:00', 74, 3, None);
INSERT INTO NOTIFICATION VALUES(None, '2018-01-22 16:00:00', 'Upcoming appointment', 'Do not forget that you have appointment 1305 in room 190.', 8);
INSERT INTO NOTIFICATION VALUES(None, '2018-01-22 16:00:00', 'Upcoming appointment', 'Do not forget that you have appointment 1305 in room 190.', 74);
INSERT INTO INVOICE_BILL VALUES('2018-01-22 16:30:00', 1000, 5, True);
INSERT INTO MEDICAL_RECORD VALUES('Medical record description 695.', '2018-01-22 16:30:00', 1305, 3);
INSERT INTO APPOINTMENT VALUES(1306, 456, 1, '2017-07-27 16:45:00', '2017-07-27 17:00:00', 74, 2, None);
INSERT INTO NOTIFICATION VALUES(None, '2017-07-27 16:30:00', 'Upcoming appointment', 'Do not forget that you have appointment 1306 in room 456.', 9);
INSERT INTO NOTIFICATION VALUES(None, '2017-07-27 16:30:00', 'Upcoming appointment', 'Do not forget that you have appointment 1306 in room 456.', 74);
INSERT INTO INVOICE_BILL VALUES('2017-07-27 17:00:00', 500, 7, False);
INSERT INTO MEDICAL_RECORD VALUES('Medical record description 236.', '2017-07-27 17:00:00', 1306, 2);
INSERT INTO APPOINTMENT VALUES(1307, 269, 0, '2013-05-16 16:30:00', '2013-05-16 16:45:00', 74, 1, None);
INSERT INTO NOTIFICATION VALUES(None, '2013-05-16 16:15:00', 'Upcoming appointment', 'Do not forget that you have appointment 1307 in room 269.', 8);
INSERT INTO NOTIFICATION VALUES(None, '2013-05-16 16:15:00', 'Upcoming appointment', 'Do not forget that you have appointment 1307 in room 269.', 74);
INSERT INTO INVOICE_BILL VALUES('2013-05-16 16:45:00', 1000, 10, False);
INSERT INTO MEDICAL_RECORD VALUES('Medical record description 844.', '2013-05-16 16:45:00', 1307, 1);
INSERT INTO APPOINTMENT VALUES(1308, 211, 0, '2017-05-08 15:45:00', '2017-05-08 16:00:00', 74, 2, None);
INSERT INTO NOTIFICATION VALUES(None, '2017-05-08 15:30:00', 'Upcoming appointment', 'Do not forget that you have appointment 1308 in room 211.', 1);
INSERT INTO NOTIFICATION VALUES(None, '2017-05-08 15:30:00', 'Upcoming appointment', 'Do not forget that you have appointment 1308 in room 211.', 74);
INSERT INTO INVOICE_BILL VALUES('2017-05-08 16:00:00', 100, 4, True);
INSERT INTO MEDICAL_RECORD VALUES('Medical record description 577.', '2017-05-08 16:00:00', 1308, 2);
INSERT INTO APPOINTMENT VALUES(1309, 128, 0, '2019-03-15 13:45:00', '2019-03-15 14:00:00', 74, 2, None);
INSERT INTO NOTIFICATION VALUES(None, '2019-03-15 13:30:00', 'Upcoming appointment', 'Do not forget that you have appointment 1309 in room 128.', 1);
INSERT INTO NOTIFICATION VALUES(None, '2019-03-15 13:30:00', 'Upcoming appointment', 'Do not forget that you have appointment 1309 in room 128.', 74);
INSERT INTO INVOICE_BILL VALUES('2019-03-15 14:00:00', 200, 4, True);
INSERT INTO MEDICAL_RECORD VALUES('Medical record description 137.', '2019-03-15 14:00:00', 1309, 2);
INSERT INTO APPOINTMENT VALUES(1310, 250, 0, '2014-12-23 11:00:00', '2014-12-23 11:15:00', 75, 3, None);
INSERT INTO NOTIFICATION VALUES(None, '2014-12-23 10:45:00', 'Upcoming appointment', 'Do not forget that you have appointment 1310 in room 250.', 1);
INSERT INTO NOTIFICATION VALUES(None, '2014-12-23 10:45:00', 'Upcoming appointment', 'Do not forget that you have appointment 1310 in room 250.', 75);
INSERT INTO INVOICE_BILL VALUES('2014-12-23 11:15:00', 700, 3, False);
INSERT INTO MEDICAL_RECORD VALUES('Medical record description 34.', '2014-12-23 11:15:00', 1310, 3);
INSERT INTO APPOINTMENT VALUES(1311, 435, 1, '2015-07-20 10:30:00', '2015-07-20 10:45:00', 75, 1, None);
INSERT INTO NOTIFICATION VALUES(None, '2015-07-20 10:15:00', 'Upcoming appointment', 'Do not forget that you have appointment 1311 in room 435.', 5);
INSERT INTO NOTIFICATION VALUES(None, '2015-07-20 10:15:00', 'Upcoming appointment', 'Do not forget that you have appointment 1311 in room 435.', 75);
INSERT INTO INVOICE_BILL VALUES('2015-07-20 10:45:00', 400, 15, False);
INSERT INTO MEDICAL_RECORD VALUES('Medical record description 788.', '2015-07-20 10:45:00', 1311, 1);
INSERT INTO APPOINTMENT VALUES(1312, 107, 0, '2017-12-29 12:45:00', '2017-12-29 13:00:00', 75, 1, None);
INSERT INTO NOTIFICATION VALUES(None, '2017-12-29 12:30:00', 'Upcoming appointment', 'Do not forget that you have appointment 1312 in room 107.', 10);
INSERT INTO NOTIFICATION VALUES(None, '2017-12-29 12:30:00', 'Upcoming appointment', 'Do not forget that you have appointment 1312 in room 107.', 75);
INSERT INTO INVOICE_BILL VALUES('2017-12-29 13:00:00', 150, 2, True);
INSERT INTO MEDICAL_RECORD VALUES('Medical record description 102.', '2017-12-29 13:00:00', 1312, 1);
INSERT INTO APPOINTMENT VALUES(1313, 127, 1, '2017-09-25 15:00:00', '2017-09-25 15:15:00', 75, 4, None);
INSERT INTO NOTIFICATION VALUES(None, '2017-09-25 14:45:00', 'Upcoming appointment', 'Do not forget that you have appointment 1313 in room 127.', 3);
INSERT INTO NOTIFICATION VALUES(None, '2017-09-25 14:45:00', 'Upcoming appointment', 'Do not forget that you have appointment 1313 in room 127.', 75);
INSERT INTO INVOICE_BILL VALUES('2017-09-25 15:15:00', 500, 4, True);
INSERT INTO MEDICAL_RECORD VALUES('Medical record description 950.', '2017-09-25 15:15:00', 1313, 4);
INSERT INTO APPOINTMENT VALUES(1314, 250, 1, '2019-05-21 10:15:00', '2019-05-21 10:30:00', 75, 10, None);
INSERT INTO NOTIFICATION VALUES(None, '2019-05-21 10:00:00', 'Upcoming appointment', 'Do not forget that you have appointment 1314 in room 250.', 6);
INSERT INTO NOTIFICATION VALUES(None, '2019-05-21 10:00:00', 'Upcoming appointment', 'Do not forget that you have appointment 1314 in room 250.', 75);
INSERT INTO INVOICE_BILL VALUES('2019-05-21 10:30:00', 850, 5, True);
INSERT INTO MEDICAL_RECORD VALUES('Medical record description 447.', '2019-05-21 10:30:00', 1314, 10);
INSERT INTO APPOINTMENT VALUES(1315, 349, 0, '2017-12-15 12:45:00', '2017-12-15 13:00:00', 75, 4, None);
INSERT INTO NOTIFICATION VALUES(None, '2017-12-15 12:30:00', 'Upcoming appointment', 'Do not forget that you have appointment 1315 in room 349.', 8);
INSERT INTO NOTIFICATION VALUES(None, '2017-12-15 12:30:00', 'Upcoming appointment', 'Do not forget that you have appointment 1315 in room 349.', 75);
INSERT INTO INVOICE_BILL VALUES('2017-12-15 13:00:00', 900, 6, False);
INSERT INTO MEDICAL_RECORD VALUES('Medical record description 769.', '2017-12-15 13:00:00', 1315, 4);
INSERT INTO APPOINTMENT VALUES(1316, 199, 1, '2019-08-30 13:45:00', '2019-08-30 14:00:00', 75, 4, None);
INSERT INTO NOTIFICATION VALUES(None, '2019-08-30 13:30:00', 'Upcoming appointment', 'Do not forget that you have appointment 1316 in room 199.', 8);
INSERT INTO NOTIFICATION VALUES(None, '2019-08-30 13:30:00', 'Upcoming appointment', 'Do not forget that you have appointment 1316 in room 199.', 75);
INSERT INTO INVOICE_BILL VALUES('2019-08-30 14:00:00', 750, 9, False);
INSERT INTO MEDICAL_RECORD VALUES('Medical record description 941.', '2019-08-30 14:00:00', 1316, 4);
INSERT INTO APPOINTMENT VALUES(1317, 154, 1, '2017-03-16 13:00:00', '2017-03-16 13:15:00', 75, 10, None);
INSERT INTO NOTIFICATION VALUES(None, '2017-03-16 12:45:00', 'Upcoming appointment', 'Do not forget that you have appointment 1317 in room 154.', 8);
INSERT INTO NOTIFICATION VALUES(None, '2017-03-16 12:45:00', 'Upcoming appointment', 'Do not forget that you have appointment 1317 in room 154.', 75);
INSERT INTO INVOICE_BILL VALUES('2017-03-16 13:15:00', 600, 1, True);
INSERT INTO MEDICAL_RECORD VALUES('Medical record description 761.', '2017-03-16 13:15:00', 1317, 10);
INSERT INTO APPOINTMENT VALUES(1318, 227, 1, '2016-05-13 10:15:00', '2016-05-13 10:30:00', 75, 2, None);
INSERT INTO NOTIFICATION VALUES(None, '2016-05-13 10:00:00', 'Upcoming appointment', 'Do not forget that you have appointment 1318 in room 227.', 1);
INSERT INTO NOTIFICATION VALUES(None, '2016-05-13 10:00:00', 'Upcoming appointment', 'Do not forget that you have appointment 1318 in room 227.', 75);
INSERT INTO INVOICE_BILL VALUES('2016-05-13 10:30:00', 50, 13, False);
INSERT INTO MEDICAL_RECORD VALUES('Medical record description 256.', '2016-05-13 10:30:00', 1318, 2);
INSERT INTO APPOINTMENT VALUES(1319, 328, 0, '2018-04-06 12:15:00', '2018-04-06 12:30:00', 75, 6, None);
INSERT INTO NOTIFICATION VALUES(None, '2018-04-06 12:00:00', 'Upcoming appointment', 'Do not forget that you have appointment 1319 in room 328.', 8);
INSERT INTO NOTIFICATION VALUES(None, '2018-04-06 12:00:00', 'Upcoming appointment', 'Do not forget that you have appointment 1319 in room 328.', 75);
INSERT INTO INVOICE_BILL VALUES('2018-04-06 12:30:00', 600, 15, True);
INSERT INTO MEDICAL_RECORD VALUES('Medical record description 199.', '2018-04-06 12:30:00', 1319, 6);
INSERT INTO APPOINTMENT VALUES(1320, 174, 0, '2019-02-11 13:15:00', '2019-02-11 13:30:00', 75, 3, None);
INSERT INTO NOTIFICATION VALUES(None, '2019-02-11 13:00:00', 'Upcoming appointment', 'Do not forget that you have appointment 1320 in room 174.', 9);
INSERT INTO NOTIFICATION VALUES(None, '2019-02-11 13:00:00', 'Upcoming appointment', 'Do not forget that you have appointment 1320 in room 174.', 75);
INSERT INTO INVOICE_BILL VALUES('2019-02-11 13:30:00', 200, 1, True);
INSERT INTO MEDICAL_RECORD VALUES('Medical record description 673.', '2019-02-11 13:30:00', 1320, 3);
INSERT INTO APPOINTMENT VALUES(1321, 467, 1, '2012-10-18 11:45:00', '2012-10-18 12:00:00', 75, 3, None);
INSERT INTO NOTIFICATION VALUES(None, '2012-10-18 11:30:00', 'Upcoming appointment', 'Do not forget that you have appointment 1321 in room 467.', 5);
INSERT INTO NOTIFICATION VALUES(None, '2012-10-18 11:30:00', 'Upcoming appointment', 'Do not forget that you have appointment 1321 in room 467.', 75);
INSERT INTO INVOICE_BILL VALUES('2012-10-18 12:00:00', 50, 6, False);
INSERT INTO MEDICAL_RECORD VALUES('Medical record description 657.', '2012-10-18 12:00:00', 1321, 3);
INSERT INTO APPOINTMENT VALUES(1322, 117, 1, '2019-09-09 12:15:00', '2019-09-09 12:30:00', 76, 9, None);
INSERT INTO NOTIFICATION VALUES(None, '2019-09-09 12:00:00', 'Upcoming appointment', 'Do not forget that you have appointment 1322 in room 117.', 5);
INSERT INTO NOTIFICATION VALUES(None, '2019-09-09 12:00:00', 'Upcoming appointment', 'Do not forget that you have appointment 1322 in room 117.', 76);
INSERT INTO INVOICE_BILL VALUES('2019-09-09 12:30:00', 500, 8, True);
INSERT INTO MEDICAL_RECORD VALUES('Medical record description 647.', '2019-09-09 12:30:00', 1322, 9);
INSERT INTO APPOINTMENT VALUES(1323, 182, 0, '2017-06-22 15:30:00', '2017-06-22 15:45:00', 76, 9, None);
INSERT INTO NOTIFICATION VALUES(None, '2017-06-22 15:15:00', 'Upcoming appointment', 'Do not forget that you have appointment 1323 in room 182.', 8);
INSERT INTO NOTIFICATION VALUES(None, '2017-06-22 15:15:00', 'Upcoming appointment', 'Do not forget that you have appointment 1323 in room 182.', 76);
INSERT INTO INVOICE_BILL VALUES('2017-06-22 15:45:00', 150, 12, False);
INSERT INTO MEDICAL_RECORD VALUES('Medical record description 204.', '2017-06-22 15:45:00', 1323, 9);
INSERT INTO APPOINTMENT VALUES(1324, 323, 1, '2018-09-25 16:00:00', '2018-09-25 16:15:00', 76, 2, None);
INSERT INTO NOTIFICATION VALUES(None, '2018-09-25 15:45:00', 'Upcoming appointment', 'Do not forget that you have appointment 1324 in room 323.', 7);
INSERT INTO NOTIFICATION VALUES(None, '2018-09-25 15:45:00', 'Upcoming appointment', 'Do not forget that you have appointment 1324 in room 323.', 76);
INSERT INTO INVOICE_BILL VALUES('2018-09-25 16:15:00', 800, 8, False);
INSERT INTO MEDICAL_RECORD VALUES('Medical record description 49.', '2018-09-25 16:15:00', 1324, 2);
INSERT INTO APPOINTMENT VALUES(1325, 416, 0, '2018-06-22 11:15:00', '2018-06-22 11:30:00', 76, 7, None);
INSERT INTO NOTIFICATION VALUES(None, '2018-06-22 11:00:00', 'Upcoming appointment', 'Do not forget that you have appointment 1325 in room 416.', 4);
INSERT INTO NOTIFICATION VALUES(None, '2018-06-22 11:00:00', 'Upcoming appointment', 'Do not forget that you have appointment 1325 in room 416.', 76);
INSERT INTO INVOICE_BILL VALUES('2018-06-22 11:30:00', 900, 14, False);
INSERT INTO MEDICAL_RECORD VALUES('Medical record description 489.', '2018-06-22 11:30:00', 1325, 7);
INSERT INTO APPOINTMENT VALUES(1326, 486, 0, '2019-01-28 11:45:00', '2019-01-28 12:00:00', 76, 2, None);
INSERT INTO NOTIFICATION VALUES(None, '2019-01-28 11:30:00', 'Upcoming appointment', 'Do not forget that you have appointment 1326 in room 486.', 5);
INSERT INTO NOTIFICATION VALUES(None, '2019-01-28 11:30:00', 'Upcoming appointment', 'Do not forget that you have appointment 1326 in room 486.', 76);
INSERT INTO INVOICE_BILL VALUES('2019-01-28 12:00:00', 50, 4, False);
INSERT INTO MEDICAL_RECORD VALUES('Medical record description 888.', '2019-01-28 12:00:00', 1326, 2);
INSERT INTO APPOINTMENT VALUES(1327, 341, 0, '2012-06-12 16:15:00', '2012-06-12 16:30:00', 76, 3, None);
INSERT INTO NOTIFICATION VALUES(None, '2012-06-12 16:00:00', 'Upcoming appointment', 'Do not forget that you have appointment 1327 in room 341.', 5);
INSERT INTO NOTIFICATION VALUES(None, '2012-06-12 16:00:00', 'Upcoming appointment', 'Do not forget that you have appointment 1327 in room 341.', 76);
INSERT INTO INVOICE_BILL VALUES('2012-06-12 16:30:00', 650, 13, True);
INSERT INTO MEDICAL_RECORD VALUES('Medical record description 207.', '2012-06-12 16:30:00', 1327, 3);
INSERT INTO APPOINTMENT VALUES(1328, 179, 0, '2019-06-05 16:00:00', '2019-06-05 16:15:00', 76, 9, None);
INSERT INTO NOTIFICATION VALUES(None, '2019-06-05 15:45:00', 'Upcoming appointment', 'Do not forget that you have appointment 1328 in room 179.', 5);
INSERT INTO NOTIFICATION VALUES(None, '2019-06-05 15:45:00', 'Upcoming appointment', 'Do not forget that you have appointment 1328 in room 179.', 76);
INSERT INTO INVOICE_BILL VALUES('2019-06-05 16:15:00', 250, 14, True);
INSERT INTO MEDICAL_RECORD VALUES('Medical record description 188.', '2019-06-05 16:15:00', 1328, 9);
INSERT INTO APPOINTMENT VALUES(1329, 182, 0, '2016-05-10 13:30:00', '2016-05-10 13:45:00', 76, 9, None);
INSERT INTO NOTIFICATION VALUES(None, '2016-05-10 13:15:00', 'Upcoming appointment', 'Do not forget that you have appointment 1329 in room 182.', 9);
INSERT INTO NOTIFICATION VALUES(None, '2016-05-10 13:15:00', 'Upcoming appointment', 'Do not forget that you have appointment 1329 in room 182.', 76);
INSERT INTO INVOICE_BILL VALUES('2016-05-10 13:45:00', 150, 10, False);
INSERT INTO MEDICAL_RECORD VALUES('Medical record description 355.', '2016-05-10 13:45:00', 1329, 9);
INSERT INTO APPOINTMENT VALUES(1330, 258, 0, '2014-12-30 11:00:00', '2014-12-30 11:15:00', 76, 3, None);
INSERT INTO NOTIFICATION VALUES(None, '2014-12-30 10:45:00', 'Upcoming appointment', 'Do not forget that you have appointment 1330 in room 258.', 1);
INSERT INTO NOTIFICATION VALUES(None, '2014-12-30 10:45:00', 'Upcoming appointment', 'Do not forget that you have appointment 1330 in room 258.', 76);
INSERT INTO INVOICE_BILL VALUES('2014-12-30 11:15:00', 400, 5, False);
INSERT INTO MEDICAL_RECORD VALUES('Medical record description 607.', '2014-12-30 11:15:00', 1330, 3);
INSERT INTO APPOINTMENT VALUES(1331, 398, 0, '2017-08-09 10:00:00', '2017-08-09 10:15:00', 76, 1, None);
INSERT INTO NOTIFICATION VALUES(None, '2017-08-09 09:45:00', 'Upcoming appointment', 'Do not forget that you have appointment 1331 in room 398.', 9);
INSERT INTO NOTIFICATION VALUES(None, '2017-08-09 09:45:00', 'Upcoming appointment', 'Do not forget that you have appointment 1331 in room 398.', 76);
INSERT INTO INVOICE_BILL VALUES('2017-08-09 10:15:00', 400, 10, True);
INSERT INTO MEDICAL_RECORD VALUES('Medical record description 921.', '2017-08-09 10:15:00', 1331, 1);
INSERT INTO APPOINTMENT VALUES(1332, 310, 0, '2009-09-30 15:45:00', '2009-09-30 16:00:00', 76, 3, None);
INSERT INTO NOTIFICATION VALUES(None, '2009-09-30 15:30:00', 'Upcoming appointment', 'Do not forget that you have appointment 1332 in room 310.', 8);
INSERT INTO NOTIFICATION VALUES(None, '2009-09-30 15:30:00', 'Upcoming appointment', 'Do not forget that you have appointment 1332 in room 310.', 76);
INSERT INTO INVOICE_BILL VALUES('2009-09-30 16:00:00', 950, 11, True);
INSERT INTO MEDICAL_RECORD VALUES('Medical record description 760.', '2009-09-30 16:00:00', 1332, 3);
INSERT INTO APPOINTMENT VALUES(1333, 303, 0, '2015-06-12 17:15:00', '2015-06-12 17:30:00', 76, 2, None);
INSERT INTO NOTIFICATION VALUES(None, '2015-06-12 17:00:00', 'Upcoming appointment', 'Do not forget that you have appointment 1333 in room 303.', 8);
INSERT INTO NOTIFICATION VALUES(None, '2015-06-12 17:00:00', 'Upcoming appointment', 'Do not forget that you have appointment 1333 in room 303.', 76);
INSERT INTO INVOICE_BILL VALUES('2015-06-12 17:30:00', 850, 14, False);
INSERT INTO MEDICAL_RECORD VALUES('Medical record description 446.', '2015-06-12 17:30:00', 1333, 2);
INSERT INTO APPOINTMENT VALUES(1334, 399, 1, '2018-06-06 10:30:00', '2018-06-06 10:45:00', 76, 10, None);
INSERT INTO NOTIFICATION VALUES(None, '2018-06-06 10:15:00', 'Upcoming appointment', 'Do not forget that you have appointment 1334 in room 399.', 1);
INSERT INTO NOTIFICATION VALUES(None, '2018-06-06 10:15:00', 'Upcoming appointment', 'Do not forget that you have appointment 1334 in room 399.', 76);
INSERT INTO INVOICE_BILL VALUES('2018-06-06 10:45:00', 850, 2, False);
INSERT INTO MEDICAL_RECORD VALUES('Medical record description 758.', '2018-06-06 10:45:00', 1334, 10);
INSERT INTO APPOINTMENT VALUES(1335, 253, 1, '2017-03-14 12:15:00', '2017-03-14 12:30:00', 76, 1, None);
INSERT INTO NOTIFICATION VALUES(None, '2017-03-14 12:00:00', 'Upcoming appointment', 'Do not forget that you have appointment 1335 in room 253.', 9);
INSERT INTO NOTIFICATION VALUES(None, '2017-03-14 12:00:00', 'Upcoming appointment', 'Do not forget that you have appointment 1335 in room 253.', 76);
INSERT INTO INVOICE_BILL VALUES('2017-03-14 12:30:00', 200, 4, False);
INSERT INTO MEDICAL_RECORD VALUES('Medical record description 902.', '2017-03-14 12:30:00', 1335, 1);
INSERT INTO APPOINTMENT VALUES(1336, 347, 0, '2019-10-07 12:45:00', '2019-10-07 13:00:00', 76, 10, None);
INSERT INTO NOTIFICATION VALUES(None, '2019-10-07 12:30:00', 'Upcoming appointment', 'Do not forget that you have appointment 1336 in room 347.', 4);
INSERT INTO NOTIFICATION VALUES(None, '2019-10-07 12:30:00', 'Upcoming appointment', 'Do not forget that you have appointment 1336 in room 347.', 76);
INSERT INTO INVOICE_BILL VALUES('2019-10-07 13:00:00', 300, 11, False);
INSERT INTO MEDICAL_RECORD VALUES('Medical record description 2.', '2019-10-07 13:00:00', 1336, 10);
INSERT INTO APPOINTMENT VALUES(1337, 314, 0, '2019-11-11 14:15:00', '2019-11-11 14:30:00', 76, 2, None);
INSERT INTO NOTIFICATION VALUES(None, '2019-11-11 14:00:00', 'Upcoming appointment', 'Do not forget that you have appointment 1337 in room 314.', 7);
INSERT INTO NOTIFICATION VALUES(None, '2019-11-11 14:00:00', 'Upcoming appointment', 'Do not forget that you have appointment 1337 in room 314.', 76);
INSERT INTO INVOICE_BILL VALUES('2019-11-11 14:30:00', 700, 9, True);
INSERT INTO MEDICAL_RECORD VALUES('Medical record description 765.', '2019-11-11 14:30:00', 1337, 2);
INSERT INTO APPOINTMENT VALUES(1338, 173, 0, '2013-12-06 17:30:00', '2013-12-06 17:45:00', 76, 3, None);
INSERT INTO NOTIFICATION VALUES(None, '2013-12-06 17:15:00', 'Upcoming appointment', 'Do not forget that you have appointment 1338 in room 173.', 1);
INSERT INTO NOTIFICATION VALUES(None, '2013-12-06 17:15:00', 'Upcoming appointment', 'Do not forget that you have appointment 1338 in room 173.', 76);
INSERT INTO INVOICE_BILL VALUES('2013-12-06 17:45:00', 350, 13, False);
INSERT INTO MEDICAL_RECORD VALUES('Medical record description 976.', '2013-12-06 17:45:00', 1338, 3);
INSERT INTO APPOINTMENT VALUES(1339, 294, 1, '2019-02-20 11:30:00', '2019-02-20 11:45:00', 76, 6, None);
INSERT INTO NOTIFICATION VALUES(None, '2019-02-20 11:15:00', 'Upcoming appointment', 'Do not forget that you have appointment 1339 in room 294.', 7);
INSERT INTO NOTIFICATION VALUES(None, '2019-02-20 11:15:00', 'Upcoming appointment', 'Do not forget that you have appointment 1339 in room 294.', 76);
INSERT INTO INVOICE_BILL VALUES('2019-02-20 11:45:00', 600, 5, True);
INSERT INTO MEDICAL_RECORD VALUES('Medical record description 513.', '2019-02-20 11:45:00', 1339, 6);
INSERT INTO APPOINTMENT VALUES(1340, 456, 1, '2016-06-17 11:45:00', '2016-06-17 12:00:00', 76, 9, None);
INSERT INTO NOTIFICATION VALUES(None, '2016-06-17 11:30:00', 'Upcoming appointment', 'Do not forget that you have appointment 1340 in room 456.', 4);
INSERT INTO NOTIFICATION VALUES(None, '2016-06-17 11:30:00', 'Upcoming appointment', 'Do not forget that you have appointment 1340 in room 456.', 76);
INSERT INTO INVOICE_BILL VALUES('2016-06-17 12:00:00', 750, 12, False);
INSERT INTO MEDICAL_RECORD VALUES('Medical record description 993.', '2016-06-17 12:00:00', 1340, 9);
INSERT INTO APPOINTMENT VALUES(1341, 139, 1, '2019-11-13 14:15:00', '2019-11-13 14:30:00', 76, 1, None);
INSERT INTO NOTIFICATION VALUES(None, '2019-11-13 14:00:00', 'Upcoming appointment', 'Do not forget that you have appointment 1341 in room 139.', 6);
INSERT INTO NOTIFICATION VALUES(None, '2019-11-13 14:00:00', 'Upcoming appointment', 'Do not forget that you have appointment 1341 in room 139.', 76);
INSERT INTO INVOICE_BILL VALUES('2019-11-13 14:30:00', 300, 9, True);
INSERT INTO MEDICAL_RECORD VALUES('Medical record description 808.', '2019-11-13 14:30:00', 1341, 1);
INSERT INTO APPOINTMENT VALUES(1342, 323, 0, '2010-12-10 11:30:00', '2010-12-10 11:45:00', 76, 3, None);
INSERT INTO NOTIFICATION VALUES(None, '2010-12-10 11:15:00', 'Upcoming appointment', 'Do not forget that you have appointment 1342 in room 323.', 2);
INSERT INTO NOTIFICATION VALUES(None, '2010-12-10 11:15:00', 'Upcoming appointment', 'Do not forget that you have appointment 1342 in room 323.', 76);
INSERT INTO INVOICE_BILL VALUES('2010-12-10 11:45:00', 500, 12, False);
INSERT INTO MEDICAL_RECORD VALUES('Medical record description 672.', '2010-12-10 11:45:00', 1342, 3);
INSERT INTO APPOINTMENT VALUES(1343, 306, 0, '2012-07-18 14:30:00', '2012-07-18 14:45:00', 76, 3, None);
INSERT INTO NOTIFICATION VALUES(None, '2012-07-18 14:15:00', 'Upcoming appointment', 'Do not forget that you have appointment 1343 in room 306.', 3);
INSERT INTO NOTIFICATION VALUES(None, '2012-07-18 14:15:00', 'Upcoming appointment', 'Do not forget that you have appointment 1343 in room 306.', 76);
INSERT INTO INVOICE_BILL VALUES('2012-07-18 14:45:00', 900, 4, True);
INSERT INTO MEDICAL_RECORD VALUES('Medical record description 90.', '2012-07-18 14:45:00', 1343, 3);
INSERT INTO APPOINTMENT VALUES(1344, 387, 0, '2018-07-30 15:45:00', '2018-07-30 16:00:00', 76, 6, None);
INSERT INTO NOTIFICATION VALUES(None, '2018-07-30 15:30:00', 'Upcoming appointment', 'Do not forget that you have appointment 1344 in room 387.', 6);
INSERT INTO NOTIFICATION VALUES(None, '2018-07-30 15:30:00', 'Upcoming appointment', 'Do not forget that you have appointment 1344 in room 387.', 76);
INSERT INTO INVOICE_BILL VALUES('2018-07-30 16:00:00', 450, 2, False);
INSERT INTO MEDICAL_RECORD VALUES('Medical record description 692.', '2018-07-30 16:00:00', 1344, 6);
INSERT INTO APPOINTMENT VALUES(1345, 442, 0, '2018-11-14 16:30:00', '2018-11-14 16:45:00', 77, 5, None);
INSERT INTO NOTIFICATION VALUES(None, '2018-11-14 16:15:00', 'Upcoming appointment', 'Do not forget that you have appointment 1345 in room 442.', 1);
INSERT INTO NOTIFICATION VALUES(None, '2018-11-14 16:15:00', 'Upcoming appointment', 'Do not forget that you have appointment 1345 in room 442.', 77);
INSERT INTO INVOICE_BILL VALUES('2018-11-14 16:45:00', 400, 14, False);
INSERT INTO MEDICAL_RECORD VALUES('Medical record description 232.', '2018-11-14 16:45:00', 1345, 5);
INSERT INTO APPOINTMENT VALUES(1346, 133, 0, '2014-10-07 16:15:00', '2014-10-07 16:30:00', 77, 9, None);
INSERT INTO NOTIFICATION VALUES(None, '2014-10-07 16:00:00', 'Upcoming appointment', 'Do not forget that you have appointment 1346 in room 133.', 3);
INSERT INTO NOTIFICATION VALUES(None, '2014-10-07 16:00:00', 'Upcoming appointment', 'Do not forget that you have appointment 1346 in room 133.', 77);
INSERT INTO INVOICE_BILL VALUES('2014-10-07 16:30:00', 850, 11, False);
INSERT INTO MEDICAL_RECORD VALUES('Medical record description 758.', '2014-10-07 16:30:00', 1346, 9);
INSERT INTO APPOINTMENT VALUES(1347, 162, 1, '2017-04-07 13:45:00', '2017-04-07 14:00:00', 77, 10, None);
INSERT INTO NOTIFICATION VALUES(None, '2017-04-07 13:30:00', 'Upcoming appointment', 'Do not forget that you have appointment 1347 in room 162.', 3);
INSERT INTO NOTIFICATION VALUES(None, '2017-04-07 13:30:00', 'Upcoming appointment', 'Do not forget that you have appointment 1347 in room 162.', 77);
INSERT INTO INVOICE_BILL VALUES('2017-04-07 14:00:00', 600, 1, False);
INSERT INTO MEDICAL_RECORD VALUES('Medical record description 833.', '2017-04-07 14:00:00', 1347, 10);
INSERT INTO APPOINTMENT VALUES(1348, 245, 0, '2017-10-18 13:00:00', '2017-10-18 13:15:00', 77, 1, None);
INSERT INTO NOTIFICATION VALUES(None, '2017-10-18 12:45:00', 'Upcoming appointment', 'Do not forget that you have appointment 1348 in room 245.', 1);
INSERT INTO NOTIFICATION VALUES(None, '2017-10-18 12:45:00', 'Upcoming appointment', 'Do not forget that you have appointment 1348 in room 245.', 77);
INSERT INTO INVOICE_BILL VALUES('2017-10-18 13:15:00', 500, 13, True);
INSERT INTO MEDICAL_RECORD VALUES('Medical record description 695.', '2017-10-18 13:15:00', 1348, 1);
INSERT INTO APPOINTMENT VALUES(1349, 291, 1, '2015-12-03 10:30:00', '2015-12-03 10:45:00', 77, 1, None);
INSERT INTO NOTIFICATION VALUES(None, '2015-12-03 10:15:00', 'Upcoming appointment', 'Do not forget that you have appointment 1349 in room 291.', 2);
INSERT INTO NOTIFICATION VALUES(None, '2015-12-03 10:15:00', 'Upcoming appointment', 'Do not forget that you have appointment 1349 in room 291.', 77);
INSERT INTO INVOICE_BILL VALUES('2015-12-03 10:45:00', 150, 14, True);
INSERT INTO MEDICAL_RECORD VALUES('Medical record description 351.', '2015-12-03 10:45:00', 1349, 1);
INSERT INTO APPOINTMENT VALUES(1350, 378, 0, '2016-10-24 10:15:00', '2016-10-24 10:30:00', 77, 4, None);
INSERT INTO NOTIFICATION VALUES(None, '2016-10-24 10:00:00', 'Upcoming appointment', 'Do not forget that you have appointment 1350 in room 378.', 2);
INSERT INTO NOTIFICATION VALUES(None, '2016-10-24 10:00:00', 'Upcoming appointment', 'Do not forget that you have appointment 1350 in room 378.', 77);
INSERT INTO INVOICE_BILL VALUES('2016-10-24 10:30:00', 550, 2, False);
INSERT INTO MEDICAL_RECORD VALUES('Medical record description 115.', '2016-10-24 10:30:00', 1350, 4);
INSERT INTO APPOINTMENT VALUES(1351, 450, 0, '2017-09-06 16:45:00', '2017-09-06 17:00:00', 77, 7, None);
INSERT INTO NOTIFICATION VALUES(None, '2017-09-06 16:30:00', 'Upcoming appointment', 'Do not forget that you have appointment 1351 in room 450.', 6);
INSERT INTO NOTIFICATION VALUES(None, '2017-09-06 16:30:00', 'Upcoming appointment', 'Do not forget that you have appointment 1351 in room 450.', 77);
INSERT INTO INVOICE_BILL VALUES('2017-09-06 17:00:00', 50, 13, False);
INSERT INTO MEDICAL_RECORD VALUES('Medical record description 311.', '2017-09-06 17:00:00', 1351, 7);
INSERT INTO APPOINTMENT VALUES(1352, 426, 1, '2018-08-20 11:45:00', '2018-08-20 12:00:00', 77, 6, None);
INSERT INTO NOTIFICATION VALUES(None, '2018-08-20 11:30:00', 'Upcoming appointment', 'Do not forget that you have appointment 1352 in room 426.', 5);
INSERT INTO NOTIFICATION VALUES(None, '2018-08-20 11:30:00', 'Upcoming appointment', 'Do not forget that you have appointment 1352 in room 426.', 77);
INSERT INTO INVOICE_BILL VALUES('2018-08-20 12:00:00', 950, 2, False);
INSERT INTO MEDICAL_RECORD VALUES('Medical record description 196.', '2018-08-20 12:00:00', 1352, 6);
INSERT INTO APPOINTMENT VALUES(1353, 255, 1, '2019-11-04 15:45:00', '2019-11-04 16:00:00', 77, 5, None);
INSERT INTO NOTIFICATION VALUES(None, '2019-11-04 15:30:00', 'Upcoming appointment', 'Do not forget that you have appointment 1353 in room 255.', 9);
INSERT INTO NOTIFICATION VALUES(None, '2019-11-04 15:30:00', 'Upcoming appointment', 'Do not forget that you have appointment 1353 in room 255.', 77);
INSERT INTO INVOICE_BILL VALUES('2019-11-04 16:00:00', 700, 5, True);
INSERT INTO MEDICAL_RECORD VALUES('Medical record description 424.', '2019-11-04 16:00:00', 1353, 5);
INSERT INTO APPOINTMENT VALUES(1354, 370, 1, '2013-08-02 15:15:00', '2013-08-02 15:30:00', 77, 3, None);
INSERT INTO NOTIFICATION VALUES(None, '2013-08-02 15:00:00', 'Upcoming appointment', 'Do not forget that you have appointment 1354 in room 370.', 6);
INSERT INTO NOTIFICATION VALUES(None, '2013-08-02 15:00:00', 'Upcoming appointment', 'Do not forget that you have appointment 1354 in room 370.', 77);
INSERT INTO INVOICE_BILL VALUES('2013-08-02 15:30:00', 550, 13, True);
INSERT INTO MEDICAL_RECORD VALUES('Medical record description 605.', '2013-08-02 15:30:00', 1354, 3);
INSERT INTO APPOINTMENT VALUES(1355, 112, 1, '2018-10-19 10:15:00', '2018-10-19 10:30:00', 77, 5, None);
INSERT INTO NOTIFICATION VALUES(None, '2018-10-19 10:00:00', 'Upcoming appointment', 'Do not forget that you have appointment 1355 in room 112.', 3);
INSERT INTO NOTIFICATION VALUES(None, '2018-10-19 10:00:00', 'Upcoming appointment', 'Do not forget that you have appointment 1355 in room 112.', 77);
INSERT INTO INVOICE_BILL VALUES('2018-10-19 10:30:00', 850, 8, True);
INSERT INTO MEDICAL_RECORD VALUES('Medical record description 589.', '2018-10-19 10:30:00', 1355, 5);
INSERT INTO APPOINTMENT VALUES(1356, 143, 1, '2019-01-09 15:30:00', '2019-01-09 15:45:00', 77, 9, None);
INSERT INTO NOTIFICATION VALUES(None, '2019-01-09 15:15:00', 'Upcoming appointment', 'Do not forget that you have appointment 1356 in room 143.', 9);
INSERT INTO NOTIFICATION VALUES(None, '2019-01-09 15:15:00', 'Upcoming appointment', 'Do not forget that you have appointment 1356 in room 143.', 77);
INSERT INTO INVOICE_BILL VALUES('2019-01-09 15:45:00', 650, 12, False);
INSERT INTO MEDICAL_RECORD VALUES('Medical record description 363.', '2019-01-09 15:45:00', 1356, 9);
INSERT INTO APPOINTMENT VALUES(1357, 421, 1, '2018-08-08 17:45:00', '2018-08-08 18:00:00', 77, 8, None);
INSERT INTO NOTIFICATION VALUES(None, '2018-08-08 17:30:00', 'Upcoming appointment', 'Do not forget that you have appointment 1357 in room 421.', 4);
INSERT INTO NOTIFICATION VALUES(None, '2018-08-08 17:30:00', 'Upcoming appointment', 'Do not forget that you have appointment 1357 in room 421.', 77);
INSERT INTO INVOICE_BILL VALUES('2018-08-08 18:00:00', 750, 10, True);
INSERT INTO MEDICAL_RECORD VALUES('Medical record description 752.', '2018-08-08 18:00:00', 1357, 8);
INSERT INTO APPOINTMENT VALUES(1358, 176, 1, '2018-06-20 12:45:00', '2018-06-20 13:00:00', 77, 5, None);
INSERT INTO NOTIFICATION VALUES(None, '2018-06-20 12:30:00', 'Upcoming appointment', 'Do not forget that you have appointment 1358 in room 176.', 5);
INSERT INTO NOTIFICATION VALUES(None, '2018-06-20 12:30:00', 'Upcoming appointment', 'Do not forget that you have appointment 1358 in room 176.', 77);
INSERT INTO INVOICE_BILL VALUES('2018-06-20 13:00:00', 1000, 1, False);
INSERT INTO MEDICAL_RECORD VALUES('Medical record description 885.', '2018-06-20 13:00:00', 1358, 5);
INSERT INTO APPOINTMENT VALUES(1359, 276, 1, '2019-08-30 14:30:00', '2019-08-30 14:45:00', 77, 4, None);
INSERT INTO NOTIFICATION VALUES(None, '2019-08-30 14:15:00', 'Upcoming appointment', 'Do not forget that you have appointment 1359 in room 276.', 2);
INSERT INTO NOTIFICATION VALUES(None, '2019-08-30 14:15:00', 'Upcoming appointment', 'Do not forget that you have appointment 1359 in room 276.', 77);
INSERT INTO INVOICE_BILL VALUES('2019-08-30 14:45:00', 300, 13, True);
INSERT INTO MEDICAL_RECORD VALUES('Medical record description 464.', '2019-08-30 14:45:00', 1359, 4);
INSERT INTO APPOINTMENT VALUES(1360, 284, 0, '2018-05-30 17:15:00', '2018-05-30 17:30:00', 77, 1, None);
INSERT INTO NOTIFICATION VALUES(None, '2018-05-30 17:00:00', 'Upcoming appointment', 'Do not forget that you have appointment 1360 in room 284.', 3);
INSERT INTO NOTIFICATION VALUES(None, '2018-05-30 17:00:00', 'Upcoming appointment', 'Do not forget that you have appointment 1360 in room 284.', 77);
INSERT INTO INVOICE_BILL VALUES('2018-05-30 17:30:00', 200, 5, False);
INSERT INTO MEDICAL_RECORD VALUES('Medical record description 807.', '2018-05-30 17:30:00', 1360, 1);
INSERT INTO APPOINTMENT VALUES(1361, 324, 0, '2017-02-13 15:00:00', '2017-02-13 15:15:00', 78, 9, None);
INSERT INTO NOTIFICATION VALUES(None, '2017-02-13 14:45:00', 'Upcoming appointment', 'Do not forget that you have appointment 1361 in room 324.', 7);
INSERT INTO NOTIFICATION VALUES(None, '2017-02-13 14:45:00', 'Upcoming appointment', 'Do not forget that you have appointment 1361 in room 324.', 78);
INSERT INTO INVOICE_BILL VALUES('2017-02-13 15:15:00', 200, 1, False);
INSERT INTO MEDICAL_RECORD VALUES('Medical record description 449.', '2017-02-13 15:15:00', 1361, 9);
INSERT INTO APPOINTMENT VALUES(1362, 479, 1, '2018-03-30 15:15:00', '2018-03-30 15:30:00', 78, 9, None);
INSERT INTO NOTIFICATION VALUES(None, '2018-03-30 15:00:00', 'Upcoming appointment', 'Do not forget that you have appointment 1362 in room 479.', 6);
INSERT INTO NOTIFICATION VALUES(None, '2018-03-30 15:00:00', 'Upcoming appointment', 'Do not forget that you have appointment 1362 in room 479.', 78);
INSERT INTO INVOICE_BILL VALUES('2018-03-30 15:30:00', 900, 1, True);
INSERT INTO MEDICAL_RECORD VALUES('Medical record description 471.', '2018-03-30 15:30:00', 1362, 9);
INSERT INTO APPOINTMENT VALUES(1363, 162, 0, '2018-11-05 12:15:00', '2018-11-05 12:30:00', 78, 2, None);
INSERT INTO NOTIFICATION VALUES(None, '2018-11-05 12:00:00', 'Upcoming appointment', 'Do not forget that you have appointment 1363 in room 162.', 1);
INSERT INTO NOTIFICATION VALUES(None, '2018-11-05 12:00:00', 'Upcoming appointment', 'Do not forget that you have appointment 1363 in room 162.', 78);
INSERT INTO INVOICE_BILL VALUES('2018-11-05 12:30:00', 650, 2, True);
INSERT INTO MEDICAL_RECORD VALUES('Medical record description 532.', '2018-11-05 12:30:00', 1363, 2);
INSERT INTO APPOINTMENT VALUES(1364, 430, 1, '2017-07-06 11:15:00', '2017-07-06 11:30:00', 78, 2, None);
INSERT INTO NOTIFICATION VALUES(None, '2017-07-06 11:00:00', 'Upcoming appointment', 'Do not forget that you have appointment 1364 in room 430.', 3);
INSERT INTO NOTIFICATION VALUES(None, '2017-07-06 11:00:00', 'Upcoming appointment', 'Do not forget that you have appointment 1364 in room 430.', 78);
INSERT INTO INVOICE_BILL VALUES('2017-07-06 11:30:00', 950, 12, False);
INSERT INTO MEDICAL_RECORD VALUES('Medical record description 362.', '2017-07-06 11:30:00', 1364, 2);
INSERT INTO APPOINTMENT VALUES(1365, 202, 0, '2016-08-09 17:00:00', '2016-08-09 17:15:00', 78, 4, None);
INSERT INTO NOTIFICATION VALUES(None, '2016-08-09 16:45:00', 'Upcoming appointment', 'Do not forget that you have appointment 1365 in room 202.', 2);
INSERT INTO NOTIFICATION VALUES(None, '2016-08-09 16:45:00', 'Upcoming appointment', 'Do not forget that you have appointment 1365 in room 202.', 78);
INSERT INTO INVOICE_BILL VALUES('2016-08-09 17:15:00', 350, 11, False);
INSERT INTO MEDICAL_RECORD VALUES('Medical record description 801.', '2016-08-09 17:15:00', 1365, 4);
INSERT INTO APPOINTMENT VALUES(1366, 117, 0, '2017-08-28 12:30:00', '2017-08-28 12:45:00', 78, 1, None);
INSERT INTO NOTIFICATION VALUES(None, '2017-08-28 12:15:00', 'Upcoming appointment', 'Do not forget that you have appointment 1366 in room 117.', 5);
INSERT INTO NOTIFICATION VALUES(None, '2017-08-28 12:15:00', 'Upcoming appointment', 'Do not forget that you have appointment 1366 in room 117.', 78);
INSERT INTO INVOICE_BILL VALUES('2017-08-28 12:45:00', 900, 11, True);
INSERT INTO MEDICAL_RECORD VALUES('Medical record description 939.', '2017-08-28 12:45:00', 1366, 1);
INSERT INTO APPOINTMENT VALUES(1367, 421, 0, '2017-03-31 10:30:00', '2017-03-31 10:45:00', 78, 4, None);
INSERT INTO NOTIFICATION VALUES(None, '2017-03-31 10:15:00', 'Upcoming appointment', 'Do not forget that you have appointment 1367 in room 421.', 2);
INSERT INTO NOTIFICATION VALUES(None, '2017-03-31 10:15:00', 'Upcoming appointment', 'Do not forget that you have appointment 1367 in room 421.', 78);
INSERT INTO INVOICE_BILL VALUES('2017-03-31 10:45:00', 600, 14, True);
INSERT INTO MEDICAL_RECORD VALUES('Medical record description 900.', '2017-03-31 10:45:00', 1367, 4);
INSERT INTO APPOINTMENT VALUES(1368, 422, 1, '2018-06-26 16:30:00', '2018-06-26 16:45:00', 78, 10, None);
INSERT INTO NOTIFICATION VALUES(None, '2018-06-26 16:15:00', 'Upcoming appointment', 'Do not forget that you have appointment 1368 in room 422.', 4);
INSERT INTO NOTIFICATION VALUES(None, '2018-06-26 16:15:00', 'Upcoming appointment', 'Do not forget that you have appointment 1368 in room 422.', 78);
INSERT INTO INVOICE_BILL VALUES('2018-06-26 16:45:00', 200, 4, False);
INSERT INTO MEDICAL_RECORD VALUES('Medical record description 629.', '2018-06-26 16:45:00', 1368, 10);
INSERT INTO APPOINTMENT VALUES(1369, 478, 1, '2015-09-08 14:30:00', '2015-09-08 14:45:00', 78, 3, None);
INSERT INTO NOTIFICATION VALUES(None, '2015-09-08 14:15:00', 'Upcoming appointment', 'Do not forget that you have appointment 1369 in room 478.', 3);
INSERT INTO NOTIFICATION VALUES(None, '2015-09-08 14:15:00', 'Upcoming appointment', 'Do not forget that you have appointment 1369 in room 478.', 78);
INSERT INTO INVOICE_BILL VALUES('2015-09-08 14:45:00', 700, 6, True);
INSERT INTO MEDICAL_RECORD VALUES('Medical record description 739.', '2015-09-08 14:45:00', 1369, 3);
INSERT INTO APPOINTMENT VALUES(1370, 467, 0, '2013-12-09 11:30:00', '2013-12-09 11:45:00', 78, 1, None);
INSERT INTO NOTIFICATION VALUES(None, '2013-12-09 11:15:00', 'Upcoming appointment', 'Do not forget that you have appointment 1370 in room 467.', 10);
INSERT INTO NOTIFICATION VALUES(None, '2013-12-09 11:15:00', 'Upcoming appointment', 'Do not forget that you have appointment 1370 in room 467.', 78);
INSERT INTO INVOICE_BILL VALUES('2013-12-09 11:45:00', 850, 9, False);
INSERT INTO MEDICAL_RECORD VALUES('Medical record description 239.', '2013-12-09 11:45:00', 1370, 1);
INSERT INTO APPOINTMENT VALUES(1371, 182, 0, '2015-04-06 16:30:00', '2015-04-06 16:45:00', 78, 9, None);
INSERT INTO NOTIFICATION VALUES(None, '2015-04-06 16:15:00', 'Upcoming appointment', 'Do not forget that you have appointment 1371 in room 182.', 1);
INSERT INTO NOTIFICATION VALUES(None, '2015-04-06 16:15:00', 'Upcoming appointment', 'Do not forget that you have appointment 1371 in room 182.', 78);
INSERT INTO INVOICE_BILL VALUES('2015-04-06 16:45:00', 750, 15, False);
INSERT INTO MEDICAL_RECORD VALUES('Medical record description 293.', '2015-04-06 16:45:00', 1371, 9);
INSERT INTO APPOINTMENT VALUES(1372, 282, 0, '2017-09-26 11:45:00', '2017-09-26 12:00:00', 78, 3, None);
INSERT INTO NOTIFICATION VALUES(None, '2017-09-26 11:30:00', 'Upcoming appointment', 'Do not forget that you have appointment 1372 in room 282.', 9);
INSERT INTO NOTIFICATION VALUES(None, '2017-09-26 11:30:00', 'Upcoming appointment', 'Do not forget that you have appointment 1372 in room 282.', 78);
INSERT INTO INVOICE_BILL VALUES('2017-09-26 12:00:00', 500, 15, False);
INSERT INTO MEDICAL_RECORD VALUES('Medical record description 899.', '2017-09-26 12:00:00', 1372, 3);
INSERT INTO APPOINTMENT VALUES(1373, 293, 1, '2017-01-31 14:15:00', '2017-01-31 14:30:00', 78, 10, None);
INSERT INTO NOTIFICATION VALUES(None, '2017-01-31 14:00:00', 'Upcoming appointment', 'Do not forget that you have appointment 1373 in room 293.', 4);
INSERT INTO NOTIFICATION VALUES(None, '2017-01-31 14:00:00', 'Upcoming appointment', 'Do not forget that you have appointment 1373 in room 293.', 78);
INSERT INTO INVOICE_BILL VALUES('2017-01-31 14:30:00', 250, 8, False);
INSERT INTO MEDICAL_RECORD VALUES('Medical record description 572.', '2017-01-31 14:30:00', 1373, 10);
INSERT INTO APPOINTMENT VALUES(1374, 454, 0, '2016-02-24 17:00:00', '2016-02-24 17:15:00', 78, 6, None);
INSERT INTO NOTIFICATION VALUES(None, '2016-02-24 16:45:00', 'Upcoming appointment', 'Do not forget that you have appointment 1374 in room 454.', 3);
INSERT INTO NOTIFICATION VALUES(None, '2016-02-24 16:45:00', 'Upcoming appointment', 'Do not forget that you have appointment 1374 in room 454.', 78);
INSERT INTO INVOICE_BILL VALUES('2016-02-24 17:15:00', 50, 4, False);
INSERT INTO MEDICAL_RECORD VALUES('Medical record description 790.', '2016-02-24 17:15:00', 1374, 6);
INSERT INTO APPOINTMENT VALUES(1375, 173, 0, '2012-11-23 14:45:00', '2012-11-23 15:00:00', 78, 3, None);
INSERT INTO NOTIFICATION VALUES(None, '2012-11-23 14:30:00', 'Upcoming appointment', 'Do not forget that you have appointment 1375 in room 173.', 10);
INSERT INTO NOTIFICATION VALUES(None, '2012-11-23 14:30:00', 'Upcoming appointment', 'Do not forget that you have appointment 1375 in room 173.', 78);
INSERT INTO INVOICE_BILL VALUES('2012-11-23 15:00:00', 900, 7, False);
INSERT INTO MEDICAL_RECORD VALUES('Medical record description 904.', '2012-11-23 15:00:00', 1375, 3);
INSERT INTO APPOINTMENT VALUES(1376, 223, 1, '2017-01-16 17:00:00', '2017-01-16 17:15:00', 78, 4, None);
INSERT INTO NOTIFICATION VALUES(None, '2017-01-16 16:45:00', 'Upcoming appointment', 'Do not forget that you have appointment 1376 in room 223.', 9);
INSERT INTO NOTIFICATION VALUES(None, '2017-01-16 16:45:00', 'Upcoming appointment', 'Do not forget that you have appointment 1376 in room 223.', 78);
INSERT INTO INVOICE_BILL VALUES('2017-01-16 17:15:00', 900, 1, False);
INSERT INTO MEDICAL_RECORD VALUES('Medical record description 799.', '2017-01-16 17:15:00', 1376, 4);
INSERT INTO APPOINTMENT VALUES(1377, 117, 0, '2019-08-01 13:15:00', '2019-08-01 13:30:00', 78, 6, None);
INSERT INTO NOTIFICATION VALUES(None, '2019-08-01 13:00:00', 'Upcoming appointment', 'Do not forget that you have appointment 1377 in room 117.', 7);
INSERT INTO NOTIFICATION VALUES(None, '2019-08-01 13:00:00', 'Upcoming appointment', 'Do not forget that you have appointment 1377 in room 117.', 78);
INSERT INTO INVOICE_BILL VALUES('2019-08-01 13:30:00', 300, 5, False);
INSERT INTO MEDICAL_RECORD VALUES('Medical record description 823.', '2019-08-01 13:30:00', 1377, 6);
INSERT INTO APPOINTMENT VALUES(1378, 138, 1, '2017-07-10 13:30:00', '2017-07-10 13:45:00', 78, 1, None);
INSERT INTO NOTIFICATION VALUES(None, '2017-07-10 13:15:00', 'Upcoming appointment', 'Do not forget that you have appointment 1378 in room 138.', 5);
INSERT INTO NOTIFICATION VALUES(None, '2017-07-10 13:15:00', 'Upcoming appointment', 'Do not forget that you have appointment 1378 in room 138.', 78);
INSERT INTO INVOICE_BILL VALUES('2017-07-10 13:45:00', 650, 6, False);
INSERT INTO MEDICAL_RECORD VALUES('Medical record description 802.', '2017-07-10 13:45:00', 1378, 1);
INSERT INTO APPOINTMENT VALUES(1379, 267, 0, '2019-01-21 10:45:00', '2019-01-21 11:00:00', 78, 9, None);
INSERT INTO NOTIFICATION VALUES(None, '2019-01-21 10:30:00', 'Upcoming appointment', 'Do not forget that you have appointment 1379 in room 267.', 1);
INSERT INTO NOTIFICATION VALUES(None, '2019-01-21 10:30:00', 'Upcoming appointment', 'Do not forget that you have appointment 1379 in room 267.', 78);
INSERT INTO INVOICE_BILL VALUES('2019-01-21 11:00:00', 700, 3, False);
INSERT INTO MEDICAL_RECORD VALUES('Medical record description 910.', '2019-01-21 11:00:00', 1379, 9);
INSERT INTO APPOINTMENT VALUES(1380, 434, 1, '2016-07-20 11:15:00', '2016-07-20 11:30:00', 78, 3, None);
INSERT INTO NOTIFICATION VALUES(None, '2016-07-20 11:00:00', 'Upcoming appointment', 'Do not forget that you have appointment 1380 in room 434.', 3);
INSERT INTO NOTIFICATION VALUES(None, '2016-07-20 11:00:00', 'Upcoming appointment', 'Do not forget that you have appointment 1380 in room 434.', 78);
INSERT INTO INVOICE_BILL VALUES('2016-07-20 11:30:00', 950, 12, False);
INSERT INTO MEDICAL_RECORD VALUES('Medical record description 745.', '2016-07-20 11:30:00', 1380, 3);
INSERT INTO APPOINTMENT VALUES(1381, 128, 1, '2018-02-20 16:30:00', '2018-02-20 16:45:00', 78, 8, None);
INSERT INTO NOTIFICATION VALUES(None, '2018-02-20 16:15:00', 'Upcoming appointment', 'Do not forget that you have appointment 1381 in room 128.', 10);
INSERT INTO NOTIFICATION VALUES(None, '2018-02-20 16:15:00', 'Upcoming appointment', 'Do not forget that you have appointment 1381 in room 128.', 78);
INSERT INTO INVOICE_BILL VALUES('2018-02-20 16:45:00', 750, 12, False);
INSERT INTO MEDICAL_RECORD VALUES('Medical record description 809.', '2018-02-20 16:45:00', 1381, 8);
INSERT INTO APPOINTMENT VALUES(1382, 172, 0, '2015-06-19 16:45:00', '2015-06-19 17:00:00', 78, 1, None);
INSERT INTO NOTIFICATION VALUES(None, '2015-06-19 16:30:00', 'Upcoming appointment', 'Do not forget that you have appointment 1382 in room 172.', 9);
INSERT INTO NOTIFICATION VALUES(None, '2015-06-19 16:30:00', 'Upcoming appointment', 'Do not forget that you have appointment 1382 in room 172.', 78);
INSERT INTO INVOICE_BILL VALUES('2015-06-19 17:00:00', 650, 3, False);
INSERT INTO MEDICAL_RECORD VALUES('Medical record description 298.', '2015-06-19 17:00:00', 1382, 1);
INSERT INTO APPOINTMENT VALUES(1383, 350, 1, '2018-09-19 12:45:00', '2018-09-19 13:00:00', 78, 4, None);
INSERT INTO NOTIFICATION VALUES(None, '2018-09-19 12:30:00', 'Upcoming appointment', 'Do not forget that you have appointment 1383 in room 350.', 9);
INSERT INTO NOTIFICATION VALUES(None, '2018-09-19 12:30:00', 'Upcoming appointment', 'Do not forget that you have appointment 1383 in room 350.', 78);
INSERT INTO INVOICE_BILL VALUES('2018-09-19 13:00:00', 250, 12, False);
INSERT INTO MEDICAL_RECORD VALUES('Medical record description 968.', '2018-09-19 13:00:00', 1383, 4);
INSERT INTO APPOINTMENT VALUES(1384, 291, 0, '2019-04-09 13:00:00', '2019-04-09 13:15:00', 78, 2, None);
INSERT INTO NOTIFICATION VALUES(None, '2019-04-09 12:45:00', 'Upcoming appointment', 'Do not forget that you have appointment 1384 in room 291.', 5);
INSERT INTO NOTIFICATION VALUES(None, '2019-04-09 12:45:00', 'Upcoming appointment', 'Do not forget that you have appointment 1384 in room 291.', 78);
INSERT INTO INVOICE_BILL VALUES('2019-04-09 13:15:00', 200, 10, False);
INSERT INTO MEDICAL_RECORD VALUES('Medical record description 263.', '2019-04-09 13:15:00', 1384, 2);
INSERT INTO APPOINTMENT VALUES(1385, 487, 0, '2019-10-17 13:45:00', '2019-10-17 14:00:00', 78, 4, None);
INSERT INTO NOTIFICATION VALUES(None, '2019-10-17 13:30:00', 'Upcoming appointment', 'Do not forget that you have appointment 1385 in room 487.', 4);
INSERT INTO NOTIFICATION VALUES(None, '2019-10-17 13:30:00', 'Upcoming appointment', 'Do not forget that you have appointment 1385 in room 487.', 78);
INSERT INTO INVOICE_BILL VALUES('2019-10-17 14:00:00', 450, 3, True);
INSERT INTO MEDICAL_RECORD VALUES('Medical record description 320.', '2019-10-17 14:00:00', 1385, 4);
INSERT INTO APPOINTMENT VALUES(1386, 219, 1, '2009-04-28 17:15:00', '2009-04-28 17:30:00', 78, 3, None);
INSERT INTO NOTIFICATION VALUES(None, '2009-04-28 17:00:00', 'Upcoming appointment', 'Do not forget that you have appointment 1386 in room 219.', 4);
INSERT INTO NOTIFICATION VALUES(None, '2009-04-28 17:00:00', 'Upcoming appointment', 'Do not forget that you have appointment 1386 in room 219.', 78);
INSERT INTO INVOICE_BILL VALUES('2009-04-28 17:30:00', 1000, 1, False);
INSERT INTO MEDICAL_RECORD VALUES('Medical record description 285.', '2009-04-28 17:30:00', 1386, 3);
INSERT INTO APPOINTMENT VALUES(1387, 368, 0, '2019-05-10 10:30:00', '2019-05-10 10:45:00', 78, 1, None);
INSERT INTO NOTIFICATION VALUES(None, '2019-05-10 10:15:00', 'Upcoming appointment', 'Do not forget that you have appointment 1387 in room 368.', 1);
INSERT INTO NOTIFICATION VALUES(None, '2019-05-10 10:15:00', 'Upcoming appointment', 'Do not forget that you have appointment 1387 in room 368.', 78);
INSERT INTO INVOICE_BILL VALUES('2019-05-10 10:45:00', 750, 2, False);
INSERT INTO MEDICAL_RECORD VALUES('Medical record description 262.', '2019-05-10 10:45:00', 1387, 1);
INSERT INTO APPOINTMENT VALUES(1388, 430, 1, '2017-12-28 13:00:00', '2017-12-28 13:15:00', 78, 4, None);
INSERT INTO NOTIFICATION VALUES(None, '2017-12-28 12:45:00', 'Upcoming appointment', 'Do not forget that you have appointment 1388 in room 430.', 6);
INSERT INTO NOTIFICATION VALUES(None, '2017-12-28 12:45:00', 'Upcoming appointment', 'Do not forget that you have appointment 1388 in room 430.', 78);
INSERT INTO INVOICE_BILL VALUES('2017-12-28 13:15:00', 700, 9, True);
INSERT INTO MEDICAL_RECORD VALUES('Medical record description 22.', '2017-12-28 13:15:00', 1388, 4);
INSERT INTO APPOINTMENT VALUES(1389, 264, 1, '2011-04-26 10:00:00', '2011-04-26 10:15:00', 78, 3, None);
INSERT INTO NOTIFICATION VALUES(None, '2011-04-26 09:45:00', 'Upcoming appointment', 'Do not forget that you have appointment 1389 in room 264.', 4);
INSERT INTO NOTIFICATION VALUES(None, '2011-04-26 09:45:00', 'Upcoming appointment', 'Do not forget that you have appointment 1389 in room 264.', 78);
INSERT INTO INVOICE_BILL VALUES('2011-04-26 10:15:00', 600, 7, False);
INSERT INTO MEDICAL_RECORD VALUES('Medical record description 257.', '2011-04-26 10:15:00', 1389, 3);
INSERT INTO APPOINTMENT VALUES(1390, 277, 0, '2015-05-11 11:15:00', '2015-05-11 11:30:00', 79, 1, None);
INSERT INTO NOTIFICATION VALUES(None, '2015-05-11 11:00:00', 'Upcoming appointment', 'Do not forget that you have appointment 1390 in room 277.', 3);
INSERT INTO NOTIFICATION VALUES(None, '2015-05-11 11:00:00', 'Upcoming appointment', 'Do not forget that you have appointment 1390 in room 277.', 79);
INSERT INTO INVOICE_BILL VALUES('2015-05-11 11:30:00', 700, 5, True);
INSERT INTO MEDICAL_RECORD VALUES('Medical record description 825.', '2015-05-11 11:30:00', 1390, 1);
INSERT INTO APPOINTMENT VALUES(1391, 155, 1, '2018-07-12 17:30:00', '2018-07-12 17:45:00', 79, 9, None);
INSERT INTO NOTIFICATION VALUES(None, '2018-07-12 17:15:00', 'Upcoming appointment', 'Do not forget that you have appointment 1391 in room 155.', 6);
INSERT INTO NOTIFICATION VALUES(None, '2018-07-12 17:15:00', 'Upcoming appointment', 'Do not forget that you have appointment 1391 in room 155.', 79);
INSERT INTO INVOICE_BILL VALUES('2018-07-12 17:45:00', 150, 3, False);
INSERT INTO MEDICAL_RECORD VALUES('Medical record description 663.', '2018-07-12 17:45:00', 1391, 9);
INSERT INTO APPOINTMENT VALUES(1392, 453, 0, '2015-06-08 11:15:00', '2015-06-08 11:30:00', 79, 2, None);
INSERT INTO NOTIFICATION VALUES(None, '2015-06-08 11:00:00', 'Upcoming appointment', 'Do not forget that you have appointment 1392 in room 453.', 3);
INSERT INTO NOTIFICATION VALUES(None, '2015-06-08 11:00:00', 'Upcoming appointment', 'Do not forget that you have appointment 1392 in room 453.', 79);
INSERT INTO INVOICE_BILL VALUES('2015-06-08 11:30:00', 550, 11, False);
INSERT INTO MEDICAL_RECORD VALUES('Medical record description 779.', '2015-06-08 11:30:00', 1392, 2);
INSERT INTO APPOINTMENT VALUES(1393, 291, 0, '2015-05-21 12:30:00', '2015-05-21 12:45:00', 79, 9, None);
INSERT INTO NOTIFICATION VALUES(None, '2015-05-21 12:15:00', 'Upcoming appointment', 'Do not forget that you have appointment 1393 in room 291.', 9);
INSERT INTO NOTIFICATION VALUES(None, '2015-05-21 12:15:00', 'Upcoming appointment', 'Do not forget that you have appointment 1393 in room 291.', 79);
INSERT INTO INVOICE_BILL VALUES('2015-05-21 12:45:00', 600, 6, False);
INSERT INTO MEDICAL_RECORD VALUES('Medical record description 125.', '2015-05-21 12:45:00', 1393, 9);
INSERT INTO APPOINTMENT VALUES(1394, 229, 0, '2017-08-22 10:30:00', '2017-08-22 10:45:00', 79, 10, None);
INSERT INTO NOTIFICATION VALUES(None, '2017-08-22 10:15:00', 'Upcoming appointment', 'Do not forget that you have appointment 1394 in room 229.', 1);
INSERT INTO NOTIFICATION VALUES(None, '2017-08-22 10:15:00', 'Upcoming appointment', 'Do not forget that you have appointment 1394 in room 229.', 79);
INSERT INTO INVOICE_BILL VALUES('2017-08-22 10:45:00', 800, 1, False);
INSERT INTO MEDICAL_RECORD VALUES('Medical record description 878.', '2017-08-22 10:45:00', 1394, 10);
INSERT INTO APPOINTMENT VALUES(1395, 171, 0, '2019-07-09 17:00:00', '2019-07-09 17:15:00', 79, 9, None);
INSERT INTO NOTIFICATION VALUES(None, '2019-07-09 16:45:00', 'Upcoming appointment', 'Do not forget that you have appointment 1395 in room 171.', 6);
INSERT INTO NOTIFICATION VALUES(None, '2019-07-09 16:45:00', 'Upcoming appointment', 'Do not forget that you have appointment 1395 in room 171.', 79);
INSERT INTO INVOICE_BILL VALUES('2019-07-09 17:15:00', 750, 5, False);
INSERT INTO MEDICAL_RECORD VALUES('Medical record description 671.', '2019-07-09 17:15:00', 1395, 9);
INSERT INTO APPOINTMENT VALUES(1396, 236, 0, '2016-07-12 14:15:00', '2016-07-12 14:30:00', 79, 2, None);
INSERT INTO NOTIFICATION VALUES(None, '2016-07-12 14:00:00', 'Upcoming appointment', 'Do not forget that you have appointment 1396 in room 236.', 7);
INSERT INTO NOTIFICATION VALUES(None, '2016-07-12 14:00:00', 'Upcoming appointment', 'Do not forget that you have appointment 1396 in room 236.', 79);
INSERT INTO INVOICE_BILL VALUES('2016-07-12 14:30:00', 300, 12, False);
INSERT INTO MEDICAL_RECORD VALUES('Medical record description 65.', '2016-07-12 14:30:00', 1396, 2);
INSERT INTO APPOINTMENT VALUES(1397, 138, 1, '2012-04-16 11:45:00', '2012-04-16 12:00:00', 79, 3, None);
INSERT INTO NOTIFICATION VALUES(None, '2012-04-16 11:30:00', 'Upcoming appointment', 'Do not forget that you have appointment 1397 in room 138.', 10);
INSERT INTO NOTIFICATION VALUES(None, '2012-04-16 11:30:00', 'Upcoming appointment', 'Do not forget that you have appointment 1397 in room 138.', 79);
INSERT INTO INVOICE_BILL VALUES('2012-04-16 12:00:00', 500, 2, True);
INSERT INTO MEDICAL_RECORD VALUES('Medical record description 442.', '2012-04-16 12:00:00', 1397, 3);
INSERT INTO APPOINTMENT VALUES(1398, 148, 1, '2016-02-02 17:00:00', '2016-02-02 17:15:00', 79, 4, None);
INSERT INTO NOTIFICATION VALUES(None, '2016-02-02 16:45:00', 'Upcoming appointment', 'Do not forget that you have appointment 1398 in room 148.', 1);
INSERT INTO NOTIFICATION VALUES(None, '2016-02-02 16:45:00', 'Upcoming appointment', 'Do not forget that you have appointment 1398 in room 148.', 79);
INSERT INTO INVOICE_BILL VALUES('2016-02-02 17:15:00', 150, 9, True);
INSERT INTO MEDICAL_RECORD VALUES('Medical record description 901.', '2016-02-02 17:15:00', 1398, 4);
INSERT INTO APPOINTMENT VALUES(1399, 230, 1, '2014-07-18 12:15:00', '2014-07-18 12:30:00', 79, 9, None);
INSERT INTO NOTIFICATION VALUES(None, '2014-07-18 12:00:00', 'Upcoming appointment', 'Do not forget that you have appointment 1399 in room 230.', 1);
INSERT INTO NOTIFICATION VALUES(None, '2014-07-18 12:00:00', 'Upcoming appointment', 'Do not forget that you have appointment 1399 in room 230.', 79);
INSERT INTO INVOICE_BILL VALUES('2014-07-18 12:30:00', 550, 6, False);
INSERT INTO MEDICAL_RECORD VALUES('Medical record description 902.', '2014-07-18 12:30:00', 1399, 9);
INSERT INTO APPOINTMENT VALUES(1400, 315, 1, '2017-05-12 10:30:00', '2017-05-12 10:45:00', 79, 9, None);
INSERT INTO NOTIFICATION VALUES(None, '2017-05-12 10:15:00', 'Upcoming appointment', 'Do not forget that you have appointment 1400 in room 315.', 1);
INSERT INTO NOTIFICATION VALUES(None, '2017-05-12 10:15:00', 'Upcoming appointment', 'Do not forget that you have appointment 1400 in room 315.', 79);
INSERT INTO INVOICE_BILL VALUES('2017-05-12 10:45:00', 650, 10, True);
INSERT INTO MEDICAL_RECORD VALUES('Medical record description 469.', '2017-05-12 10:45:00', 1400, 9);
INSERT INTO APPOINTMENT VALUES(1401, 461, 0, '2019-08-07 17:15:00', '2019-08-07 17:30:00', 79, 3, None);
INSERT INTO NOTIFICATION VALUES(None, '2019-08-07 17:00:00', 'Upcoming appointment', 'Do not forget that you have appointment 1401 in room 461.', 1);
INSERT INTO NOTIFICATION VALUES(None, '2019-08-07 17:00:00', 'Upcoming appointment', 'Do not forget that you have appointment 1401 in room 461.', 79);
INSERT INTO INVOICE_BILL VALUES('2019-08-07 17:30:00', 600, 15, False);
INSERT INTO MEDICAL_RECORD VALUES('Medical record description 598.', '2019-08-07 17:30:00', 1401, 3);
INSERT INTO APPOINTMENT VALUES(1402, 384, 1, '2017-09-08 11:45:00', '2017-09-08 12:00:00', 79, 10, None);
INSERT INTO NOTIFICATION VALUES(None, '2017-09-08 11:30:00', 'Upcoming appointment', 'Do not forget that you have appointment 1402 in room 384.', 8);
INSERT INTO NOTIFICATION VALUES(None, '2017-09-08 11:30:00', 'Upcoming appointment', 'Do not forget that you have appointment 1402 in room 384.', 79);
INSERT INTO INVOICE_BILL VALUES('2017-09-08 12:00:00', 50, 4, False);
INSERT INTO MEDICAL_RECORD VALUES('Medical record description 964.', '2017-09-08 12:00:00', 1402, 10);
INSERT INTO APPOINTMENT VALUES(1403, 270, 1, '2017-07-25 13:30:00', '2017-07-25 13:45:00', 79, 9, None);
INSERT INTO NOTIFICATION VALUES(None, '2017-07-25 13:15:00', 'Upcoming appointment', 'Do not forget that you have appointment 1403 in room 270.', 2);
INSERT INTO NOTIFICATION VALUES(None, '2017-07-25 13:15:00', 'Upcoming appointment', 'Do not forget that you have appointment 1403 in room 270.', 79);
INSERT INTO INVOICE_BILL VALUES('2017-07-25 13:45:00', 200, 6, True);
INSERT INTO MEDICAL_RECORD VALUES('Medical record description 839.', '2017-07-25 13:45:00', 1403, 9);
INSERT INTO APPOINTMENT VALUES(1404, 383, 0, '2018-11-06 15:15:00', '2018-11-06 15:30:00', 79, 10, None);
INSERT INTO NOTIFICATION VALUES(None, '2018-11-06 15:00:00', 'Upcoming appointment', 'Do not forget that you have appointment 1404 in room 383.', 3);
INSERT INTO NOTIFICATION VALUES(None, '2018-11-06 15:00:00', 'Upcoming appointment', 'Do not forget that you have appointment 1404 in room 383.', 79);
INSERT INTO INVOICE_BILL VALUES('2018-11-06 15:30:00', 450, 2, False);
INSERT INTO MEDICAL_RECORD VALUES('Medical record description 147.', '2018-11-06 15:30:00', 1404, 10);
INSERT INTO APPOINTMENT VALUES(1405, 104, 0, '2012-05-30 10:45:00', '2012-05-30 11:00:00', 79, 3, None);
INSERT INTO NOTIFICATION VALUES(None, '2012-05-30 10:30:00', 'Upcoming appointment', 'Do not forget that you have appointment 1405 in room 104.', 2);
INSERT INTO NOTIFICATION VALUES(None, '2012-05-30 10:30:00', 'Upcoming appointment', 'Do not forget that you have appointment 1405 in room 104.', 79);
INSERT INTO INVOICE_BILL VALUES('2012-05-30 11:00:00', 200, 2, False);
INSERT INTO MEDICAL_RECORD VALUES('Medical record description 452.', '2012-05-30 11:00:00', 1405, 3);
INSERT INTO APPOINTMENT VALUES(1406, 324, 1, '2017-03-21 17:30:00', '2017-03-21 17:45:00', 79, 2, None);
INSERT INTO NOTIFICATION VALUES(None, '2017-03-21 17:15:00', 'Upcoming appointment', 'Do not forget that you have appointment 1406 in room 324.', 1);
INSERT INTO NOTIFICATION VALUES(None, '2017-03-21 17:15:00', 'Upcoming appointment', 'Do not forget that you have appointment 1406 in room 324.', 79);
INSERT INTO INVOICE_BILL VALUES('2017-03-21 17:45:00', 300, 14, True);
INSERT INTO MEDICAL_RECORD VALUES('Medical record description 331.', '2017-03-21 17:45:00', 1406, 2);
INSERT INTO APPOINTMENT VALUES(1407, 336, 0, '2009-12-22 13:00:00', '2009-12-22 13:15:00', 79, 3, None);
INSERT INTO NOTIFICATION VALUES(None, '2009-12-22 12:45:00', 'Upcoming appointment', 'Do not forget that you have appointment 1407 in room 336.', 2);
INSERT INTO NOTIFICATION VALUES(None, '2009-12-22 12:45:00', 'Upcoming appointment', 'Do not forget that you have appointment 1407 in room 336.', 79);
INSERT INTO INVOICE_BILL VALUES('2009-12-22 13:15:00', 500, 3, True);
INSERT INTO MEDICAL_RECORD VALUES('Medical record description 793.', '2009-12-22 13:15:00', 1407, 3);
INSERT INTO APPOINTMENT VALUES(1408, 356, 0, '2019-02-08 11:15:00', '2019-02-08 11:30:00', 79, 10, None);
INSERT INTO NOTIFICATION VALUES(None, '2019-02-08 11:00:00', 'Upcoming appointment', 'Do not forget that you have appointment 1408 in room 356.', 5);
INSERT INTO NOTIFICATION VALUES(None, '2019-02-08 11:00:00', 'Upcoming appointment', 'Do not forget that you have appointment 1408 in room 356.', 79);
INSERT INTO INVOICE_BILL VALUES('2019-02-08 11:30:00', 350, 5, True);
INSERT INTO MEDICAL_RECORD VALUES('Medical record description 260.', '2019-02-08 11:30:00', 1408, 10);
INSERT INTO APPOINTMENT VALUES(1409, 384, 0, '2018-11-19 16:30:00', '2018-11-19 16:45:00', 79, 2, None);
INSERT INTO NOTIFICATION VALUES(None, '2018-11-19 16:15:00', 'Upcoming appointment', 'Do not forget that you have appointment 1409 in room 384.', 10);
INSERT INTO NOTIFICATION VALUES(None, '2018-11-19 16:15:00', 'Upcoming appointment', 'Do not forget that you have appointment 1409 in room 384.', 79);
INSERT INTO INVOICE_BILL VALUES('2018-11-19 16:45:00', 950, 6, True);
INSERT INTO MEDICAL_RECORD VALUES('Medical record description 746.', '2018-11-19 16:45:00', 1409, 2);
INSERT INTO APPOINTMENT VALUES(1410, 457, 1, '2016-08-04 11:00:00', '2016-08-04 11:15:00', 79, 9, None);
INSERT INTO NOTIFICATION VALUES(None, '2016-08-04 10:45:00', 'Upcoming appointment', 'Do not forget that you have appointment 1410 in room 457.', 4);
INSERT INTO NOTIFICATION VALUES(None, '2016-08-04 10:45:00', 'Upcoming appointment', 'Do not forget that you have appointment 1410 in room 457.', 79);
INSERT INTO INVOICE_BILL VALUES('2016-08-04 11:15:00', 450, 1, True);
INSERT INTO MEDICAL_RECORD VALUES('Medical record description 158.', '2016-08-04 11:15:00', 1410, 9);
INSERT INTO APPOINTMENT VALUES(1411, 186, 1, '2015-08-18 11:30:00', '2015-08-18 11:45:00', 79, 1, None);
INSERT INTO NOTIFICATION VALUES(None, '2015-08-18 11:15:00', 'Upcoming appointment', 'Do not forget that you have appointment 1411 in room 186.', 8);
INSERT INTO NOTIFICATION VALUES(None, '2015-08-18 11:15:00', 'Upcoming appointment', 'Do not forget that you have appointment 1411 in room 186.', 79);
INSERT INTO INVOICE_BILL VALUES('2015-08-18 11:45:00', 850, 4, True);
INSERT INTO MEDICAL_RECORD VALUES('Medical record description 456.', '2015-08-18 11:45:00', 1411, 1);
INSERT INTO APPOINTMENT VALUES(1412, 233, 0, '2019-06-25 13:45:00', '2019-06-25 14:00:00', 79, 7, None);
INSERT INTO NOTIFICATION VALUES(None, '2019-06-25 13:30:00', 'Upcoming appointment', 'Do not forget that you have appointment 1412 in room 233.', 3);
INSERT INTO NOTIFICATION VALUES(None, '2019-06-25 13:30:00', 'Upcoming appointment', 'Do not forget that you have appointment 1412 in room 233.', 79);
INSERT INTO INVOICE_BILL VALUES('2019-06-25 14:00:00', 50, 5, True);
INSERT INTO MEDICAL_RECORD VALUES('Medical record description 10.', '2019-06-25 14:00:00', 1412, 7);
INSERT INTO APPOINTMENT VALUES(1413, 199, 0, '2017-02-27 14:15:00', '2017-02-27 14:30:00', 79, 2, None);
INSERT INTO NOTIFICATION VALUES(None, '2017-02-27 14:00:00', 'Upcoming appointment', 'Do not forget that you have appointment 1413 in room 199.', 3);
INSERT INTO NOTIFICATION VALUES(None, '2017-02-27 14:00:00', 'Upcoming appointment', 'Do not forget that you have appointment 1413 in room 199.', 79);
INSERT INTO INVOICE_BILL VALUES('2017-02-27 14:30:00', 850, 4, False);
INSERT INTO MEDICAL_RECORD VALUES('Medical record description 882.', '2017-02-27 14:30:00', 1413, 2);
INSERT INTO APPOINTMENT VALUES(1414, 222, 0, '2017-07-03 11:00:00', '2017-07-03 11:15:00', 79, 9, None);
INSERT INTO NOTIFICATION VALUES(None, '2017-07-03 10:45:00', 'Upcoming appointment', 'Do not forget that you have appointment 1414 in room 222.', 2);
INSERT INTO NOTIFICATION VALUES(None, '2017-07-03 10:45:00', 'Upcoming appointment', 'Do not forget that you have appointment 1414 in room 222.', 79);
INSERT INTO INVOICE_BILL VALUES('2017-07-03 11:15:00', 150, 10, False);
INSERT INTO MEDICAL_RECORD VALUES('Medical record description 709.', '2017-07-03 11:15:00', 1414, 9);
INSERT INTO APPOINTMENT VALUES(1415, 440, 1, '2018-11-30 16:00:00', '2018-11-30 16:15:00', 79, 8, None);
INSERT INTO NOTIFICATION VALUES(None, '2018-11-30 15:45:00', 'Upcoming appointment', 'Do not forget that you have appointment 1415 in room 440.', 10);
INSERT INTO NOTIFICATION VALUES(None, '2018-11-30 15:45:00', 'Upcoming appointment', 'Do not forget that you have appointment 1415 in room 440.', 79);
INSERT INTO INVOICE_BILL VALUES('2018-11-30 16:15:00', 900, 3, False);
INSERT INTO MEDICAL_RECORD VALUES('Medical record description 473.', '2018-11-30 16:15:00', 1415, 8);
INSERT INTO APPOINTMENT VALUES(1416, 276, 1, '2017-11-21 12:00:00', '2017-11-21 12:15:00', 79, 7, None);
INSERT INTO NOTIFICATION VALUES(None, '2017-11-21 11:45:00', 'Upcoming appointment', 'Do not forget that you have appointment 1416 in room 276.', 3);
INSERT INTO NOTIFICATION VALUES(None, '2017-11-21 11:45:00', 'Upcoming appointment', 'Do not forget that you have appointment 1416 in room 276.', 79);
INSERT INTO INVOICE_BILL VALUES('2017-11-21 12:15:00', 200, 8, True);
INSERT INTO MEDICAL_RECORD VALUES('Medical record description 791.', '2017-11-21 12:15:00', 1416, 7);
INSERT INTO APPOINTMENT VALUES(1417, 170, 1, '2015-07-07 15:45:00', '2015-07-07 16:00:00', 80, 9, None);
INSERT INTO NOTIFICATION VALUES(None, '2015-07-07 15:30:00', 'Upcoming appointment', 'Do not forget that you have appointment 1417 in room 170.', 3);
INSERT INTO NOTIFICATION VALUES(None, '2015-07-07 15:30:00', 'Upcoming appointment', 'Do not forget that you have appointment 1417 in room 170.', 80);
INSERT INTO INVOICE_BILL VALUES('2015-07-07 16:00:00', 150, 7, False);
INSERT INTO MEDICAL_RECORD VALUES('Medical record description 398.', '2015-07-07 16:00:00', 1417, 9);
INSERT INTO APPOINTMENT VALUES(1418, 125, 0, '2018-01-01 12:15:00', '2018-01-01 12:30:00', 80, 4, None);
INSERT INTO NOTIFICATION VALUES(None, '2018-01-01 12:00:00', 'Upcoming appointment', 'Do not forget that you have appointment 1418 in room 125.', 7);
INSERT INTO NOTIFICATION VALUES(None, '2018-01-01 12:00:00', 'Upcoming appointment', 'Do not forget that you have appointment 1418 in room 125.', 80);
INSERT INTO INVOICE_BILL VALUES('2018-01-01 12:30:00', 50, 13, False);
INSERT INTO MEDICAL_RECORD VALUES('Medical record description 688.', '2018-01-01 12:30:00', 1418, 4);
INSERT INTO APPOINTMENT VALUES(1419, 315, 1, '2016-02-08 16:45:00', '2016-02-08 17:00:00', 80, 4, None);
INSERT INTO NOTIFICATION VALUES(None, '2016-02-08 16:30:00', 'Upcoming appointment', 'Do not forget that you have appointment 1419 in room 315.', 1);
INSERT INTO NOTIFICATION VALUES(None, '2016-02-08 16:30:00', 'Upcoming appointment', 'Do not forget that you have appointment 1419 in room 315.', 80);
INSERT INTO INVOICE_BILL VALUES('2016-02-08 17:00:00', 700, 15, False);
INSERT INTO MEDICAL_RECORD VALUES('Medical record description 735.', '2016-02-08 17:00:00', 1419, 4);
INSERT INTO APPOINTMENT VALUES(1420, 448, 0, '2018-01-09 10:45:00', '2018-01-09 11:00:00', 80, 9, None);
INSERT INTO NOTIFICATION VALUES(None, '2018-01-09 10:30:00', 'Upcoming appointment', 'Do not forget that you have appointment 1420 in room 448.', 8);
INSERT INTO NOTIFICATION VALUES(None, '2018-01-09 10:30:00', 'Upcoming appointment', 'Do not forget that you have appointment 1420 in room 448.', 80);
INSERT INTO INVOICE_BILL VALUES('2018-01-09 11:00:00', 250, 14, False);
INSERT INTO MEDICAL_RECORD VALUES('Medical record description 229.', '2018-01-09 11:00:00', 1420, 9);
INSERT INTO APPOINTMENT VALUES(1421, 189, 0, '2015-01-13 14:15:00', '2015-01-13 14:30:00', 80, 2, None);
INSERT INTO NOTIFICATION VALUES(None, '2015-01-13 14:00:00', 'Upcoming appointment', 'Do not forget that you have appointment 1421 in room 189.', 10);
INSERT INTO NOTIFICATION VALUES(None, '2015-01-13 14:00:00', 'Upcoming appointment', 'Do not forget that you have appointment 1421 in room 189.', 80);
INSERT INTO INVOICE_BILL VALUES('2015-01-13 14:30:00', 250, 10, False);
INSERT INTO MEDICAL_RECORD VALUES('Medical record description 71.', '2015-01-13 14:30:00', 1421, 2);
INSERT INTO APPOINTMENT VALUES(1422, 417, 1, '2016-10-26 14:45:00', '2016-10-26 15:00:00', 80, 6, None);
INSERT INTO NOTIFICATION VALUES(None, '2016-10-26 14:30:00', 'Upcoming appointment', 'Do not forget that you have appointment 1422 in room 417.', 7);
INSERT INTO NOTIFICATION VALUES(None, '2016-10-26 14:30:00', 'Upcoming appointment', 'Do not forget that you have appointment 1422 in room 417.', 80);
INSERT INTO INVOICE_BILL VALUES('2016-10-26 15:00:00', 200, 3, False);
INSERT INTO MEDICAL_RECORD VALUES('Medical record description 240.', '2016-10-26 15:00:00', 1422, 6);
INSERT INTO APPOINTMENT VALUES(1423, 325, 0, '2016-11-04 16:30:00', '2016-11-04 16:45:00', 80, 9, None);
INSERT INTO NOTIFICATION VALUES(None, '2016-11-04 16:15:00', 'Upcoming appointment', 'Do not forget that you have appointment 1423 in room 325.', 4);
INSERT INTO NOTIFICATION VALUES(None, '2016-11-04 16:15:00', 'Upcoming appointment', 'Do not forget that you have appointment 1423 in room 325.', 80);
INSERT INTO INVOICE_BILL VALUES('2016-11-04 16:45:00', 800, 2, False);
INSERT INTO MEDICAL_RECORD VALUES('Medical record description 457.', '2016-11-04 16:45:00', 1423, 9);
INSERT INTO APPOINTMENT VALUES(1424, 314, 1, '2019-03-05 15:45:00', '2019-03-05 16:00:00', 80, 5, None);
INSERT INTO NOTIFICATION VALUES(None, '2019-03-05 15:30:00', 'Upcoming appointment', 'Do not forget that you have appointment 1424 in room 314.', 9);
INSERT INTO NOTIFICATION VALUES(None, '2019-03-05 15:30:00', 'Upcoming appointment', 'Do not forget that you have appointment 1424 in room 314.', 80);
INSERT INTO INVOICE_BILL VALUES('2019-03-05 16:00:00', 450, 9, False);
INSERT INTO MEDICAL_RECORD VALUES('Medical record description 758.', '2019-03-05 16:00:00', 1424, 5);
INSERT INTO APPOINTMENT VALUES(1425, 300, 1, '2015-06-03 11:00:00', '2015-06-03 11:15:00', 80, 9, None);
INSERT INTO NOTIFICATION VALUES(None, '2015-06-03 10:45:00', 'Upcoming appointment', 'Do not forget that you have appointment 1425 in room 300.', 3);
INSERT INTO NOTIFICATION VALUES(None, '2015-06-03 10:45:00', 'Upcoming appointment', 'Do not forget that you have appointment 1425 in room 300.', 80);
INSERT INTO INVOICE_BILL VALUES('2015-06-03 11:15:00', 100, 3, False);
INSERT INTO MEDICAL_RECORD VALUES('Medical record description 912.', '2015-06-03 11:15:00', 1425, 9);
INSERT INTO APPOINTMENT VALUES(1426, 284, 0, '2016-08-29 13:15:00', '2016-08-29 13:30:00', 80, 1, None);
INSERT INTO NOTIFICATION VALUES(None, '2016-08-29 13:00:00', 'Upcoming appointment', 'Do not forget that you have appointment 1426 in room 284.', 4);
INSERT INTO NOTIFICATION VALUES(None, '2016-08-29 13:00:00', 'Upcoming appointment', 'Do not forget that you have appointment 1426 in room 284.', 80);
INSERT INTO INVOICE_BILL VALUES('2016-08-29 13:30:00', 250, 12, False);
INSERT INTO MEDICAL_RECORD VALUES('Medical record description 163.', '2016-08-29 13:30:00', 1426, 1);
INSERT INTO APPOINTMENT VALUES(1427, 451, 0, '2010-12-07 17:45:00', '2010-12-07 18:00:00', 80, 3, None);
INSERT INTO NOTIFICATION VALUES(None, '2010-12-07 17:30:00', 'Upcoming appointment', 'Do not forget that you have appointment 1427 in room 451.', 1);
INSERT INTO NOTIFICATION VALUES(None, '2010-12-07 17:30:00', 'Upcoming appointment', 'Do not forget that you have appointment 1427 in room 451.', 80);
INSERT INTO INVOICE_BILL VALUES('2010-12-07 18:00:00', 800, 14, True);
INSERT INTO MEDICAL_RECORD VALUES('Medical record description 767.', '2010-12-07 18:00:00', 1427, 3);
INSERT INTO APPOINTMENT VALUES(1428, 330, 0, '2018-10-02 10:30:00', '2018-10-02 10:45:00', 80, 4, None);
INSERT INTO NOTIFICATION VALUES(None, '2018-10-02 10:15:00', 'Upcoming appointment', 'Do not forget that you have appointment 1428 in room 330.', 6);
INSERT INTO NOTIFICATION VALUES(None, '2018-10-02 10:15:00', 'Upcoming appointment', 'Do not forget that you have appointment 1428 in room 330.', 80);
INSERT INTO INVOICE_BILL VALUES('2018-10-02 10:45:00', 200, 5, True);
INSERT INTO MEDICAL_RECORD VALUES('Medical record description 708.', '2018-10-02 10:45:00', 1428, 4);
INSERT INTO APPOINTMENT VALUES(1429, 176, 1, '2016-11-24 14:15:00', '2016-11-24 14:30:00', 80, 6, None);
INSERT INTO NOTIFICATION VALUES(None, '2016-11-24 14:00:00', 'Upcoming appointment', 'Do not forget that you have appointment 1429 in room 176.', 5);
INSERT INTO NOTIFICATION VALUES(None, '2016-11-24 14:00:00', 'Upcoming appointment', 'Do not forget that you have appointment 1429 in room 176.', 80);
INSERT INTO INVOICE_BILL VALUES('2016-11-24 14:30:00', 850, 6, False);
INSERT INTO MEDICAL_RECORD VALUES('Medical record description 849.', '2016-11-24 14:30:00', 1429, 6);
INSERT INTO APPOINTMENT VALUES(1430, 225, 1, '2018-05-23 16:15:00', '2018-05-23 16:30:00', 80, 5, None);
INSERT INTO NOTIFICATION VALUES(None, '2018-05-23 16:00:00', 'Upcoming appointment', 'Do not forget that you have appointment 1430 in room 225.', 7);
INSERT INTO NOTIFICATION VALUES(None, '2018-05-23 16:00:00', 'Upcoming appointment', 'Do not forget that you have appointment 1430 in room 225.', 80);
INSERT INTO INVOICE_BILL VALUES('2018-05-23 16:30:00', 200, 9, True);
INSERT INTO MEDICAL_RECORD VALUES('Medical record description 542.', '2018-05-23 16:30:00', 1430, 5);
INSERT INTO APPOINTMENT VALUES(1431, 386, 1, '2016-02-23 11:15:00', '2016-02-23 11:30:00', 80, 9, None);
INSERT INTO NOTIFICATION VALUES(None, '2016-02-23 11:00:00', 'Upcoming appointment', 'Do not forget that you have appointment 1431 in room 386.', 3);
INSERT INTO NOTIFICATION VALUES(None, '2016-02-23 11:00:00', 'Upcoming appointment', 'Do not forget that you have appointment 1431 in room 386.', 80);
INSERT INTO INVOICE_BILL VALUES('2016-02-23 11:30:00', 800, 8, False);
INSERT INTO MEDICAL_RECORD VALUES('Medical record description 272.', '2016-02-23 11:30:00', 1431, 9);
INSERT INTO APPOINTMENT VALUES(1432, 150, 0, '2015-11-26 17:00:00', '2015-11-26 17:15:00', 80, 9, None);
INSERT INTO NOTIFICATION VALUES(None, '2015-11-26 16:45:00', 'Upcoming appointment', 'Do not forget that you have appointment 1432 in room 150.', 9);
INSERT INTO NOTIFICATION VALUES(None, '2015-11-26 16:45:00', 'Upcoming appointment', 'Do not forget that you have appointment 1432 in room 150.', 80);
INSERT INTO INVOICE_BILL VALUES('2015-11-26 17:15:00', 400, 1, False);
INSERT INTO MEDICAL_RECORD VALUES('Medical record description 936.', '2015-11-26 17:15:00', 1432, 9);
INSERT INTO APPOINTMENT VALUES(1433, 409, 1, '2015-08-07 12:15:00', '2015-08-07 12:30:00', 80, 1, None);
INSERT INTO NOTIFICATION VALUES(None, '2015-08-07 12:00:00', 'Upcoming appointment', 'Do not forget that you have appointment 1433 in room 409.', 8);
INSERT INTO NOTIFICATION VALUES(None, '2015-08-07 12:00:00', 'Upcoming appointment', 'Do not forget that you have appointment 1433 in room 409.', 80);
INSERT INTO INVOICE_BILL VALUES('2015-08-07 12:30:00', 1000, 12, True);
INSERT INTO MEDICAL_RECORD VALUES('Medical record description 32.', '2015-08-07 12:30:00', 1433, 1);
INSERT INTO APPOINTMENT VALUES(1434, 238, 0, '2019-10-23 12:15:00', '2019-10-23 12:30:00', 80, 2, None);
INSERT INTO NOTIFICATION VALUES(None, '2019-10-23 12:00:00', 'Upcoming appointment', 'Do not forget that you have appointment 1434 in room 238.', 6);
INSERT INTO NOTIFICATION VALUES(None, '2019-10-23 12:00:00', 'Upcoming appointment', 'Do not forget that you have appointment 1434 in room 238.', 80);
INSERT INTO INVOICE_BILL VALUES('2019-10-23 12:30:00', 800, 10, True);
INSERT INTO MEDICAL_RECORD VALUES('Medical record description 664.', '2019-10-23 12:30:00', 1434, 2);
INSERT INTO APPOINTMENT VALUES(1435, 272, 0, '2013-03-19 14:00:00', '2013-03-19 14:15:00', 80, 1, None);
INSERT INTO NOTIFICATION VALUES(None, '2013-03-19 13:45:00', 'Upcoming appointment', 'Do not forget that you have appointment 1435 in room 272.', 1);
INSERT INTO NOTIFICATION VALUES(None, '2013-03-19 13:45:00', 'Upcoming appointment', 'Do not forget that you have appointment 1435 in room 272.', 80);
INSERT INTO INVOICE_BILL VALUES('2013-03-19 14:15:00', 750, 3, True);
INSERT INTO MEDICAL_RECORD VALUES('Medical record description 199.', '2013-03-19 14:15:00', 1435, 1);
INSERT INTO APPOINTMENT VALUES(1436, 462, 1, '2018-07-25 17:30:00', '2018-07-25 17:45:00', 80, 6, None);
INSERT INTO NOTIFICATION VALUES(None, '2018-07-25 17:15:00', 'Upcoming appointment', 'Do not forget that you have appointment 1436 in room 462.', 3);
INSERT INTO NOTIFICATION VALUES(None, '2018-07-25 17:15:00', 'Upcoming appointment', 'Do not forget that you have appointment 1436 in room 462.', 80);
INSERT INTO INVOICE_BILL VALUES('2018-07-25 17:45:00', 50, 7, False);
INSERT INTO MEDICAL_RECORD VALUES('Medical record description 265.', '2018-07-25 17:45:00', 1436, 6);
INSERT INTO APPOINTMENT VALUES(1437, 381, 1, '2019-05-17 13:00:00', '2019-05-17 13:15:00', 80, 5, None);
INSERT INTO NOTIFICATION VALUES(None, '2019-05-17 12:45:00', 'Upcoming appointment', 'Do not forget that you have appointment 1437 in room 381.', 9);
INSERT INTO NOTIFICATION VALUES(None, '2019-05-17 12:45:00', 'Upcoming appointment', 'Do not forget that you have appointment 1437 in room 381.', 80);
INSERT INTO INVOICE_BILL VALUES('2019-05-17 13:15:00', 150, 14, False);
INSERT INTO MEDICAL_RECORD VALUES('Medical record description 189.', '2019-05-17 13:15:00', 1437, 5);
INSERT INTO APPOINTMENT VALUES(1438, 287, 1, '2017-12-26 13:45:00', '2017-12-26 14:00:00', 80, 1, None);
INSERT INTO NOTIFICATION VALUES(None, '2017-12-26 13:30:00', 'Upcoming appointment', 'Do not forget that you have appointment 1438 in room 287.', 7);
INSERT INTO NOTIFICATION VALUES(None, '2017-12-26 13:30:00', 'Upcoming appointment', 'Do not forget that you have appointment 1438 in room 287.', 80);
INSERT INTO INVOICE_BILL VALUES('2017-12-26 14:00:00', 50, 8, True);
INSERT INTO MEDICAL_RECORD VALUES('Medical record description 33.', '2017-12-26 14:00:00', 1438, 1);
INSERT INTO APPOINTMENT VALUES(1439, 265, 0, '2017-06-21 10:00:00', '2017-06-21 10:15:00', 80, 10, None);
INSERT INTO NOTIFICATION VALUES(None, '2017-06-21 09:45:00', 'Upcoming appointment', 'Do not forget that you have appointment 1439 in room 265.', 3);
INSERT INTO NOTIFICATION VALUES(None, '2017-06-21 09:45:00', 'Upcoming appointment', 'Do not forget that you have appointment 1439 in room 265.', 80);
INSERT INTO INVOICE_BILL VALUES('2017-06-21 10:15:00', 800, 13, False);
INSERT INTO MEDICAL_RECORD VALUES('Medical record description 809.', '2017-06-21 10:15:00', 1439, 10);
INSERT INTO APPOINTMENT VALUES(1440, 180, 1, '2015-09-24 14:00:00', '2015-09-24 14:15:00', 80, 4, None);
INSERT INTO NOTIFICATION VALUES(None, '2015-09-24 13:45:00', 'Upcoming appointment', 'Do not forget that you have appointment 1440 in room 180.', 10);
INSERT INTO NOTIFICATION VALUES(None, '2015-09-24 13:45:00', 'Upcoming appointment', 'Do not forget that you have appointment 1440 in room 180.', 80);
INSERT INTO INVOICE_BILL VALUES('2015-09-24 14:15:00', 150, 9, False);
INSERT INTO MEDICAL_RECORD VALUES('Medical record description 910.', '2015-09-24 14:15:00', 1440, 4);
INSERT INTO APPOINTMENT VALUES(1441, 173, 0, '2017-08-23 16:45:00', '2017-08-23 17:00:00', 80, 2, None);
INSERT INTO NOTIFICATION VALUES(None, '2017-08-23 16:30:00', 'Upcoming appointment', 'Do not forget that you have appointment 1441 in room 173.', 2);
INSERT INTO NOTIFICATION VALUES(None, '2017-08-23 16:30:00', 'Upcoming appointment', 'Do not forget that you have appointment 1441 in room 173.', 80);
INSERT INTO INVOICE_BILL VALUES('2017-08-23 17:00:00', 900, 2, True);
INSERT INTO MEDICAL_RECORD VALUES('Medical record description 648.', '2017-08-23 17:00:00', 1441, 2);
INSERT INTO APPOINTMENT VALUES(1442, 461, 1, '2016-07-14 10:45:00', '2016-07-14 11:00:00', 80, 4, None);
INSERT INTO NOTIFICATION VALUES(None, '2016-07-14 10:30:00', 'Upcoming appointment', 'Do not forget that you have appointment 1442 in room 461.', 5);
INSERT INTO NOTIFICATION VALUES(None, '2016-07-14 10:30:00', 'Upcoming appointment', 'Do not forget that you have appointment 1442 in room 461.', 80);
INSERT INTO INVOICE_BILL VALUES('2016-07-14 11:00:00', 450, 5, True);
INSERT INTO MEDICAL_RECORD VALUES('Medical record description 767.', '2016-07-14 11:00:00', 1442, 4);
INSERT INTO APPOINTMENT VALUES(1443, 232, 1, '2019-06-24 16:15:00', '2019-06-24 16:30:00', 80, 6, None);
INSERT INTO NOTIFICATION VALUES(None, '2019-06-24 16:00:00', 'Upcoming appointment', 'Do not forget that you have appointment 1443 in room 232.', 8);
INSERT INTO NOTIFICATION VALUES(None, '2019-06-24 16:00:00', 'Upcoming appointment', 'Do not forget that you have appointment 1443 in room 232.', 80);
INSERT INTO INVOICE_BILL VALUES('2019-06-24 16:30:00', 1000, 6, True);
INSERT INTO MEDICAL_RECORD VALUES('Medical record description 448.', '2019-06-24 16:30:00', 1443, 6);
INSERT INTO APPOINTMENT VALUES(1444, 214, 1, '2015-09-11 14:00:00', '2015-09-11 14:15:00', 81, 2, None);
INSERT INTO NOTIFICATION VALUES(None, '2015-09-11 13:45:00', 'Upcoming appointment', 'Do not forget that you have appointment 1444 in room 214.', 9);
INSERT INTO NOTIFICATION VALUES(None, '2015-09-11 13:45:00', 'Upcoming appointment', 'Do not forget that you have appointment 1444 in room 214.', 81);
INSERT INTO INVOICE_BILL VALUES('2015-09-11 14:15:00', 350, 14, True);
INSERT INTO MEDICAL_RECORD VALUES('Medical record description 888.', '2015-09-11 14:15:00', 1444, 2);
INSERT INTO APPOINTMENT VALUES(1445, 190, 0, '2013-07-12 13:30:00', '2013-07-12 13:45:00', 81, 3, None);
INSERT INTO NOTIFICATION VALUES(None, '2013-07-12 13:15:00', 'Upcoming appointment', 'Do not forget that you have appointment 1445 in room 190.', 3);
INSERT INTO NOTIFICATION VALUES(None, '2013-07-12 13:15:00', 'Upcoming appointment', 'Do not forget that you have appointment 1445 in room 190.', 81);
INSERT INTO INVOICE_BILL VALUES('2013-07-12 13:45:00', 950, 2, False);
INSERT INTO MEDICAL_RECORD VALUES('Medical record description 590.', '2013-07-12 13:45:00', 1445, 3);
INSERT INTO APPOINTMENT VALUES(1446, 432, 1, '2015-09-03 12:15:00', '2015-09-03 12:30:00', 81, 2, None);
INSERT INTO NOTIFICATION VALUES(None, '2015-09-03 12:00:00', 'Upcoming appointment', 'Do not forget that you have appointment 1446 in room 432.', 5);
INSERT INTO NOTIFICATION VALUES(None, '2015-09-03 12:00:00', 'Upcoming appointment', 'Do not forget that you have appointment 1446 in room 432.', 81);
INSERT INTO INVOICE_BILL VALUES('2015-09-03 12:30:00', 850, 13, True);
INSERT INTO MEDICAL_RECORD VALUES('Medical record description 209.', '2015-09-03 12:30:00', 1446, 2);
INSERT INTO APPOINTMENT VALUES(1447, 230, 0, '2012-11-27 16:45:00', '2012-11-27 17:00:00', 81, 1, None);
INSERT INTO NOTIFICATION VALUES(None, '2012-11-27 16:30:00', 'Upcoming appointment', 'Do not forget that you have appointment 1447 in room 230.', 9);
INSERT INTO NOTIFICATION VALUES(None, '2012-11-27 16:30:00', 'Upcoming appointment', 'Do not forget that you have appointment 1447 in room 230.', 81);
INSERT INTO INVOICE_BILL VALUES('2012-11-27 17:00:00', 200, 11, False);
INSERT INTO MEDICAL_RECORD VALUES('Medical record description 797.', '2012-11-27 17:00:00', 1447, 1);
INSERT INTO APPOINTMENT VALUES(1448, 261, 0, '2018-05-21 10:00:00', '2018-05-21 10:15:00', 81, 10, None);
INSERT INTO NOTIFICATION VALUES(None, '2018-05-21 09:45:00', 'Upcoming appointment', 'Do not forget that you have appointment 1448 in room 261.', 5);
INSERT INTO NOTIFICATION VALUES(None, '2018-05-21 09:45:00', 'Upcoming appointment', 'Do not forget that you have appointment 1448 in room 261.', 81);
INSERT INTO INVOICE_BILL VALUES('2018-05-21 10:15:00', 1000, 8, True);
INSERT INTO MEDICAL_RECORD VALUES('Medical record description 673.', '2018-05-21 10:15:00', 1448, 10);
INSERT INTO APPOINTMENT VALUES(1449, 254, 1, '2014-12-16 16:15:00', '2014-12-16 16:30:00', 81, 9, None);
INSERT INTO NOTIFICATION VALUES(None, '2014-12-16 16:00:00', 'Upcoming appointment', 'Do not forget that you have appointment 1449 in room 254.', 9);
INSERT INTO NOTIFICATION VALUES(None, '2014-12-16 16:00:00', 'Upcoming appointment', 'Do not forget that you have appointment 1449 in room 254.', 81);
INSERT INTO INVOICE_BILL VALUES('2014-12-16 16:30:00', 250, 5, False);
INSERT INTO MEDICAL_RECORD VALUES('Medical record description 279.', '2014-12-16 16:30:00', 1449, 9);
INSERT INTO APPOINTMENT VALUES(1450, 336, 1, '2018-11-26 17:15:00', '2018-11-26 17:30:00', 81, 2, None);
INSERT INTO NOTIFICATION VALUES(None, '2018-11-26 17:00:00', 'Upcoming appointment', 'Do not forget that you have appointment 1450 in room 336.', 2);
INSERT INTO NOTIFICATION VALUES(None, '2018-11-26 17:00:00', 'Upcoming appointment', 'Do not forget that you have appointment 1450 in room 336.', 81);
INSERT INTO INVOICE_BILL VALUES('2018-11-26 17:30:00', 550, 14, False);
INSERT INTO MEDICAL_RECORD VALUES('Medical record description 675.', '2018-11-26 17:30:00', 1450, 2);
INSERT INTO APPOINTMENT VALUES(1451, 391, 0, '2018-04-20 12:15:00', '2018-04-20 12:30:00', 81, 7, None);
INSERT INTO NOTIFICATION VALUES(None, '2018-04-20 12:00:00', 'Upcoming appointment', 'Do not forget that you have appointment 1451 in room 391.', 2);
INSERT INTO NOTIFICATION VALUES(None, '2018-04-20 12:00:00', 'Upcoming appointment', 'Do not forget that you have appointment 1451 in room 391.', 81);
INSERT INTO INVOICE_BILL VALUES('2018-04-20 12:30:00', 450, 6, True);
INSERT INTO MEDICAL_RECORD VALUES('Medical record description 912.', '2018-04-20 12:30:00', 1451, 7);
INSERT INTO APPOINTMENT VALUES(1452, 402, 0, '2016-12-30 15:45:00', '2016-12-30 16:00:00', 81, 4, None);
INSERT INTO NOTIFICATION VALUES(None, '2016-12-30 15:30:00', 'Upcoming appointment', 'Do not forget that you have appointment 1452 in room 402.', 2);
INSERT INTO NOTIFICATION VALUES(None, '2016-12-30 15:30:00', 'Upcoming appointment', 'Do not forget that you have appointment 1452 in room 402.', 81);
INSERT INTO INVOICE_BILL VALUES('2016-12-30 16:00:00', 550, 5, False);
INSERT INTO MEDICAL_RECORD VALUES('Medical record description 877.', '2016-12-30 16:00:00', 1452, 4);
INSERT INTO APPOINTMENT VALUES(1453, 231, 0, '2016-06-28 12:45:00', '2016-06-28 13:00:00', 81, 2, None);
INSERT INTO NOTIFICATION VALUES(None, '2016-06-28 12:30:00', 'Upcoming appointment', 'Do not forget that you have appointment 1453 in room 231.', 5);
INSERT INTO NOTIFICATION VALUES(None, '2016-06-28 12:30:00', 'Upcoming appointment', 'Do not forget that you have appointment 1453 in room 231.', 81);
INSERT INTO INVOICE_BILL VALUES('2016-06-28 13:00:00', 650, 9, False);
INSERT INTO MEDICAL_RECORD VALUES('Medical record description 471.', '2016-06-28 13:00:00', 1453, 2);
INSERT INTO APPOINTMENT VALUES(1454, 301, 1, '2016-07-13 12:15:00', '2016-07-13 12:30:00', 81, 3, None);
INSERT INTO NOTIFICATION VALUES(None, '2016-07-13 12:00:00', 'Upcoming appointment', 'Do not forget that you have appointment 1454 in room 301.', 10);
INSERT INTO NOTIFICATION VALUES(None, '2016-07-13 12:00:00', 'Upcoming appointment', 'Do not forget that you have appointment 1454 in room 301.', 81);
INSERT INTO INVOICE_BILL VALUES('2016-07-13 12:30:00', 50, 6, False);
INSERT INTO MEDICAL_RECORD VALUES('Medical record description 574.', '2016-07-13 12:30:00', 1454, 3);
INSERT INTO APPOINTMENT VALUES(1455, 132, 0, '2019-09-13 12:15:00', '2019-09-13 12:30:00', 81, 5, None);
INSERT INTO NOTIFICATION VALUES(None, '2019-09-13 12:00:00', 'Upcoming appointment', 'Do not forget that you have appointment 1455 in room 132.', 5);
INSERT INTO NOTIFICATION VALUES(None, '2019-09-13 12:00:00', 'Upcoming appointment', 'Do not forget that you have appointment 1455 in room 132.', 81);
INSERT INTO INVOICE_BILL VALUES('2019-09-13 12:30:00', 550, 13, True);
INSERT INTO MEDICAL_RECORD VALUES('Medical record description 171.', '2019-09-13 12:30:00', 1455, 5);
INSERT INTO APPOINTMENT VALUES(1456, 191, 0, '2016-05-16 10:15:00', '2016-05-16 10:30:00', 81, 1, None);
INSERT INTO NOTIFICATION VALUES(None, '2016-05-16 10:00:00', 'Upcoming appointment', 'Do not forget that you have appointment 1456 in room 191.', 6);
INSERT INTO NOTIFICATION VALUES(None, '2016-05-16 10:00:00', 'Upcoming appointment', 'Do not forget that you have appointment 1456 in room 191.', 81);
INSERT INTO INVOICE_BILL VALUES('2016-05-16 10:30:00', 800, 12, True);
INSERT INTO MEDICAL_RECORD VALUES('Medical record description 464.', '2016-05-16 10:30:00', 1456, 1);
INSERT INTO APPOINTMENT VALUES(1457, 350, 0, '2019-07-24 13:30:00', '2019-07-24 13:45:00', 81, 8, None);
INSERT INTO NOTIFICATION VALUES(None, '2019-07-24 13:15:00', 'Upcoming appointment', 'Do not forget that you have appointment 1457 in room 350.', 9);
INSERT INTO NOTIFICATION VALUES(None, '2019-07-24 13:15:00', 'Upcoming appointment', 'Do not forget that you have appointment 1457 in room 350.', 81);
INSERT INTO INVOICE_BILL VALUES('2019-07-24 13:45:00', 1000, 1, False);
INSERT INTO MEDICAL_RECORD VALUES('Medical record description 382.', '2019-07-24 13:45:00', 1457, 8);
INSERT INTO APPOINTMENT VALUES(1458, 146, 0, '2012-08-17 13:30:00', '2012-08-17 13:45:00', 81, 1, None);
INSERT INTO NOTIFICATION VALUES(None, '2012-08-17 13:15:00', 'Upcoming appointment', 'Do not forget that you have appointment 1458 in room 146.', 6);
INSERT INTO NOTIFICATION VALUES(None, '2012-08-17 13:15:00', 'Upcoming appointment', 'Do not forget that you have appointment 1458 in room 146.', 81);
INSERT INTO INVOICE_BILL VALUES('2012-08-17 13:45:00', 500, 10, True);
INSERT INTO MEDICAL_RECORD VALUES('Medical record description 334.', '2012-08-17 13:45:00', 1458, 1);
INSERT INTO APPOINTMENT VALUES(1459, 330, 0, '2013-12-04 16:30:00', '2013-12-04 16:45:00', 81, 3, None);
INSERT INTO NOTIFICATION VALUES(None, '2013-12-04 16:15:00', 'Upcoming appointment', 'Do not forget that you have appointment 1459 in room 330.', 4);
INSERT INTO NOTIFICATION VALUES(None, '2013-12-04 16:15:00', 'Upcoming appointment', 'Do not forget that you have appointment 1459 in room 330.', 81);
INSERT INTO INVOICE_BILL VALUES('2013-12-04 16:45:00', 450, 8, False);
INSERT INTO MEDICAL_RECORD VALUES('Medical record description 288.', '2013-12-04 16:45:00', 1459, 3);
INSERT INTO APPOINTMENT VALUES(1460, 407, 0, '2019-06-21 13:45:00', '2019-06-21 14:00:00', 81, 4, None);
INSERT INTO NOTIFICATION VALUES(None, '2019-06-21 13:30:00', 'Upcoming appointment', 'Do not forget that you have appointment 1460 in room 407.', 1);
INSERT INTO NOTIFICATION VALUES(None, '2019-06-21 13:30:00', 'Upcoming appointment', 'Do not forget that you have appointment 1460 in room 407.', 81);
INSERT INTO INVOICE_BILL VALUES('2019-06-21 14:00:00', 200, 2, True);
INSERT INTO MEDICAL_RECORD VALUES('Medical record description 847.', '2019-06-21 14:00:00', 1460, 4);
INSERT INTO APPOINTMENT VALUES(1461, 323, 1, '2012-11-29 16:15:00', '2012-11-29 16:30:00', 81, 1, None);
INSERT INTO NOTIFICATION VALUES(None, '2012-11-29 16:00:00', 'Upcoming appointment', 'Do not forget that you have appointment 1461 in room 323.', 10);
INSERT INTO NOTIFICATION VALUES(None, '2012-11-29 16:00:00', 'Upcoming appointment', 'Do not forget that you have appointment 1461 in room 323.', 81);
INSERT INTO INVOICE_BILL VALUES('2012-11-29 16:30:00', 400, 12, False);
INSERT INTO MEDICAL_RECORD VALUES('Medical record description 282.', '2012-11-29 16:30:00', 1461, 1);
INSERT INTO APPOINTMENT VALUES(1462, 461, 0, '2018-11-19 16:15:00', '2018-11-19 16:30:00', 81, 4, None);
INSERT INTO NOTIFICATION VALUES(None, '2018-11-19 16:00:00', 'Upcoming appointment', 'Do not forget that you have appointment 1462 in room 461.', 8);
INSERT INTO NOTIFICATION VALUES(None, '2018-11-19 16:00:00', 'Upcoming appointment', 'Do not forget that you have appointment 1462 in room 461.', 81);
INSERT INTO INVOICE_BILL VALUES('2018-11-19 16:30:00', 800, 5, True);
INSERT INTO MEDICAL_RECORD VALUES('Medical record description 929.', '2018-11-19 16:30:00', 1462, 4);
INSERT INTO APPOINTMENT VALUES(1463, 284, 0, '2016-06-23 16:15:00', '2016-06-23 16:30:00', 81, 6, None);
INSERT INTO NOTIFICATION VALUES(None, '2016-06-23 16:00:00', 'Upcoming appointment', 'Do not forget that you have appointment 1463 in room 284.', 2);
INSERT INTO NOTIFICATION VALUES(None, '2016-06-23 16:00:00', 'Upcoming appointment', 'Do not forget that you have appointment 1463 in room 284.', 81);
INSERT INTO INVOICE_BILL VALUES('2016-06-23 16:30:00', 100, 5, False);
INSERT INTO MEDICAL_RECORD VALUES('Medical record description 802.', '2016-06-23 16:30:00', 1463, 6);
INSERT INTO APPOINTMENT VALUES(1464, 151, 0, '2019-05-29 15:15:00', '2019-05-29 15:30:00', 81, 7, None);
INSERT INTO NOTIFICATION VALUES(None, '2019-05-29 15:00:00', 'Upcoming appointment', 'Do not forget that you have appointment 1464 in room 151.', 6);
INSERT INTO NOTIFICATION VALUES(None, '2019-05-29 15:00:00', 'Upcoming appointment', 'Do not forget that you have appointment 1464 in room 151.', 81);
INSERT INTO INVOICE_BILL VALUES('2019-05-29 15:30:00', 550, 4, True);
INSERT INTO MEDICAL_RECORD VALUES('Medical record description 593.', '2019-05-29 15:30:00', 1464, 7);
INSERT INTO APPOINTMENT VALUES(1465, 317, 0, '2018-06-13 12:30:00', '2018-06-13 12:45:00', 82, 8, None);
INSERT INTO NOTIFICATION VALUES(None, '2018-06-13 12:15:00', 'Upcoming appointment', 'Do not forget that you have appointment 1465 in room 317.', 10);
INSERT INTO NOTIFICATION VALUES(None, '2018-06-13 12:15:00', 'Upcoming appointment', 'Do not forget that you have appointment 1465 in room 317.', 82);
INSERT INTO INVOICE_BILL VALUES('2018-06-13 12:45:00', 700, 5, True);
INSERT INTO MEDICAL_RECORD VALUES('Medical record description 723.', '2018-06-13 12:45:00', 1465, 8);
INSERT INTO APPOINTMENT VALUES(1466, 179, 0, '2019-03-14 10:00:00', '2019-03-14 10:15:00', 82, 2, None);
INSERT INTO NOTIFICATION VALUES(None, '2019-03-14 09:45:00', 'Upcoming appointment', 'Do not forget that you have appointment 1466 in room 179.', 9);
INSERT INTO NOTIFICATION VALUES(None, '2019-03-14 09:45:00', 'Upcoming appointment', 'Do not forget that you have appointment 1466 in room 179.', 82);
INSERT INTO INVOICE_BILL VALUES('2019-03-14 10:15:00', 650, 8, False);
INSERT INTO MEDICAL_RECORD VALUES('Medical record description 442.', '2019-03-14 10:15:00', 1466, 2);
INSERT INTO APPOINTMENT VALUES(1467, 278, 1, '2019-05-02 12:30:00', '2019-05-02 12:45:00', 82, 1, None);
INSERT INTO NOTIFICATION VALUES(None, '2019-05-02 12:15:00', 'Upcoming appointment', 'Do not forget that you have appointment 1467 in room 278.', 10);
INSERT INTO NOTIFICATION VALUES(None, '2019-05-02 12:15:00', 'Upcoming appointment', 'Do not forget that you have appointment 1467 in room 278.', 82);
INSERT INTO INVOICE_BILL VALUES('2019-05-02 12:45:00', 450, 4, True);
INSERT INTO MEDICAL_RECORD VALUES('Medical record description 631.', '2019-05-02 12:45:00', 1467, 1);
INSERT INTO APPOINTMENT VALUES(1468, 214, 1, '2018-06-21 14:30:00', '2018-06-21 14:45:00', 82, 6, None);
INSERT INTO NOTIFICATION VALUES(None, '2018-06-21 14:15:00', 'Upcoming appointment', 'Do not forget that you have appointment 1468 in room 214.', 1);
INSERT INTO NOTIFICATION VALUES(None, '2018-06-21 14:15:00', 'Upcoming appointment', 'Do not forget that you have appointment 1468 in room 214.', 82);
INSERT INTO INVOICE_BILL VALUES('2018-06-21 14:45:00', 700, 7, False);
INSERT INTO MEDICAL_RECORD VALUES('Medical record description 930.', '2018-06-21 14:45:00', 1468, 6);
INSERT INTO APPOINTMENT VALUES(1469, 454, 1, '2010-05-26 12:45:00', '2010-05-26 13:00:00', 82, 3, None);
INSERT INTO NOTIFICATION VALUES(None, '2010-05-26 12:30:00', 'Upcoming appointment', 'Do not forget that you have appointment 1469 in room 454.', 1);
INSERT INTO NOTIFICATION VALUES(None, '2010-05-26 12:30:00', 'Upcoming appointment', 'Do not forget that you have appointment 1469 in room 454.', 82);
INSERT INTO INVOICE_BILL VALUES('2010-05-26 13:00:00', 350, 15, True);
INSERT INTO MEDICAL_RECORD VALUES('Medical record description 529.', '2010-05-26 13:00:00', 1469, 3);
INSERT INTO APPOINTMENT VALUES(1470, 163, 0, '2015-04-28 15:15:00', '2015-04-28 15:30:00', 82, 9, None);
INSERT INTO NOTIFICATION VALUES(None, '2015-04-28 15:00:00', 'Upcoming appointment', 'Do not forget that you have appointment 1470 in room 163.', 9);
INSERT INTO NOTIFICATION VALUES(None, '2015-04-28 15:00:00', 'Upcoming appointment', 'Do not forget that you have appointment 1470 in room 163.', 82);
INSERT INTO INVOICE_BILL VALUES('2015-04-28 15:30:00', 100, 7, True);
INSERT INTO MEDICAL_RECORD VALUES('Medical record description 872.', '2015-04-28 15:30:00', 1470, 9);
INSERT INTO APPOINTMENT VALUES(1471, 327, 0, '2017-02-28 10:00:00', '2017-02-28 10:15:00', 82, 3, None);
INSERT INTO NOTIFICATION VALUES(None, '2017-02-28 09:45:00', 'Upcoming appointment', 'Do not forget that you have appointment 1471 in room 327.', 9);
INSERT INTO NOTIFICATION VALUES(None, '2017-02-28 09:45:00', 'Upcoming appointment', 'Do not forget that you have appointment 1471 in room 327.', 82);
INSERT INTO INVOICE_BILL VALUES('2017-02-28 10:15:00', 700, 6, False);
INSERT INTO MEDICAL_RECORD VALUES('Medical record description 546.', '2017-02-28 10:15:00', 1471, 3);
INSERT INTO APPOINTMENT VALUES(1472, 441, 0, '2017-10-20 12:30:00', '2017-10-20 12:45:00', 82, 1, None);
INSERT INTO NOTIFICATION VALUES(None, '2017-10-20 12:15:00', 'Upcoming appointment', 'Do not forget that you have appointment 1472 in room 441.', 1);
INSERT INTO NOTIFICATION VALUES(None, '2017-10-20 12:15:00', 'Upcoming appointment', 'Do not forget that you have appointment 1472 in room 441.', 82);
INSERT INTO INVOICE_BILL VALUES('2017-10-20 12:45:00', 500, 1, False);
INSERT INTO MEDICAL_RECORD VALUES('Medical record description 705.', '2017-10-20 12:45:00', 1472, 1);
INSERT INTO APPOINTMENT VALUES(1473, 312, 1, '2013-04-24 13:45:00', '2013-04-24 14:00:00', 82, 1, None);
INSERT INTO NOTIFICATION VALUES(None, '2013-04-24 13:30:00', 'Upcoming appointment', 'Do not forget that you have appointment 1473 in room 312.', 6);
INSERT INTO NOTIFICATION VALUES(None, '2013-04-24 13:30:00', 'Upcoming appointment', 'Do not forget that you have appointment 1473 in room 312.', 82);
INSERT INTO INVOICE_BILL VALUES('2013-04-24 14:00:00', 300, 1, False);
INSERT INTO MEDICAL_RECORD VALUES('Medical record description 810.', '2013-04-24 14:00:00', 1473, 1);
INSERT INTO APPOINTMENT VALUES(1474, 309, 0, '2017-02-24 13:00:00', '2017-02-24 13:15:00', 82, 3, None);
INSERT INTO NOTIFICATION VALUES(None, '2017-02-24 12:45:00', 'Upcoming appointment', 'Do not forget that you have appointment 1474 in room 309.', 1);
INSERT INTO NOTIFICATION VALUES(None, '2017-02-24 12:45:00', 'Upcoming appointment', 'Do not forget that you have appointment 1474 in room 309.', 82);
INSERT INTO INVOICE_BILL VALUES('2017-02-24 13:15:00', 650, 14, False);
INSERT INTO MEDICAL_RECORD VALUES('Medical record description 101.', '2017-02-24 13:15:00', 1474, 3);
INSERT INTO APPOINTMENT VALUES(1475, 129, 0, '2018-11-21 15:15:00', '2018-11-21 15:30:00', 82, 2, None);
INSERT INTO NOTIFICATION VALUES(None, '2018-11-21 15:00:00', 'Upcoming appointment', 'Do not forget that you have appointment 1475 in room 129.', 4);
INSERT INTO NOTIFICATION VALUES(None, '2018-11-21 15:00:00', 'Upcoming appointment', 'Do not forget that you have appointment 1475 in room 129.', 82);
INSERT INTO INVOICE_BILL VALUES('2018-11-21 15:30:00', 850, 10, False);
INSERT INTO MEDICAL_RECORD VALUES('Medical record description 691.', '2018-11-21 15:30:00', 1475, 2);
INSERT INTO APPOINTMENT VALUES(1476, 232, 1, '2017-03-27 10:45:00', '2017-03-27 11:00:00', 82, 3, None);
INSERT INTO NOTIFICATION VALUES(None, '2017-03-27 10:30:00', 'Upcoming appointment', 'Do not forget that you have appointment 1476 in room 232.', 8);
INSERT INTO NOTIFICATION VALUES(None, '2017-03-27 10:30:00', 'Upcoming appointment', 'Do not forget that you have appointment 1476 in room 232.', 82);
INSERT INTO INVOICE_BILL VALUES('2017-03-27 11:00:00', 300, 13, True);
INSERT INTO MEDICAL_RECORD VALUES('Medical record description 305.', '2017-03-27 11:00:00', 1476, 3);
INSERT INTO APPOINTMENT VALUES(1477, 206, 0, '2018-03-06 14:45:00', '2018-03-06 15:00:00', 82, 9, None);
INSERT INTO NOTIFICATION VALUES(None, '2018-03-06 14:30:00', 'Upcoming appointment', 'Do not forget that you have appointment 1477 in room 206.', 1);
INSERT INTO NOTIFICATION VALUES(None, '2018-03-06 14:30:00', 'Upcoming appointment', 'Do not forget that you have appointment 1477 in room 206.', 82);
INSERT INTO INVOICE_BILL VALUES('2018-03-06 15:00:00', 500, 9, False);
INSERT INTO MEDICAL_RECORD VALUES('Medical record description 267.', '2018-03-06 15:00:00', 1477, 9);
INSERT INTO APPOINTMENT VALUES(1478, 329, 0, '2017-08-30 10:00:00', '2017-08-30 10:15:00', 82, 9, None);
INSERT INTO NOTIFICATION VALUES(None, '2017-08-30 09:45:00', 'Upcoming appointment', 'Do not forget that you have appointment 1478 in room 329.', 1);
INSERT INTO NOTIFICATION VALUES(None, '2017-08-30 09:45:00', 'Upcoming appointment', 'Do not forget that you have appointment 1478 in room 329.', 82);
INSERT INTO INVOICE_BILL VALUES('2017-08-30 10:15:00', 650, 13, False);
INSERT INTO MEDICAL_RECORD VALUES('Medical record description 704.', '2017-08-30 10:15:00', 1478, 9);
INSERT INTO APPOINTMENT VALUES(1479, 439, 0, '2019-09-24 17:30:00', '2019-09-24 17:45:00', 82, 1, None);
INSERT INTO NOTIFICATION VALUES(None, '2019-09-24 17:15:00', 'Upcoming appointment', 'Do not forget that you have appointment 1479 in room 439.', 1);
INSERT INTO NOTIFICATION VALUES(None, '2019-09-24 17:15:00', 'Upcoming appointment', 'Do not forget that you have appointment 1479 in room 439.', 82);
INSERT INTO INVOICE_BILL VALUES('2019-09-24 17:45:00', 550, 1, False);
INSERT INTO MEDICAL_RECORD VALUES('Medical record description 729.', '2019-09-24 17:45:00', 1479, 1);
INSERT INTO APPOINTMENT VALUES(1480, 318, 1, '2016-01-15 16:30:00', '2016-01-15 16:45:00', 82, 6, None);
INSERT INTO NOTIFICATION VALUES(None, '2016-01-15 16:15:00', 'Upcoming appointment', 'Do not forget that you have appointment 1480 in room 318.', 6);
INSERT INTO NOTIFICATION VALUES(None, '2016-01-15 16:15:00', 'Upcoming appointment', 'Do not forget that you have appointment 1480 in room 318.', 82);
INSERT INTO INVOICE_BILL VALUES('2016-01-15 16:45:00', 900, 15, False);
INSERT INTO MEDICAL_RECORD VALUES('Medical record description 754.', '2016-01-15 16:45:00', 1480, 6);
INSERT INTO APPOINTMENT VALUES(1481, 484, 1, '2017-07-05 15:00:00', '2017-07-05 15:15:00', 82, 1, None);
INSERT INTO NOTIFICATION VALUES(None, '2017-07-05 14:45:00', 'Upcoming appointment', 'Do not forget that you have appointment 1481 in room 484.', 7);
INSERT INTO NOTIFICATION VALUES(None, '2017-07-05 14:45:00', 'Upcoming appointment', 'Do not forget that you have appointment 1481 in room 484.', 82);
INSERT INTO INVOICE_BILL VALUES('2017-07-05 15:15:00', 900, 7, True);
INSERT INTO MEDICAL_RECORD VALUES('Medical record description 607.', '2017-07-05 15:15:00', 1481, 1);
INSERT INTO APPOINTMENT VALUES(1482, 276, 0, '2017-05-25 12:15:00', '2017-05-25 12:30:00', 82, 3, None);
INSERT INTO NOTIFICATION VALUES(None, '2017-05-25 12:00:00', 'Upcoming appointment', 'Do not forget that you have appointment 1482 in room 276.', 1);
INSERT INTO NOTIFICATION VALUES(None, '2017-05-25 12:00:00', 'Upcoming appointment', 'Do not forget that you have appointment 1482 in room 276.', 82);
INSERT INTO INVOICE_BILL VALUES('2017-05-25 12:30:00', 650, 14, False);
INSERT INTO MEDICAL_RECORD VALUES('Medical record description 647.', '2017-05-25 12:30:00', 1482, 3);
INSERT INTO APPOINTMENT VALUES(1483, 258, 0, '2017-02-27 13:45:00', '2017-02-27 14:00:00', 82, 4, None);
INSERT INTO NOTIFICATION VALUES(None, '2017-02-27 13:30:00', 'Upcoming appointment', 'Do not forget that you have appointment 1483 in room 258.', 4);
INSERT INTO NOTIFICATION VALUES(None, '2017-02-27 13:30:00', 'Upcoming appointment', 'Do not forget that you have appointment 1483 in room 258.', 82);
INSERT INTO INVOICE_BILL VALUES('2017-02-27 14:00:00', 750, 6, False);
INSERT INTO MEDICAL_RECORD VALUES('Medical record description 167.', '2017-02-27 14:00:00', 1483, 4);
INSERT INTO APPOINTMENT VALUES(1484, 149, 0, '2018-11-27 17:00:00', '2018-11-27 17:15:00', 82, 2, None);
INSERT INTO NOTIFICATION VALUES(None, '2018-11-27 16:45:00', 'Upcoming appointment', 'Do not forget that you have appointment 1484 in room 149.', 2);
INSERT INTO NOTIFICATION VALUES(None, '2018-11-27 16:45:00', 'Upcoming appointment', 'Do not forget that you have appointment 1484 in room 149.', 82);
INSERT INTO INVOICE_BILL VALUES('2018-11-27 17:15:00', 800, 8, True);
INSERT INTO MEDICAL_RECORD VALUES('Medical record description 131.', '2018-11-27 17:15:00', 1484, 2);
INSERT INTO APPOINTMENT VALUES(1485, 243, 0, '2019-05-17 11:15:00', '2019-05-17 11:30:00', 82, 2, None);
INSERT INTO NOTIFICATION VALUES(None, '2019-05-17 11:00:00', 'Upcoming appointment', 'Do not forget that you have appointment 1485 in room 243.', 8);
INSERT INTO NOTIFICATION VALUES(None, '2019-05-17 11:00:00', 'Upcoming appointment', 'Do not forget that you have appointment 1485 in room 243.', 82);
INSERT INTO INVOICE_BILL VALUES('2019-05-17 11:30:00', 450, 9, False);
INSERT INTO MEDICAL_RECORD VALUES('Medical record description 227.', '2019-05-17 11:30:00', 1485, 2);
INSERT INTO APPOINTMENT VALUES(1486, 120, 0, '2017-01-20 17:00:00', '2017-01-20 17:15:00', 82, 1, None);
INSERT INTO NOTIFICATION VALUES(None, '2017-01-20 16:45:00', 'Upcoming appointment', 'Do not forget that you have appointment 1486 in room 120.', 4);
INSERT INTO NOTIFICATION VALUES(None, '2017-01-20 16:45:00', 'Upcoming appointment', 'Do not forget that you have appointment 1486 in room 120.', 82);
INSERT INTO INVOICE_BILL VALUES('2017-01-20 17:15:00', 950, 12, False);
INSERT INTO MEDICAL_RECORD VALUES('Medical record description 65.', '2017-01-20 17:15:00', 1486, 1);
INSERT INTO APPOINTMENT VALUES(1487, 426, 1, '2016-05-31 11:15:00', '2016-05-31 11:30:00', 82, 1, None);
INSERT INTO NOTIFICATION VALUES(None, '2016-05-31 11:00:00', 'Upcoming appointment', 'Do not forget that you have appointment 1487 in room 426.', 1);
INSERT INTO NOTIFICATION VALUES(None, '2016-05-31 11:00:00', 'Upcoming appointment', 'Do not forget that you have appointment 1487 in room 426.', 82);
INSERT INTO INVOICE_BILL VALUES('2016-05-31 11:30:00', 300, 4, True);
INSERT INTO MEDICAL_RECORD VALUES('Medical record description 871.', '2016-05-31 11:30:00', 1487, 1);
INSERT INTO APPOINTMENT VALUES(1488, 320, 0, '2018-12-12 14:30:00', '2018-12-12 14:45:00', 82, 2, None);
INSERT INTO NOTIFICATION VALUES(None, '2018-12-12 14:15:00', 'Upcoming appointment', 'Do not forget that you have appointment 1488 in room 320.', 8);
INSERT INTO NOTIFICATION VALUES(None, '2018-12-12 14:15:00', 'Upcoming appointment', 'Do not forget that you have appointment 1488 in room 320.', 82);
INSERT INTO INVOICE_BILL VALUES('2018-12-12 14:45:00', 250, 12, True);
INSERT INTO MEDICAL_RECORD VALUES('Medical record description 671.', '2018-12-12 14:45:00', 1488, 2);
INSERT INTO APPOINTMENT VALUES(1489, 272, 1, '2016-12-29 17:30:00', '2016-12-29 17:45:00', 82, 4, None);
INSERT INTO NOTIFICATION VALUES(None, '2016-12-29 17:15:00', 'Upcoming appointment', 'Do not forget that you have appointment 1489 in room 272.', 10);
INSERT INTO NOTIFICATION VALUES(None, '2016-12-29 17:15:00', 'Upcoming appointment', 'Do not forget that you have appointment 1489 in room 272.', 82);
INSERT INTO INVOICE_BILL VALUES('2016-12-29 17:45:00', 650, 14, True);
INSERT INTO MEDICAL_RECORD VALUES('Medical record description 287.', '2016-12-29 17:45:00', 1489, 4);
INSERT INTO APPOINTMENT VALUES(1490, 357, 0, '2019-05-03 14:15:00', '2019-05-03 14:30:00', 82, 9, None);
INSERT INTO NOTIFICATION VALUES(None, '2019-05-03 14:00:00', 'Upcoming appointment', 'Do not forget that you have appointment 1490 in room 357.', 7);
INSERT INTO NOTIFICATION VALUES(None, '2019-05-03 14:00:00', 'Upcoming appointment', 'Do not forget that you have appointment 1490 in room 357.', 82);
INSERT INTO INVOICE_BILL VALUES('2019-05-03 14:30:00', 650, 9, True);
INSERT INTO MEDICAL_RECORD VALUES('Medical record description 178.', '2019-05-03 14:30:00', 1490, 9);
INSERT INTO APPOINTMENT VALUES(1491, 138, 0, '2019-08-29 11:30:00', '2019-08-29 11:45:00', 83, 7, None);
INSERT INTO NOTIFICATION VALUES(None, '2019-08-29 11:15:00', 'Upcoming appointment', 'Do not forget that you have appointment 1491 in room 138.', 8);
INSERT INTO NOTIFICATION VALUES(None, '2019-08-29 11:15:00', 'Upcoming appointment', 'Do not forget that you have appointment 1491 in room 138.', 83);
INSERT INTO INVOICE_BILL VALUES('2019-08-29 11:45:00', 450, 9, True);
INSERT INTO MEDICAL_RECORD VALUES('Medical record description 28.', '2019-08-29 11:45:00', 1491, 7);
INSERT INTO APPOINTMENT VALUES(1492, 498, 0, '2012-12-31 17:15:00', '2012-12-31 17:30:00', 83, 3, None);
INSERT INTO NOTIFICATION VALUES(None, '2012-12-31 17:00:00', 'Upcoming appointment', 'Do not forget that you have appointment 1492 in room 498.', 2);
INSERT INTO NOTIFICATION VALUES(None, '2012-12-31 17:00:00', 'Upcoming appointment', 'Do not forget that you have appointment 1492 in room 498.', 83);
INSERT INTO INVOICE_BILL VALUES('2012-12-31 17:30:00', 950, 5, True);
INSERT INTO MEDICAL_RECORD VALUES('Medical record description 812.', '2012-12-31 17:30:00', 1492, 3);
INSERT INTO APPOINTMENT VALUES(1493, 460, 1, '2019-02-18 13:45:00', '2019-02-18 14:00:00', 83, 10, None);
INSERT INTO NOTIFICATION VALUES(None, '2019-02-18 13:30:00', 'Upcoming appointment', 'Do not forget that you have appointment 1493 in room 460.', 8);
INSERT INTO NOTIFICATION VALUES(None, '2019-02-18 13:30:00', 'Upcoming appointment', 'Do not forget that you have appointment 1493 in room 460.', 83);
INSERT INTO INVOICE_BILL VALUES('2019-02-18 14:00:00', 750, 8, True);
INSERT INTO MEDICAL_RECORD VALUES('Medical record description 285.', '2019-02-18 14:00:00', 1493, 10);
INSERT INTO APPOINTMENT VALUES(1494, 176, 1, '2018-01-08 12:15:00', '2018-01-08 12:30:00', 83, 5, None);
INSERT INTO NOTIFICATION VALUES(None, '2018-01-08 12:00:00', 'Upcoming appointment', 'Do not forget that you have appointment 1494 in room 176.', 4);
INSERT INTO NOTIFICATION VALUES(None, '2018-01-08 12:00:00', 'Upcoming appointment', 'Do not forget that you have appointment 1494 in room 176.', 83);
INSERT INTO INVOICE_BILL VALUES('2018-01-08 12:30:00', 700, 2, False);
INSERT INTO MEDICAL_RECORD VALUES('Medical record description 38.', '2018-01-08 12:30:00', 1494, 5);
INSERT INTO APPOINTMENT VALUES(1495, 155, 0, '2019-11-18 13:45:00', '2019-11-18 14:00:00', 83, 1, None);
INSERT INTO NOTIFICATION VALUES(None, '2019-11-18 13:30:00', 'Upcoming appointment', 'Do not forget that you have appointment 1495 in room 155.', 3);
INSERT INTO NOTIFICATION VALUES(None, '2019-11-18 13:30:00', 'Upcoming appointment', 'Do not forget that you have appointment 1495 in room 155.', 83);
INSERT INTO INVOICE_BILL VALUES('2019-11-18 14:00:00', 750, 6, True);
INSERT INTO MEDICAL_RECORD VALUES('Medical record description 877.', '2019-11-18 14:00:00', 1495, 1);
INSERT INTO APPOINTMENT VALUES(1496, 113, 0, '2018-03-01 14:45:00', '2018-03-01 15:00:00', 83, 5, None);
INSERT INTO NOTIFICATION VALUES(None, '2018-03-01 14:30:00', 'Upcoming appointment', 'Do not forget that you have appointment 1496 in room 113.', 1);
INSERT INTO NOTIFICATION VALUES(None, '2018-03-01 14:30:00', 'Upcoming appointment', 'Do not forget that you have appointment 1496 in room 113.', 83);
INSERT INTO INVOICE_BILL VALUES('2018-03-01 15:00:00', 50, 10, True);
INSERT INTO MEDICAL_RECORD VALUES('Medical record description 151.', '2018-03-01 15:00:00', 1496, 5);
INSERT INTO APPOINTMENT VALUES(1497, 171, 1, '2017-09-29 12:15:00', '2017-09-29 12:30:00', 83, 1, None);
INSERT INTO NOTIFICATION VALUES(None, '2017-09-29 12:00:00', 'Upcoming appointment', 'Do not forget that you have appointment 1497 in room 171.', 2);
INSERT INTO NOTIFICATION VALUES(None, '2017-09-29 12:00:00', 'Upcoming appointment', 'Do not forget that you have appointment 1497 in room 171.', 83);
INSERT INTO INVOICE_BILL VALUES('2017-09-29 12:30:00', 750, 9, True);
INSERT INTO MEDICAL_RECORD VALUES('Medical record description 873.', '2017-09-29 12:30:00', 1497, 1);
INSERT INTO APPOINTMENT VALUES(1498, 309, 0, '2019-08-08 13:00:00', '2019-08-08 13:15:00', 83, 6, None);
INSERT INTO NOTIFICATION VALUES(None, '2019-08-08 12:45:00', 'Upcoming appointment', 'Do not forget that you have appointment 1498 in room 309.', 8);
INSERT INTO NOTIFICATION VALUES(None, '2019-08-08 12:45:00', 'Upcoming appointment', 'Do not forget that you have appointment 1498 in room 309.', 83);
INSERT INTO INVOICE_BILL VALUES('2019-08-08 13:15:00', 300, 10, False);
INSERT INTO MEDICAL_RECORD VALUES('Medical record description 160.', '2019-08-08 13:15:00', 1498, 6);
INSERT INTO APPOINTMENT VALUES(1499, 346, 1, '2017-04-27 12:00:00', '2017-04-27 12:15:00', 83, 4, None);
INSERT INTO NOTIFICATION VALUES(None, '2017-04-27 11:45:00', 'Upcoming appointment', 'Do not forget that you have appointment 1499 in room 346.', 7);
INSERT INTO NOTIFICATION VALUES(None, '2017-04-27 11:45:00', 'Upcoming appointment', 'Do not forget that you have appointment 1499 in room 346.', 83);
INSERT INTO INVOICE_BILL VALUES('2017-04-27 12:15:00', 50, 3, True);
INSERT INTO MEDICAL_RECORD VALUES('Medical record description 797.', '2017-04-27 12:15:00', 1499, 4);
INSERT INTO APPOINTMENT VALUES(1500, 231, 0, '2016-09-07 16:00:00', '2016-09-07 16:15:00', 83, 4, None);
INSERT INTO NOTIFICATION VALUES(None, '2016-09-07 15:45:00', 'Upcoming appointment', 'Do not forget that you have appointment 1500 in room 231.', 3);
INSERT INTO NOTIFICATION VALUES(None, '2016-09-07 15:45:00', 'Upcoming appointment', 'Do not forget that you have appointment 1500 in room 231.', 83);
INSERT INTO INVOICE_BILL VALUES('2016-09-07 16:15:00', 500, 3, True);
INSERT INTO MEDICAL_RECORD VALUES('Medical record description 7.', '2016-09-07 16:15:00', 1500, 4);
INSERT INTO APPOINTMENT VALUES(1501, 195, 0, '2016-09-13 17:15:00', '2016-09-13 17:30:00', 83, 6, None);
INSERT INTO NOTIFICATION VALUES(None, '2016-09-13 17:00:00', 'Upcoming appointment', 'Do not forget that you have appointment 1501 in room 195.', 8);
INSERT INTO NOTIFICATION VALUES(None, '2016-09-13 17:00:00', 'Upcoming appointment', 'Do not forget that you have appointment 1501 in room 195.', 83);
INSERT INTO INVOICE_BILL VALUES('2016-09-13 17:30:00', 450, 9, True);
INSERT INTO MEDICAL_RECORD VALUES('Medical record description 742.', '2016-09-13 17:30:00', 1501, 6);
INSERT INTO APPOINTMENT VALUES(1502, 208, 1, '2019-09-13 10:00:00', '2019-09-13 10:15:00', 83, 10, None);
INSERT INTO NOTIFICATION VALUES(None, '2019-09-13 09:45:00', 'Upcoming appointment', 'Do not forget that you have appointment 1502 in room 208.', 3);
INSERT INTO NOTIFICATION VALUES(None, '2019-09-13 09:45:00', 'Upcoming appointment', 'Do not forget that you have appointment 1502 in room 208.', 83);
INSERT INTO INVOICE_BILL VALUES('2019-09-13 10:15:00', 1000, 10, True);
INSERT INTO MEDICAL_RECORD VALUES('Medical record description 750.', '2019-09-13 10:15:00', 1502, 10);
INSERT INTO APPOINTMENT VALUES(1503, 171, 1, '2018-11-19 11:30:00', '2018-11-19 11:45:00', 83, 9, None);
INSERT INTO NOTIFICATION VALUES(None, '2018-11-19 11:15:00', 'Upcoming appointment', 'Do not forget that you have appointment 1503 in room 171.', 8);
INSERT INTO NOTIFICATION VALUES(None, '2018-11-19 11:15:00', 'Upcoming appointment', 'Do not forget that you have appointment 1503 in room 171.', 83);
INSERT INTO INVOICE_BILL VALUES('2018-11-19 11:45:00', 300, 5, False);
INSERT INTO MEDICAL_RECORD VALUES('Medical record description 841.', '2018-11-19 11:45:00', 1503, 9);
INSERT INTO APPOINTMENT VALUES(1504, 463, 0, '2019-07-30 11:45:00', '2019-07-30 12:00:00', 83, 2, None);
INSERT INTO NOTIFICATION VALUES(None, '2019-07-30 11:30:00', 'Upcoming appointment', 'Do not forget that you have appointment 1504 in room 463.', 8);
INSERT INTO NOTIFICATION VALUES(None, '2019-07-30 11:30:00', 'Upcoming appointment', 'Do not forget that you have appointment 1504 in room 463.', 83);
INSERT INTO INVOICE_BILL VALUES('2019-07-30 12:00:00', 500, 15, False);
INSERT INTO MEDICAL_RECORD VALUES('Medical record description 210.', '2019-07-30 12:00:00', 1504, 2);
INSERT INTO APPOINTMENT VALUES(1505, 156, 0, '2018-12-05 15:30:00', '2018-12-05 15:45:00', 83, 7, None);
INSERT INTO NOTIFICATION VALUES(None, '2018-12-05 15:15:00', 'Upcoming appointment', 'Do not forget that you have appointment 1505 in room 156.', 2);
INSERT INTO NOTIFICATION VALUES(None, '2018-12-05 15:15:00', 'Upcoming appointment', 'Do not forget that you have appointment 1505 in room 156.', 83);
INSERT INTO INVOICE_BILL VALUES('2018-12-05 15:45:00', 400, 3, True);
INSERT INTO MEDICAL_RECORD VALUES('Medical record description 480.', '2018-12-05 15:45:00', 1505, 7);
INSERT INTO APPOINTMENT VALUES(1506, 476, 1, '2018-03-22 13:45:00', '2018-03-22 14:00:00', 83, 6, None);
INSERT INTO NOTIFICATION VALUES(None, '2018-03-22 13:30:00', 'Upcoming appointment', 'Do not forget that you have appointment 1506 in room 476.', 7);
INSERT INTO NOTIFICATION VALUES(None, '2018-03-22 13:30:00', 'Upcoming appointment', 'Do not forget that you have appointment 1506 in room 476.', 83);
INSERT INTO INVOICE_BILL VALUES('2018-03-22 14:00:00', 500, 13, True);
INSERT INTO MEDICAL_RECORD VALUES('Medical record description 171.', '2018-03-22 14:00:00', 1506, 6);
INSERT INTO APPOINTMENT VALUES(1507, 489, 0, '2012-09-03 10:30:00', '2012-09-03 10:45:00', 83, 3, None);
INSERT INTO NOTIFICATION VALUES(None, '2012-09-03 10:15:00', 'Upcoming appointment', 'Do not forget that you have appointment 1507 in room 489.', 9);
INSERT INTO NOTIFICATION VALUES(None, '2012-09-03 10:15:00', 'Upcoming appointment', 'Do not forget that you have appointment 1507 in room 489.', 83);
INSERT INTO INVOICE_BILL VALUES('2012-09-03 10:45:00', 850, 14, True);
INSERT INTO MEDICAL_RECORD VALUES('Medical record description 725.', '2012-09-03 10:45:00', 1507, 3);
INSERT INTO APPOINTMENT VALUES(1508, 233, 0, '2019-09-26 16:45:00', '2019-09-26 17:00:00', 83, 9, None);
INSERT INTO NOTIFICATION VALUES(None, '2019-09-26 16:30:00', 'Upcoming appointment', 'Do not forget that you have appointment 1508 in room 233.', 1);
INSERT INTO NOTIFICATION VALUES(None, '2019-09-26 16:30:00', 'Upcoming appointment', 'Do not forget that you have appointment 1508 in room 233.', 83);
INSERT INTO INVOICE_BILL VALUES('2019-09-26 17:00:00', 250, 12, False);
INSERT INTO MEDICAL_RECORD VALUES('Medical record description 551.', '2019-09-26 17:00:00', 1508, 9);
INSERT INTO APPOINTMENT VALUES(1509, 271, 0, '2016-08-17 16:30:00', '2016-08-17 16:45:00', 83, 6, None);
INSERT INTO NOTIFICATION VALUES(None, '2016-08-17 16:15:00', 'Upcoming appointment', 'Do not forget that you have appointment 1509 in room 271.', 4);
INSERT INTO NOTIFICATION VALUES(None, '2016-08-17 16:15:00', 'Upcoming appointment', 'Do not forget that you have appointment 1509 in room 271.', 83);
INSERT INTO INVOICE_BILL VALUES('2016-08-17 16:45:00', 800, 6, False);
INSERT INTO MEDICAL_RECORD VALUES('Medical record description 98.', '2016-08-17 16:45:00', 1509, 6);
INSERT INTO APPOINTMENT VALUES(1510, 231, 0, '2017-06-20 11:00:00', '2017-06-20 11:15:00', 83, 1, None);
INSERT INTO NOTIFICATION VALUES(None, '2017-06-20 10:45:00', 'Upcoming appointment', 'Do not forget that you have appointment 1510 in room 231.', 9);
INSERT INTO NOTIFICATION VALUES(None, '2017-06-20 10:45:00', 'Upcoming appointment', 'Do not forget that you have appointment 1510 in room 231.', 83);
INSERT INTO INVOICE_BILL VALUES('2017-06-20 11:15:00', 100, 4, True);
INSERT INTO MEDICAL_RECORD VALUES('Medical record description 756.', '2017-06-20 11:15:00', 1510, 1);
INSERT INTO APPOINTMENT VALUES(1511, 387, 0, '2013-03-29 10:45:00', '2013-03-29 11:00:00', 83, 1, None);
INSERT INTO NOTIFICATION VALUES(None, '2013-03-29 10:30:00', 'Upcoming appointment', 'Do not forget that you have appointment 1511 in room 387.', 5);
INSERT INTO NOTIFICATION VALUES(None, '2013-03-29 10:30:00', 'Upcoming appointment', 'Do not forget that you have appointment 1511 in room 387.', 83);
INSERT INTO INVOICE_BILL VALUES('2013-03-29 11:00:00', 650, 12, False);
INSERT INTO MEDICAL_RECORD VALUES('Medical record description 56.', '2013-03-29 11:00:00', 1511, 1);
INSERT INTO APPOINTMENT VALUES(1512, 383, 1, '2014-01-24 16:30:00', '2014-01-24 16:45:00', 83, 3, None);
INSERT INTO NOTIFICATION VALUES(None, '2014-01-24 16:15:00', 'Upcoming appointment', 'Do not forget that you have appointment 1512 in room 383.', 1);
INSERT INTO NOTIFICATION VALUES(None, '2014-01-24 16:15:00', 'Upcoming appointment', 'Do not forget that you have appointment 1512 in room 383.', 83);
INSERT INTO INVOICE_BILL VALUES('2014-01-24 16:45:00', 50, 13, True);
INSERT INTO MEDICAL_RECORD VALUES('Medical record description 736.', '2014-01-24 16:45:00', 1512, 3);
INSERT INTO APPOINTMENT VALUES(1513, 410, 0, '2012-12-03 14:30:00', '2012-12-03 14:45:00', 83, 3, None);
INSERT INTO NOTIFICATION VALUES(None, '2012-12-03 14:15:00', 'Upcoming appointment', 'Do not forget that you have appointment 1513 in room 410.', 6);
INSERT INTO NOTIFICATION VALUES(None, '2012-12-03 14:15:00', 'Upcoming appointment', 'Do not forget that you have appointment 1513 in room 410.', 83);
INSERT INTO INVOICE_BILL VALUES('2012-12-03 14:45:00', 400, 3, False);
INSERT INTO MEDICAL_RECORD VALUES('Medical record description 990.', '2012-12-03 14:45:00', 1513, 3);
INSERT INTO APPOINTMENT VALUES(1514, 177, 0, '2016-08-03 15:00:00', '2016-08-03 15:15:00', 83, 6, None);
INSERT INTO NOTIFICATION VALUES(None, '2016-08-03 14:45:00', 'Upcoming appointment', 'Do not forget that you have appointment 1514 in room 177.', 10);
INSERT INTO NOTIFICATION VALUES(None, '2016-08-03 14:45:00', 'Upcoming appointment', 'Do not forget that you have appointment 1514 in room 177.', 83);
INSERT INTO INVOICE_BILL VALUES('2016-08-03 15:15:00', 500, 8, False);
INSERT INTO MEDICAL_RECORD VALUES('Medical record description 31.', '2016-08-03 15:15:00', 1514, 6);
INSERT INTO APPOINTMENT VALUES(1515, 436, 1, '2017-08-14 12:00:00', '2017-08-14 12:15:00', 83, 9, None);
INSERT INTO NOTIFICATION VALUES(None, '2017-08-14 11:45:00', 'Upcoming appointment', 'Do not forget that you have appointment 1515 in room 436.', 9);
INSERT INTO NOTIFICATION VALUES(None, '2017-08-14 11:45:00', 'Upcoming appointment', 'Do not forget that you have appointment 1515 in room 436.', 83);
INSERT INTO INVOICE_BILL VALUES('2017-08-14 12:15:00', 850, 5, True);
INSERT INTO MEDICAL_RECORD VALUES('Medical record description 64.', '2017-08-14 12:15:00', 1515, 9);
INSERT INTO APPOINTMENT VALUES(1516, 364, 1, '2015-07-16 12:30:00', '2015-07-16 12:45:00', 83, 1, None);
INSERT INTO NOTIFICATION VALUES(None, '2015-07-16 12:15:00', 'Upcoming appointment', 'Do not forget that you have appointment 1516 in room 364.', 5);
INSERT INTO NOTIFICATION VALUES(None, '2015-07-16 12:15:00', 'Upcoming appointment', 'Do not forget that you have appointment 1516 in room 364.', 83);
INSERT INTO INVOICE_BILL VALUES('2015-07-16 12:45:00', 600, 12, True);
INSERT INTO MEDICAL_RECORD VALUES('Medical record description 493.', '2015-07-16 12:45:00', 1516, 1);
INSERT INTO APPOINTMENT VALUES(1517, 109, 0, '2016-12-23 14:00:00', '2016-12-23 14:15:00', 84, 9, None);
INSERT INTO NOTIFICATION VALUES(None, '2016-12-23 13:45:00', 'Upcoming appointment', 'Do not forget that you have appointment 1517 in room 109.', 5);
INSERT INTO NOTIFICATION VALUES(None, '2016-12-23 13:45:00', 'Upcoming appointment', 'Do not forget that you have appointment 1517 in room 109.', 84);
INSERT INTO INVOICE_BILL VALUES('2016-12-23 14:15:00', 50, 15, True);
INSERT INTO MEDICAL_RECORD VALUES('Medical record description 929.', '2016-12-23 14:15:00', 1517, 9);
INSERT INTO APPOINTMENT VALUES(1518, 172, 1, '2017-08-09 17:00:00', '2017-08-09 17:15:00', 84, 2, None);
INSERT INTO NOTIFICATION VALUES(None, '2017-08-09 16:45:00', 'Upcoming appointment', 'Do not forget that you have appointment 1518 in room 172.', 2);
INSERT INTO NOTIFICATION VALUES(None, '2017-08-09 16:45:00', 'Upcoming appointment', 'Do not forget that you have appointment 1518 in room 172.', 84);
INSERT INTO INVOICE_BILL VALUES('2017-08-09 17:15:00', 600, 11, True);
INSERT INTO MEDICAL_RECORD VALUES('Medical record description 335.', '2017-08-09 17:15:00', 1518, 2);
INSERT INTO APPOINTMENT VALUES(1519, 301, 0, '2019-03-25 13:45:00', '2019-03-25 14:00:00', 84, 9, None);
INSERT INTO NOTIFICATION VALUES(None, '2019-03-25 13:30:00', 'Upcoming appointment', 'Do not forget that you have appointment 1519 in room 301.', 3);
INSERT INTO NOTIFICATION VALUES(None, '2019-03-25 13:30:00', 'Upcoming appointment', 'Do not forget that you have appointment 1519 in room 301.', 84);
INSERT INTO INVOICE_BILL VALUES('2019-03-25 14:00:00', 50, 7, True);
INSERT INTO MEDICAL_RECORD VALUES('Medical record description 596.', '2019-03-25 14:00:00', 1519, 9);
INSERT INTO APPOINTMENT VALUES(1520, 495, 1, '2011-01-17 12:30:00', '2011-01-17 12:45:00', 84, 3, None);
INSERT INTO NOTIFICATION VALUES(None, '2011-01-17 12:15:00', 'Upcoming appointment', 'Do not forget that you have appointment 1520 in room 495.', 1);
INSERT INTO NOTIFICATION VALUES(None, '2011-01-17 12:15:00', 'Upcoming appointment', 'Do not forget that you have appointment 1520 in room 495.', 84);
INSERT INTO INVOICE_BILL VALUES('2011-01-17 12:45:00', 850, 3, True);
INSERT INTO MEDICAL_RECORD VALUES('Medical record description 367.', '2011-01-17 12:45:00', 1520, 3);
INSERT INTO APPOINTMENT VALUES(1521, 190, 0, '2015-04-27 15:15:00', '2015-04-27 15:30:00', 84, 3, None);
INSERT INTO NOTIFICATION VALUES(None, '2015-04-27 15:00:00', 'Upcoming appointment', 'Do not forget that you have appointment 1521 in room 190.', 7);
INSERT INTO NOTIFICATION VALUES(None, '2015-04-27 15:00:00', 'Upcoming appointment', 'Do not forget that you have appointment 1521 in room 190.', 84);
INSERT INTO INVOICE_BILL VALUES('2015-04-27 15:30:00', 650, 7, False);
INSERT INTO MEDICAL_RECORD VALUES('Medical record description 145.', '2015-04-27 15:30:00', 1521, 3);
INSERT INTO APPOINTMENT VALUES(1522, 308, 0, '2019-02-04 10:15:00', '2019-02-04 10:30:00', 84, 1, None);
INSERT INTO NOTIFICATION VALUES(None, '2019-02-04 10:00:00', 'Upcoming appointment', 'Do not forget that you have appointment 1522 in room 308.', 9);
INSERT INTO NOTIFICATION VALUES(None, '2019-02-04 10:00:00', 'Upcoming appointment', 'Do not forget that you have appointment 1522 in room 308.', 84);
INSERT INTO INVOICE_BILL VALUES('2019-02-04 10:30:00', 300, 3, True);
INSERT INTO MEDICAL_RECORD VALUES('Medical record description 419.', '2019-02-04 10:30:00', 1522, 1);
INSERT INTO APPOINTMENT VALUES(1523, 350, 1, '2013-04-19 17:45:00', '2013-04-19 18:00:00', 84, 1, None);
INSERT INTO NOTIFICATION VALUES(None, '2013-04-19 17:30:00', 'Upcoming appointment', 'Do not forget that you have appointment 1523 in room 350.', 1);
INSERT INTO NOTIFICATION VALUES(None, '2013-04-19 17:30:00', 'Upcoming appointment', 'Do not forget that you have appointment 1523 in room 350.', 84);
INSERT INTO INVOICE_BILL VALUES('2013-04-19 18:00:00', 400, 6, True);
INSERT INTO MEDICAL_RECORD VALUES('Medical record description 45.', '2013-04-19 18:00:00', 1523, 1);
INSERT INTO APPOINTMENT VALUES(1524, 112, 0, '2018-12-10 15:00:00', '2018-12-10 15:15:00', 84, 5, None);
INSERT INTO NOTIFICATION VALUES(None, '2018-12-10 14:45:00', 'Upcoming appointment', 'Do not forget that you have appointment 1524 in room 112.', 10);
INSERT INTO NOTIFICATION VALUES(None, '2018-12-10 14:45:00', 'Upcoming appointment', 'Do not forget that you have appointment 1524 in room 112.', 84);
INSERT INTO INVOICE_BILL VALUES('2018-12-10 15:15:00', 200, 3, True);
INSERT INTO MEDICAL_RECORD VALUES('Medical record description 842.', '2018-12-10 15:15:00', 1524, 5);
INSERT INTO APPOINTMENT VALUES(1525, 145, 1, '2019-04-09 11:15:00', '2019-04-09 11:30:00', 84, 9, None);
INSERT INTO NOTIFICATION VALUES(None, '2019-04-09 11:00:00', 'Upcoming appointment', 'Do not forget that you have appointment 1525 in room 145.', 7);
INSERT INTO NOTIFICATION VALUES(None, '2019-04-09 11:00:00', 'Upcoming appointment', 'Do not forget that you have appointment 1525 in room 145.', 84);
INSERT INTO INVOICE_BILL VALUES('2019-04-09 11:30:00', 600, 2, False);
INSERT INTO MEDICAL_RECORD VALUES('Medical record description 425.', '2019-04-09 11:30:00', 1525, 9);
INSERT INTO APPOINTMENT VALUES(1526, 297, 1, '2015-04-30 16:15:00', '2015-04-30 16:30:00', 84, 2, None);
INSERT INTO NOTIFICATION VALUES(None, '2015-04-30 16:00:00', 'Upcoming appointment', 'Do not forget that you have appointment 1526 in room 297.', 10);
INSERT INTO NOTIFICATION VALUES(None, '2015-04-30 16:00:00', 'Upcoming appointment', 'Do not forget that you have appointment 1526 in room 297.', 84);
INSERT INTO INVOICE_BILL VALUES('2015-04-30 16:30:00', 100, 2, False);
INSERT INTO MEDICAL_RECORD VALUES('Medical record description 783.', '2015-04-30 16:30:00', 1526, 2);
INSERT INTO APPOINTMENT VALUES(1527, 125, 1, '2018-01-11 12:30:00', '2018-01-11 12:45:00', 84, 9, None);
INSERT INTO NOTIFICATION VALUES(None, '2018-01-11 12:15:00', 'Upcoming appointment', 'Do not forget that you have appointment 1527 in room 125.', 10);
INSERT INTO NOTIFICATION VALUES(None, '2018-01-11 12:15:00', 'Upcoming appointment', 'Do not forget that you have appointment 1527 in room 125.', 84);
INSERT INTO INVOICE_BILL VALUES('2018-01-11 12:45:00', 650, 13, False);
INSERT INTO MEDICAL_RECORD VALUES('Medical record description 12.', '2018-01-11 12:45:00', 1527, 9);
INSERT INTO APPOINTMENT VALUES(1528, 460, 0, '2012-12-31 14:00:00', '2012-12-31 14:15:00', 84, 3, None);
INSERT INTO NOTIFICATION VALUES(None, '2012-12-31 13:45:00', 'Upcoming appointment', 'Do not forget that you have appointment 1528 in room 460.', 6);
INSERT INTO NOTIFICATION VALUES(None, '2012-12-31 13:45:00', 'Upcoming appointment', 'Do not forget that you have appointment 1528 in room 460.', 84);
INSERT INTO INVOICE_BILL VALUES('2012-12-31 14:15:00', 950, 12, True);
INSERT INTO MEDICAL_RECORD VALUES('Medical record description 947.', '2012-12-31 14:15:00', 1528, 3);
INSERT INTO APPOINTMENT VALUES(1529, 233, 1, '2016-08-12 13:15:00', '2016-08-12 13:30:00', 84, 4, None);
INSERT INTO NOTIFICATION VALUES(None, '2016-08-12 13:00:00', 'Upcoming appointment', 'Do not forget that you have appointment 1529 in room 233.', 2);
INSERT INTO NOTIFICATION VALUES(None, '2016-08-12 13:00:00', 'Upcoming appointment', 'Do not forget that you have appointment 1529 in room 233.', 84);
INSERT INTO INVOICE_BILL VALUES('2016-08-12 13:30:00', 1000, 5, True);
INSERT INTO MEDICAL_RECORD VALUES('Medical record description 482.', '2016-08-12 13:30:00', 1529, 4);
INSERT INTO APPOINTMENT VALUES(1530, 174, 1, '2018-08-08 13:15:00', '2018-08-08 13:30:00', 84, 1, None);
INSERT INTO NOTIFICATION VALUES(None, '2018-08-08 13:00:00', 'Upcoming appointment', 'Do not forget that you have appointment 1530 in room 174.', 4);
INSERT INTO NOTIFICATION VALUES(None, '2018-08-08 13:00:00', 'Upcoming appointment', 'Do not forget that you have appointment 1530 in room 174.', 84);
INSERT INTO INVOICE_BILL VALUES('2018-08-08 13:30:00', 850, 7, False);
INSERT INTO MEDICAL_RECORD VALUES('Medical record description 162.', '2018-08-08 13:30:00', 1530, 1);
INSERT INTO APPOINTMENT VALUES(1531, 305, 1, '2017-03-22 11:45:00', '2017-03-22 12:00:00', 84, 10, None);
INSERT INTO NOTIFICATION VALUES(None, '2017-03-22 11:30:00', 'Upcoming appointment', 'Do not forget that you have appointment 1531 in room 305.', 9);
INSERT INTO NOTIFICATION VALUES(None, '2017-03-22 11:30:00', 'Upcoming appointment', 'Do not forget that you have appointment 1531 in room 305.', 84);
INSERT INTO INVOICE_BILL VALUES('2017-03-22 12:00:00', 750, 15, True);
INSERT INTO MEDICAL_RECORD VALUES('Medical record description 315.', '2017-03-22 12:00:00', 1531, 10);
INSERT INTO APPOINTMENT VALUES(1532, 351, 1, '2018-06-08 15:00:00', '2018-06-08 15:15:00', 84, 5, None);
INSERT INTO NOTIFICATION VALUES(None, '2018-06-08 14:45:00', 'Upcoming appointment', 'Do not forget that you have appointment 1532 in room 351.', 2);
INSERT INTO NOTIFICATION VALUES(None, '2018-06-08 14:45:00', 'Upcoming appointment', 'Do not forget that you have appointment 1532 in room 351.', 84);
INSERT INTO INVOICE_BILL VALUES('2018-06-08 15:15:00', 550, 15, True);
INSERT INTO MEDICAL_RECORD VALUES('Medical record description 140.', '2018-06-08 15:15:00', 1532, 5);
INSERT INTO APPOINTMENT VALUES(1533, 200, 1, '2012-10-02 11:15:00', '2012-10-02 11:30:00', 84, 1, None);
INSERT INTO NOTIFICATION VALUES(None, '2012-10-02 11:00:00', 'Upcoming appointment', 'Do not forget that you have appointment 1533 in room 200.', 5);
INSERT INTO NOTIFICATION VALUES(None, '2012-10-02 11:00:00', 'Upcoming appointment', 'Do not forget that you have appointment 1533 in room 200.', 84);
INSERT INTO INVOICE_BILL VALUES('2012-10-02 11:30:00', 600, 4, False);
INSERT INTO MEDICAL_RECORD VALUES('Medical record description 92.', '2012-10-02 11:30:00', 1533, 1);
INSERT INTO APPOINTMENT VALUES(1534, 262, 1, '2018-04-13 14:30:00', '2018-04-13 14:45:00', 84, 2, None);
INSERT INTO NOTIFICATION VALUES(None, '2018-04-13 14:15:00', 'Upcoming appointment', 'Do not forget that you have appointment 1534 in room 262.', 2);
INSERT INTO NOTIFICATION VALUES(None, '2018-04-13 14:15:00', 'Upcoming appointment', 'Do not forget that you have appointment 1534 in room 262.', 84);
INSERT INTO INVOICE_BILL VALUES('2018-04-13 14:45:00', 350, 13, False);
INSERT INTO MEDICAL_RECORD VALUES('Medical record description 309.', '2018-04-13 14:45:00', 1534, 2);
INSERT INTO APPOINTMENT VALUES(1535, 101, 0, '2016-02-01 16:45:00', '2016-02-01 17:00:00', 84, 4, None);
INSERT INTO NOTIFICATION VALUES(None, '2016-02-01 16:30:00', 'Upcoming appointment', 'Do not forget that you have appointment 1535 in room 101.', 1);
INSERT INTO NOTIFICATION VALUES(None, '2016-02-01 16:30:00', 'Upcoming appointment', 'Do not forget that you have appointment 1535 in room 101.', 84);
INSERT INTO INVOICE_BILL VALUES('2016-02-01 17:00:00', 150, 5, True);
INSERT INTO MEDICAL_RECORD VALUES('Medical record description 322.', '2016-02-01 17:00:00', 1535, 4);
INSERT INTO APPOINTMENT VALUES(1536, 199, 0, '2017-08-25 13:00:00', '2017-08-25 13:15:00', 84, 5, None);
INSERT INTO NOTIFICATION VALUES(None, '2017-08-25 12:45:00', 'Upcoming appointment', 'Do not forget that you have appointment 1536 in room 199.', 8);
INSERT INTO NOTIFICATION VALUES(None, '2017-08-25 12:45:00', 'Upcoming appointment', 'Do not forget that you have appointment 1536 in room 199.', 84);
INSERT INTO INVOICE_BILL VALUES('2017-08-25 13:15:00', 200, 5, True);
INSERT INTO MEDICAL_RECORD VALUES('Medical record description 976.', '2017-08-25 13:15:00', 1536, 5);
INSERT INTO APPOINTMENT VALUES(1537, 226, 1, '2019-11-22 16:30:00', '2019-11-22 16:45:00', 84, 3, None);
INSERT INTO NOTIFICATION VALUES(None, '2019-11-22 16:15:00', 'Upcoming appointment', 'Do not forget that you have appointment 1537 in room 226.', 2);
INSERT INTO NOTIFICATION VALUES(None, '2019-11-22 16:15:00', 'Upcoming appointment', 'Do not forget that you have appointment 1537 in room 226.', 84);
INSERT INTO INVOICE_BILL VALUES('2019-11-22 16:45:00', 50, 5, False);
INSERT INTO MEDICAL_RECORD VALUES('Medical record description 513.', '2019-11-22 16:45:00', 1537, 3);
INSERT INTO APPOINTMENT VALUES(1538, 301, 1, '2019-08-12 10:15:00', '2019-08-12 10:30:00', 84, 4, None);
INSERT INTO NOTIFICATION VALUES(None, '2019-08-12 10:00:00', 'Upcoming appointment', 'Do not forget that you have appointment 1538 in room 301.', 3);
INSERT INTO NOTIFICATION VALUES(None, '2019-08-12 10:00:00', 'Upcoming appointment', 'Do not forget that you have appointment 1538 in room 301.', 84);
INSERT INTO INVOICE_BILL VALUES('2019-08-12 10:30:00', 600, 6, True);
INSERT INTO MEDICAL_RECORD VALUES('Medical record description 217.', '2019-08-12 10:30:00', 1538, 4);
INSERT INTO APPOINTMENT VALUES(1539, 226, 0, '2010-07-08 15:30:00', '2010-07-08 15:45:00', 84, 3, None);
INSERT INTO NOTIFICATION VALUES(None, '2010-07-08 15:15:00', 'Upcoming appointment', 'Do not forget that you have appointment 1539 in room 226.', 9);
INSERT INTO NOTIFICATION VALUES(None, '2010-07-08 15:15:00', 'Upcoming appointment', 'Do not forget that you have appointment 1539 in room 226.', 84);
INSERT INTO INVOICE_BILL VALUES('2010-07-08 15:45:00', 550, 10, True);
INSERT INTO MEDICAL_RECORD VALUES('Medical record description 437.', '2010-07-08 15:45:00', 1539, 3);
INSERT INTO APPOINTMENT VALUES(1540, 441, 1, '2016-02-09 16:45:00', '2016-02-09 17:00:00', 85, 6, None);
INSERT INTO NOTIFICATION VALUES(None, '2016-02-09 16:30:00', 'Upcoming appointment', 'Do not forget that you have appointment 1540 in room 441.', 9);
INSERT INTO NOTIFICATION VALUES(None, '2016-02-09 16:30:00', 'Upcoming appointment', 'Do not forget that you have appointment 1540 in room 441.', 85);
INSERT INTO INVOICE_BILL VALUES('2016-02-09 17:00:00', 950, 12, True);
INSERT INTO MEDICAL_RECORD VALUES('Medical record description 200.', '2016-02-09 17:00:00', 1540, 6);
INSERT INTO APPOINTMENT VALUES(1541, 200, 0, '2018-07-17 13:30:00', '2018-07-17 13:45:00', 85, 8, None);
INSERT INTO NOTIFICATION VALUES(None, '2018-07-17 13:15:00', 'Upcoming appointment', 'Do not forget that you have appointment 1541 in room 200.', 3);
INSERT INTO NOTIFICATION VALUES(None, '2018-07-17 13:15:00', 'Upcoming appointment', 'Do not forget that you have appointment 1541 in room 200.', 85);
INSERT INTO INVOICE_BILL VALUES('2018-07-17 13:45:00', 400, 7, True);
INSERT INTO MEDICAL_RECORD VALUES('Medical record description 359.', '2018-07-17 13:45:00', 1541, 8);
INSERT INTO APPOINTMENT VALUES(1542, 200, 1, '2015-01-28 13:45:00', '2015-01-28 14:00:00', 85, 2, None);
INSERT INTO NOTIFICATION VALUES(None, '2015-01-28 13:30:00', 'Upcoming appointment', 'Do not forget that you have appointment 1542 in room 200.', 3);
INSERT INTO NOTIFICATION VALUES(None, '2015-01-28 13:30:00', 'Upcoming appointment', 'Do not forget that you have appointment 1542 in room 200.', 85);
INSERT INTO INVOICE_BILL VALUES('2015-01-28 14:00:00', 800, 12, False);
INSERT INTO MEDICAL_RECORD VALUES('Medical record description 6.', '2015-01-28 14:00:00', 1542, 2);
INSERT INTO APPOINTMENT VALUES(1543, 166, 0, '2017-06-30 16:45:00', '2017-06-30 17:00:00', 86, 3, None);
INSERT INTO NOTIFICATION VALUES(None, '2017-06-30 16:30:00', 'Upcoming appointment', 'Do not forget that you have appointment 1543 in room 166.', 5);
INSERT INTO NOTIFICATION VALUES(None, '2017-06-30 16:30:00', 'Upcoming appointment', 'Do not forget that you have appointment 1543 in room 166.', 86);
INSERT INTO INVOICE_BILL VALUES('2017-06-30 17:00:00', 400, 14, True);
INSERT INTO MEDICAL_RECORD VALUES('Medical record description 80.', '2017-06-30 17:00:00', 1543, 3);
INSERT INTO APPOINTMENT VALUES(1544, 233, 1, '2012-07-30 12:15:00', '2012-07-30 12:30:00', 86, 1, None);
INSERT INTO NOTIFICATION VALUES(None, '2012-07-30 12:00:00', 'Upcoming appointment', 'Do not forget that you have appointment 1544 in room 233.', 6);
INSERT INTO NOTIFICATION VALUES(None, '2012-07-30 12:00:00', 'Upcoming appointment', 'Do not forget that you have appointment 1544 in room 233.', 86);
INSERT INTO INVOICE_BILL VALUES('2012-07-30 12:30:00', 650, 14, False);
INSERT INTO MEDICAL_RECORD VALUES('Medical record description 29.', '2012-07-30 12:30:00', 1544, 1);
INSERT INTO APPOINTMENT VALUES(1545, 423, 0, '2015-06-24 16:30:00', '2015-06-24 16:45:00', 86, 3, None);
INSERT INTO NOTIFICATION VALUES(None, '2015-06-24 16:15:00', 'Upcoming appointment', 'Do not forget that you have appointment 1545 in room 423.', 2);
INSERT INTO NOTIFICATION VALUES(None, '2015-06-24 16:15:00', 'Upcoming appointment', 'Do not forget that you have appointment 1545 in room 423.', 86);
INSERT INTO INVOICE_BILL VALUES('2015-06-24 16:45:00', 250, 2, True);
INSERT INTO MEDICAL_RECORD VALUES('Medical record description 836.', '2015-06-24 16:45:00', 1545, 3);
INSERT INTO APPOINTMENT VALUES(1546, 249, 1, '2018-10-22 15:15:00', '2018-10-22 15:30:00', 87, 10, None);
INSERT INTO NOTIFICATION VALUES(None, '2018-10-22 15:00:00', 'Upcoming appointment', 'Do not forget that you have appointment 1546 in room 249.', 6);
INSERT INTO NOTIFICATION VALUES(None, '2018-10-22 15:00:00', 'Upcoming appointment', 'Do not forget that you have appointment 1546 in room 249.', 87);
INSERT INTO INVOICE_BILL VALUES('2018-10-22 15:30:00', 750, 8, True);
INSERT INTO MEDICAL_RECORD VALUES('Medical record description 318.', '2018-10-22 15:30:00', 1546, 10);
INSERT INTO APPOINTMENT VALUES(1547, 225, 0, '2018-11-12 12:15:00', '2018-11-12 12:30:00', 87, 9, None);
INSERT INTO NOTIFICATION VALUES(None, '2018-11-12 12:00:00', 'Upcoming appointment', 'Do not forget that you have appointment 1547 in room 225.', 4);
INSERT INTO NOTIFICATION VALUES(None, '2018-11-12 12:00:00', 'Upcoming appointment', 'Do not forget that you have appointment 1547 in room 225.', 87);
INSERT INTO INVOICE_BILL VALUES('2018-11-12 12:30:00', 600, 12, False);
INSERT INTO MEDICAL_RECORD VALUES('Medical record description 514.', '2018-11-12 12:30:00', 1547, 9);
INSERT INTO APPOINTMENT VALUES(1548, 378, 1, '2017-03-24 15:30:00', '2017-03-24 15:45:00', 87, 8, None);
INSERT INTO NOTIFICATION VALUES(None, '2017-03-24 15:15:00', 'Upcoming appointment', 'Do not forget that you have appointment 1548 in room 378.', 1);
INSERT INTO NOTIFICATION VALUES(None, '2017-03-24 15:15:00', 'Upcoming appointment', 'Do not forget that you have appointment 1548 in room 378.', 87);
INSERT INTO INVOICE_BILL VALUES('2017-03-24 15:45:00', 200, 12, False);
INSERT INTO MEDICAL_RECORD VALUES('Medical record description 559.', '2017-03-24 15:45:00', 1548, 8);
INSERT INTO APPOINTMENT VALUES(1549, 122, 0, '2018-05-07 15:00:00', '2018-05-07 15:15:00', 87, 1, None);
INSERT INTO NOTIFICATION VALUES(None, '2018-05-07 14:45:00', 'Upcoming appointment', 'Do not forget that you have appointment 1549 in room 122.', 9);
INSERT INTO NOTIFICATION VALUES(None, '2018-05-07 14:45:00', 'Upcoming appointment', 'Do not forget that you have appointment 1549 in room 122.', 87);
INSERT INTO INVOICE_BILL VALUES('2018-05-07 15:15:00', 200, 7, True);
INSERT INTO MEDICAL_RECORD VALUES('Medical record description 789.', '2018-05-07 15:15:00', 1549, 1);
INSERT INTO APPOINTMENT VALUES(1550, 431, 1, '2010-02-18 14:15:00', '2010-02-18 14:30:00', 87, 3, None);
INSERT INTO NOTIFICATION VALUES(None, '2010-02-18 14:00:00', 'Upcoming appointment', 'Do not forget that you have appointment 1550 in room 431.', 5);
INSERT INTO NOTIFICATION VALUES(None, '2010-02-18 14:00:00', 'Upcoming appointment', 'Do not forget that you have appointment 1550 in room 431.', 87);
INSERT INTO INVOICE_BILL VALUES('2010-02-18 14:30:00', 950, 8, True);
INSERT INTO MEDICAL_RECORD VALUES('Medical record description 844.', '2010-02-18 14:30:00', 1550, 3);
INSERT INTO APPOINTMENT VALUES(1551, 166, 1, '2016-05-04 13:15:00', '2016-05-04 13:30:00', 87, 6, None);
INSERT INTO NOTIFICATION VALUES(None, '2016-05-04 13:00:00', 'Upcoming appointment', 'Do not forget that you have appointment 1551 in room 166.', 10);
INSERT INTO NOTIFICATION VALUES(None, '2016-05-04 13:00:00', 'Upcoming appointment', 'Do not forget that you have appointment 1551 in room 166.', 87);
INSERT INTO INVOICE_BILL VALUES('2016-05-04 13:30:00', 250, 7, False);
INSERT INTO MEDICAL_RECORD VALUES('Medical record description 264.', '2016-05-04 13:30:00', 1551, 6);
INSERT INTO APPOINTMENT VALUES(1552, 493, 1, '2019-08-19 10:00:00', '2019-08-19 10:15:00', 87, 6, None);
INSERT INTO NOTIFICATION VALUES(None, '2019-08-19 09:45:00', 'Upcoming appointment', 'Do not forget that you have appointment 1552 in room 493.', 9);
INSERT INTO NOTIFICATION VALUES(None, '2019-08-19 09:45:00', 'Upcoming appointment', 'Do not forget that you have appointment 1552 in room 493.', 87);
INSERT INTO INVOICE_BILL VALUES('2019-08-19 10:15:00', 950, 9, False);
INSERT INTO MEDICAL_RECORD VALUES('Medical record description 321.', '2019-08-19 10:15:00', 1552, 6);
INSERT INTO APPOINTMENT VALUES(1553, 168, 1, '2015-11-11 16:30:00', '2015-11-11 16:45:00', 87, 3, None);
INSERT INTO NOTIFICATION VALUES(None, '2015-11-11 16:15:00', 'Upcoming appointment', 'Do not forget that you have appointment 1553 in room 168.', 10);
INSERT INTO NOTIFICATION VALUES(None, '2015-11-11 16:15:00', 'Upcoming appointment', 'Do not forget that you have appointment 1553 in room 168.', 87);
INSERT INTO INVOICE_BILL VALUES('2015-11-11 16:45:00', 50, 10, True);
INSERT INTO MEDICAL_RECORD VALUES('Medical record description 923.', '2015-11-11 16:45:00', 1553, 3);
INSERT INTO APPOINTMENT VALUES(1554, 311, 1, '2014-03-18 10:00:00', '2014-03-18 10:15:00', 87, 3, None);
INSERT INTO NOTIFICATION VALUES(None, '2014-03-18 09:45:00', 'Upcoming appointment', 'Do not forget that you have appointment 1554 in room 311.', 2);
INSERT INTO NOTIFICATION VALUES(None, '2014-03-18 09:45:00', 'Upcoming appointment', 'Do not forget that you have appointment 1554 in room 311.', 87);
INSERT INTO INVOICE_BILL VALUES('2014-03-18 10:15:00', 1000, 6, False);
INSERT INTO MEDICAL_RECORD VALUES('Medical record description 130.', '2014-03-18 10:15:00', 1554, 3);
INSERT INTO APPOINTMENT VALUES(1555, 179, 0, '2017-11-28 16:00:00', '2017-11-28 16:15:00', 87, 3, None);
INSERT INTO NOTIFICATION VALUES(None, '2017-11-28 15:45:00', 'Upcoming appointment', 'Do not forget that you have appointment 1555 in room 179.', 1);
INSERT INTO NOTIFICATION VALUES(None, '2017-11-28 15:45:00', 'Upcoming appointment', 'Do not forget that you have appointment 1555 in room 179.', 87);
INSERT INTO INVOICE_BILL VALUES('2017-11-28 16:15:00', 300, 12, True);
INSERT INTO MEDICAL_RECORD VALUES('Medical record description 138.', '2017-11-28 16:15:00', 1555, 3);
INSERT INTO APPOINTMENT VALUES(1556, 356, 1, '2013-03-15 10:30:00', '2013-03-15 10:45:00', 87, 1, None);
INSERT INTO NOTIFICATION VALUES(None, '2013-03-15 10:15:00', 'Upcoming appointment', 'Do not forget that you have appointment 1556 in room 356.', 2);
INSERT INTO NOTIFICATION VALUES(None, '2013-03-15 10:15:00', 'Upcoming appointment', 'Do not forget that you have appointment 1556 in room 356.', 87);
INSERT INTO INVOICE_BILL VALUES('2013-03-15 10:45:00', 200, 9, True);
INSERT INTO MEDICAL_RECORD VALUES('Medical record description 961.', '2013-03-15 10:45:00', 1556, 1);
INSERT INTO APPOINTMENT VALUES(1557, 220, 1, '2018-08-22 13:30:00', '2018-08-22 13:45:00', 87, 10, None);
INSERT INTO NOTIFICATION VALUES(None, '2018-08-22 13:15:00', 'Upcoming appointment', 'Do not forget that you have appointment 1557 in room 220.', 7);
INSERT INTO NOTIFICATION VALUES(None, '2018-08-22 13:15:00', 'Upcoming appointment', 'Do not forget that you have appointment 1557 in room 220.', 87);
INSERT INTO INVOICE_BILL VALUES('2018-08-22 13:45:00', 1000, 5, True);
INSERT INTO MEDICAL_RECORD VALUES('Medical record description 951.', '2018-08-22 13:45:00', 1557, 10);
INSERT INTO APPOINTMENT VALUES(1558, 318, 1, '2015-08-05 17:45:00', '2015-08-05 18:00:00', 87, 1, None);
INSERT INTO NOTIFICATION VALUES(None, '2015-08-05 17:30:00', 'Upcoming appointment', 'Do not forget that you have appointment 1558 in room 318.', 7);
INSERT INTO NOTIFICATION VALUES(None, '2015-08-05 17:30:00', 'Upcoming appointment', 'Do not forget that you have appointment 1558 in room 318.', 87);
INSERT INTO INVOICE_BILL VALUES('2015-08-05 18:00:00', 750, 4, False);
INSERT INTO MEDICAL_RECORD VALUES('Medical record description 762.', '2015-08-05 18:00:00', 1558, 1);
INSERT INTO APPOINTMENT VALUES(1559, 232, 1, '2017-12-25 14:45:00', '2017-12-25 15:00:00', 87, 9, None);
INSERT INTO NOTIFICATION VALUES(None, '2017-12-25 14:30:00', 'Upcoming appointment', 'Do not forget that you have appointment 1559 in room 232.', 8);
INSERT INTO NOTIFICATION VALUES(None, '2017-12-25 14:30:00', 'Upcoming appointment', 'Do not forget that you have appointment 1559 in room 232.', 87);
INSERT INTO INVOICE_BILL VALUES('2017-12-25 15:00:00', 400, 1, False);
INSERT INTO MEDICAL_RECORD VALUES('Medical record description 682.', '2017-12-25 15:00:00', 1559, 9);
INSERT INTO APPOINTMENT VALUES(1560, 289, 1, '2018-12-26 13:45:00', '2018-12-26 14:00:00', 87, 2, None);
INSERT INTO NOTIFICATION VALUES(None, '2018-12-26 13:30:00', 'Upcoming appointment', 'Do not forget that you have appointment 1560 in room 289.', 4);
INSERT INTO NOTIFICATION VALUES(None, '2018-12-26 13:30:00', 'Upcoming appointment', 'Do not forget that you have appointment 1560 in room 289.', 87);
INSERT INTO INVOICE_BILL VALUES('2018-12-26 14:00:00', 200, 14, True);
INSERT INTO MEDICAL_RECORD VALUES('Medical record description 989.', '2018-12-26 14:00:00', 1560, 2);
INSERT INTO APPOINTMENT VALUES(1561, 450, 0, '2019-07-05 12:45:00', '2019-07-05 13:00:00', 87, 8, None);
INSERT INTO NOTIFICATION VALUES(None, '2019-07-05 12:30:00', 'Upcoming appointment', 'Do not forget that you have appointment 1561 in room 450.', 7);
INSERT INTO NOTIFICATION VALUES(None, '2019-07-05 12:30:00', 'Upcoming appointment', 'Do not forget that you have appointment 1561 in room 450.', 87);
INSERT INTO INVOICE_BILL VALUES('2019-07-05 13:00:00', 500, 2, True);
INSERT INTO MEDICAL_RECORD VALUES('Medical record description 325.', '2019-07-05 13:00:00', 1561, 8);
INSERT INTO APPOINTMENT VALUES(1562, 376, 1, '2014-05-13 11:30:00', '2014-05-13 11:45:00', 87, 3, None);
INSERT INTO NOTIFICATION VALUES(None, '2014-05-13 11:15:00', 'Upcoming appointment', 'Do not forget that you have appointment 1562 in room 376.', 5);
INSERT INTO NOTIFICATION VALUES(None, '2014-05-13 11:15:00', 'Upcoming appointment', 'Do not forget that you have appointment 1562 in room 376.', 87);
INSERT INTO INVOICE_BILL VALUES('2014-05-13 11:45:00', 200, 8, True);
INSERT INTO MEDICAL_RECORD VALUES('Medical record description 874.', '2014-05-13 11:45:00', 1562, 3);
INSERT INTO APPOINTMENT VALUES(1563, 117, 1, '2016-11-21 15:30:00', '2016-11-21 15:45:00', 87, 3, None);
INSERT INTO NOTIFICATION VALUES(None, '2016-11-21 15:15:00', 'Upcoming appointment', 'Do not forget that you have appointment 1563 in room 117.', 1);
INSERT INTO NOTIFICATION VALUES(None, '2016-11-21 15:15:00', 'Upcoming appointment', 'Do not forget that you have appointment 1563 in room 117.', 87);
INSERT INTO INVOICE_BILL VALUES('2016-11-21 15:45:00', 50, 12, True);
INSERT INTO MEDICAL_RECORD VALUES('Medical record description 967.', '2016-11-21 15:45:00', 1563, 3);
INSERT INTO APPOINTMENT VALUES(1564, 398, 0, '2014-09-01 14:30:00', '2014-09-01 14:45:00', 88, 3, None);
INSERT INTO NOTIFICATION VALUES(None, '2014-09-01 14:15:00', 'Upcoming appointment', 'Do not forget that you have appointment 1564 in room 398.', 1);
INSERT INTO NOTIFICATION VALUES(None, '2014-09-01 14:15:00', 'Upcoming appointment', 'Do not forget that you have appointment 1564 in room 398.', 88);
INSERT INTO INVOICE_BILL VALUES('2014-09-01 14:45:00', 600, 5, False);
INSERT INTO MEDICAL_RECORD VALUES('Medical record description 395.', '2014-09-01 14:45:00', 1564, 3);
INSERT INTO APPOINTMENT VALUES(1565, 106, 1, '2017-06-07 14:30:00', '2017-06-07 14:45:00', 88, 7, None);
INSERT INTO NOTIFICATION VALUES(None, '2017-06-07 14:15:00', 'Upcoming appointment', 'Do not forget that you have appointment 1565 in room 106.', 9);
INSERT INTO NOTIFICATION VALUES(None, '2017-06-07 14:15:00', 'Upcoming appointment', 'Do not forget that you have appointment 1565 in room 106.', 88);
INSERT INTO INVOICE_BILL VALUES('2017-06-07 14:45:00', 1000, 5, True);
INSERT INTO MEDICAL_RECORD VALUES('Medical record description 983.', '2017-06-07 14:45:00', 1565, 7);
INSERT INTO APPOINTMENT VALUES(1566, 275, 0, '2013-12-09 15:30:00', '2013-12-09 15:45:00', 88, 3, None);
INSERT INTO NOTIFICATION VALUES(None, '2013-12-09 15:15:00', 'Upcoming appointment', 'Do not forget that you have appointment 1566 in room 275.', 1);
INSERT INTO NOTIFICATION VALUES(None, '2013-12-09 15:15:00', 'Upcoming appointment', 'Do not forget that you have appointment 1566 in room 275.', 88);
INSERT INTO INVOICE_BILL VALUES('2013-12-09 15:45:00', 50, 14, False);
INSERT INTO MEDICAL_RECORD VALUES('Medical record description 913.', '2013-12-09 15:45:00', 1566, 3);
INSERT INTO APPOINTMENT VALUES(1567, 463, 0, '2019-04-09 12:15:00', '2019-04-09 12:30:00', 88, 8, None);
INSERT INTO NOTIFICATION VALUES(None, '2019-04-09 12:00:00', 'Upcoming appointment', 'Do not forget that you have appointment 1567 in room 463.', 4);
INSERT INTO NOTIFICATION VALUES(None, '2019-04-09 12:00:00', 'Upcoming appointment', 'Do not forget that you have appointment 1567 in room 463.', 88);
INSERT INTO INVOICE_BILL VALUES('2019-04-09 12:30:00', 350, 15, False);
INSERT INTO MEDICAL_RECORD VALUES('Medical record description 350.', '2019-04-09 12:30:00', 1567, 8);
INSERT INTO APPOINTMENT VALUES(1568, 279, 0, '2016-05-02 14:45:00', '2016-05-02 15:00:00', 88, 1, None);
INSERT INTO NOTIFICATION VALUES(None, '2016-05-02 14:30:00', 'Upcoming appointment', 'Do not forget that you have appointment 1568 in room 279.', 3);
INSERT INTO NOTIFICATION VALUES(None, '2016-05-02 14:30:00', 'Upcoming appointment', 'Do not forget that you have appointment 1568 in room 279.', 88);
INSERT INTO INVOICE_BILL VALUES('2016-05-02 15:00:00', 150, 8, True);
INSERT INTO MEDICAL_RECORD VALUES('Medical record description 702.', '2016-05-02 15:00:00', 1568, 1);
INSERT INTO APPOINTMENT VALUES(1569, 190, 0, '2017-08-02 13:45:00', '2017-08-02 14:00:00', 88, 9, None);
INSERT INTO NOTIFICATION VALUES(None, '2017-08-02 13:30:00', 'Upcoming appointment', 'Do not forget that you have appointment 1569 in room 190.', 1);
INSERT INTO NOTIFICATION VALUES(None, '2017-08-02 13:30:00', 'Upcoming appointment', 'Do not forget that you have appointment 1569 in room 190.', 88);
INSERT INTO INVOICE_BILL VALUES('2017-08-02 14:00:00', 700, 10, False);
INSERT INTO MEDICAL_RECORD VALUES('Medical record description 382.', '2017-08-02 14:00:00', 1569, 9);
INSERT INTO APPOINTMENT VALUES(1570, 440, 1, '2018-09-10 17:45:00', '2018-09-10 18:00:00', 88, 4, None);
INSERT INTO NOTIFICATION VALUES(None, '2018-09-10 17:30:00', 'Upcoming appointment', 'Do not forget that you have appointment 1570 in room 440.', 4);
INSERT INTO NOTIFICATION VALUES(None, '2018-09-10 17:30:00', 'Upcoming appointment', 'Do not forget that you have appointment 1570 in room 440.', 88);
INSERT INTO INVOICE_BILL VALUES('2018-09-10 18:00:00', 750, 8, False);
INSERT INTO MEDICAL_RECORD VALUES('Medical record description 846.', '2018-09-10 18:00:00', 1570, 4);
INSERT INTO APPOINTMENT VALUES(1571, 163, 1, '2017-10-16 10:45:00', '2017-10-16 11:00:00', 88, 9, None);
INSERT INTO NOTIFICATION VALUES(None, '2017-10-16 10:30:00', 'Upcoming appointment', 'Do not forget that you have appointment 1571 in room 163.', 9);
INSERT INTO NOTIFICATION VALUES(None, '2017-10-16 10:30:00', 'Upcoming appointment', 'Do not forget that you have appointment 1571 in room 163.', 88);
INSERT INTO INVOICE_BILL VALUES('2017-10-16 11:00:00', 150, 11, True);
INSERT INTO MEDICAL_RECORD VALUES('Medical record description 615.', '2017-10-16 11:00:00', 1571, 9);
INSERT INTO APPOINTMENT VALUES(1572, 185, 0, '2013-12-31 13:45:00', '2013-12-31 14:00:00', 88, 1, None);
INSERT INTO NOTIFICATION VALUES(None, '2013-12-31 13:30:00', 'Upcoming appointment', 'Do not forget that you have appointment 1572 in room 185.', 3);
INSERT INTO NOTIFICATION VALUES(None, '2013-12-31 13:30:00', 'Upcoming appointment', 'Do not forget that you have appointment 1572 in room 185.', 88);
INSERT INTO INVOICE_BILL VALUES('2013-12-31 14:00:00', 850, 8, True);
INSERT INTO MEDICAL_RECORD VALUES('Medical record description 159.', '2013-12-31 14:00:00', 1572, 1);
INSERT INTO APPOINTMENT VALUES(1573, 407, 1, '2019-01-01 11:45:00', '2019-01-01 12:00:00', 88, 3, None);
INSERT INTO NOTIFICATION VALUES(None, '2019-01-01 11:30:00', 'Upcoming appointment', 'Do not forget that you have appointment 1573 in room 407.', 8);
INSERT INTO NOTIFICATION VALUES(None, '2019-01-01 11:30:00', 'Upcoming appointment', 'Do not forget that you have appointment 1573 in room 407.', 88);
INSERT INTO INVOICE_BILL VALUES('2019-01-01 12:00:00', 350, 10, True);
INSERT INTO MEDICAL_RECORD VALUES('Medical record description 553.', '2019-01-01 12:00:00', 1573, 3);
INSERT INTO APPOINTMENT VALUES(1574, 481, 1, '2015-04-28 16:15:00', '2015-04-28 16:30:00', 88, 3, None);
INSERT INTO NOTIFICATION VALUES(None, '2015-04-28 16:00:00', 'Upcoming appointment', 'Do not forget that you have appointment 1574 in room 481.', 6);
INSERT INTO NOTIFICATION VALUES(None, '2015-04-28 16:00:00', 'Upcoming appointment', 'Do not forget that you have appointment 1574 in room 481.', 88);
INSERT INTO INVOICE_BILL VALUES('2015-04-28 16:30:00', 500, 2, False);
INSERT INTO MEDICAL_RECORD VALUES('Medical record description 411.', '2015-04-28 16:30:00', 1574, 3);
INSERT INTO APPOINTMENT VALUES(1575, 374, 1, '2017-06-09 10:15:00', '2017-06-09 10:30:00', 88, 4, None);
INSERT INTO NOTIFICATION VALUES(None, '2017-06-09 10:00:00', 'Upcoming appointment', 'Do not forget that you have appointment 1575 in room 374.', 10);
INSERT INTO NOTIFICATION VALUES(None, '2017-06-09 10:00:00', 'Upcoming appointment', 'Do not forget that you have appointment 1575 in room 374.', 88);
INSERT INTO INVOICE_BILL VALUES('2017-06-09 10:30:00', 550, 8, False);
INSERT INTO MEDICAL_RECORD VALUES('Medical record description 200.', '2017-06-09 10:30:00', 1575, 4);
INSERT INTO APPOINTMENT VALUES(1576, 285, 0, '2018-11-02 10:30:00', '2018-11-02 10:45:00', 88, 8, None);
INSERT INTO NOTIFICATION VALUES(None, '2018-11-02 10:15:00', 'Upcoming appointment', 'Do not forget that you have appointment 1576 in room 285.', 6);
INSERT INTO NOTIFICATION VALUES(None, '2018-11-02 10:15:00', 'Upcoming appointment', 'Do not forget that you have appointment 1576 in room 285.', 88);
INSERT INTO INVOICE_BILL VALUES('2018-11-02 10:45:00', 450, 5, True);
INSERT INTO MEDICAL_RECORD VALUES('Medical record description 435.', '2018-11-02 10:45:00', 1576, 8);
INSERT INTO APPOINTMENT VALUES(1577, 180, 1, '2012-02-24 14:15:00', '2012-02-24 14:30:00', 88, 3, None);
INSERT INTO NOTIFICATION VALUES(None, '2012-02-24 14:00:00', 'Upcoming appointment', 'Do not forget that you have appointment 1577 in room 180.', 10);
INSERT INTO NOTIFICATION VALUES(None, '2012-02-24 14:00:00', 'Upcoming appointment', 'Do not forget that you have appointment 1577 in room 180.', 88);
INSERT INTO INVOICE_BILL VALUES('2012-02-24 14:30:00', 300, 9, True);
INSERT INTO MEDICAL_RECORD VALUES('Medical record description 880.', '2012-02-24 14:30:00', 1577, 3);
INSERT INTO APPOINTMENT VALUES(1578, 204, 1, '2016-05-25 13:30:00', '2016-05-25 13:45:00', 88, 4, None);
INSERT INTO NOTIFICATION VALUES(None, '2016-05-25 13:15:00', 'Upcoming appointment', 'Do not forget that you have appointment 1578 in room 204.', 1);
INSERT INTO NOTIFICATION VALUES(None, '2016-05-25 13:15:00', 'Upcoming appointment', 'Do not forget that you have appointment 1578 in room 204.', 88);
INSERT INTO INVOICE_BILL VALUES('2016-05-25 13:45:00', 850, 12, False);
INSERT INTO MEDICAL_RECORD VALUES('Medical record description 153.', '2016-05-25 13:45:00', 1578, 4);
INSERT INTO APPOINTMENT VALUES(1579, 472, 1, '2017-01-24 14:30:00', '2017-01-24 14:45:00', 88, 1, None);
INSERT INTO NOTIFICATION VALUES(None, '2017-01-24 14:15:00', 'Upcoming appointment', 'Do not forget that you have appointment 1579 in room 472.', 5);
INSERT INTO NOTIFICATION VALUES(None, '2017-01-24 14:15:00', 'Upcoming appointment', 'Do not forget that you have appointment 1579 in room 472.', 88);
INSERT INTO INVOICE_BILL VALUES('2017-01-24 14:45:00', 300, 11, True);
INSERT INTO MEDICAL_RECORD VALUES('Medical record description 414.', '2017-01-24 14:45:00', 1579, 1);
INSERT INTO APPOINTMENT VALUES(1580, 216, 0, '2018-07-30 17:15:00', '2018-07-30 17:30:00', 88, 7, None);
INSERT INTO NOTIFICATION VALUES(None, '2018-07-30 17:00:00', 'Upcoming appointment', 'Do not forget that you have appointment 1580 in room 216.', 6);
INSERT INTO NOTIFICATION VALUES(None, '2018-07-30 17:00:00', 'Upcoming appointment', 'Do not forget that you have appointment 1580 in room 216.', 88);
INSERT INTO INVOICE_BILL VALUES('2018-07-30 17:30:00', 350, 8, False);
INSERT INTO MEDICAL_RECORD VALUES('Medical record description 765.', '2018-07-30 17:30:00', 1580, 7);
INSERT INTO APPOINTMENT VALUES(1581, 351, 1, '2019-09-11 17:30:00', '2019-09-11 17:45:00', 88, 5, None);
INSERT INTO NOTIFICATION VALUES(None, '2019-09-11 17:15:00', 'Upcoming appointment', 'Do not forget that you have appointment 1581 in room 351.', 10);
INSERT INTO NOTIFICATION VALUES(None, '2019-09-11 17:15:00', 'Upcoming appointment', 'Do not forget that you have appointment 1581 in room 351.', 88);
INSERT INTO INVOICE_BILL VALUES('2019-09-11 17:45:00', 50, 10, False);
INSERT INTO MEDICAL_RECORD VALUES('Medical record description 593.', '2019-09-11 17:45:00', 1581, 5);
INSERT INTO APPOINTMENT VALUES(1582, 167, 1, '2017-09-12 12:30:00', '2017-09-12 12:45:00', 88, 5, None);
INSERT INTO NOTIFICATION VALUES(None, '2017-09-12 12:15:00', 'Upcoming appointment', 'Do not forget that you have appointment 1582 in room 167.', 7);
INSERT INTO NOTIFICATION VALUES(None, '2017-09-12 12:15:00', 'Upcoming appointment', 'Do not forget that you have appointment 1582 in room 167.', 88);
INSERT INTO INVOICE_BILL VALUES('2017-09-12 12:45:00', 750, 10, True);
INSERT INTO MEDICAL_RECORD VALUES('Medical record description 977.', '2017-09-12 12:45:00', 1582, 5);
INSERT INTO APPOINTMENT VALUES(1583, 287, 0, '2013-01-31 11:45:00', '2013-01-31 12:00:00', 88, 3, None);
INSERT INTO NOTIFICATION VALUES(None, '2013-01-31 11:30:00', 'Upcoming appointment', 'Do not forget that you have appointment 1583 in room 287.', 5);
INSERT INTO NOTIFICATION VALUES(None, '2013-01-31 11:30:00', 'Upcoming appointment', 'Do not forget that you have appointment 1583 in room 287.', 88);
INSERT INTO INVOICE_BILL VALUES('2013-01-31 12:00:00', 650, 2, False);
INSERT INTO MEDICAL_RECORD VALUES('Medical record description 919.', '2013-01-31 12:00:00', 1583, 3);
INSERT INTO APPOINTMENT VALUES(1584, 262, 0, '2017-11-24 15:30:00', '2017-11-24 15:45:00', 88, 3, None);
INSERT INTO NOTIFICATION VALUES(None, '2017-11-24 15:15:00', 'Upcoming appointment', 'Do not forget that you have appointment 1584 in room 262.', 9);
INSERT INTO NOTIFICATION VALUES(None, '2017-11-24 15:15:00', 'Upcoming appointment', 'Do not forget that you have appointment 1584 in room 262.', 88);
INSERT INTO INVOICE_BILL VALUES('2017-11-24 15:45:00', 850, 12, False);
INSERT INTO MEDICAL_RECORD VALUES('Medical record description 270.', '2017-11-24 15:45:00', 1584, 3);
INSERT INTO APPOINTMENT VALUES(1585, 353, 1, '2019-08-15 13:45:00', '2019-08-15 14:00:00', 88, 5, None);
INSERT INTO NOTIFICATION VALUES(None, '2019-08-15 13:30:00', 'Upcoming appointment', 'Do not forget that you have appointment 1585 in room 353.', 3);
INSERT INTO NOTIFICATION VALUES(None, '2019-08-15 13:30:00', 'Upcoming appointment', 'Do not forget that you have appointment 1585 in room 353.', 88);
INSERT INTO INVOICE_BILL VALUES('2019-08-15 14:00:00', 1000, 7, False);
INSERT INTO MEDICAL_RECORD VALUES('Medical record description 165.', '2019-08-15 14:00:00', 1585, 5);
INSERT INTO APPOINTMENT VALUES(1586, 287, 0, '2019-04-24 13:30:00', '2019-04-24 13:45:00', 88, 10, None);
INSERT INTO NOTIFICATION VALUES(None, '2019-04-24 13:15:00', 'Upcoming appointment', 'Do not forget that you have appointment 1586 in room 287.', 10);
INSERT INTO NOTIFICATION VALUES(None, '2019-04-24 13:15:00', 'Upcoming appointment', 'Do not forget that you have appointment 1586 in room 287.', 88);
INSERT INTO INVOICE_BILL VALUES('2019-04-24 13:45:00', 350, 13, False);
INSERT INTO MEDICAL_RECORD VALUES('Medical record description 610.', '2019-04-24 13:45:00', 1586, 10);
INSERT INTO APPOINTMENT VALUES(1587, 151, 1, '2019-10-31 17:15:00', '2019-10-31 17:30:00', 88, 3, None);
INSERT INTO NOTIFICATION VALUES(None, '2019-10-31 17:00:00', 'Upcoming appointment', 'Do not forget that you have appointment 1587 in room 151.', 10);
INSERT INTO NOTIFICATION VALUES(None, '2019-10-31 17:00:00', 'Upcoming appointment', 'Do not forget that you have appointment 1587 in room 151.', 88);
INSERT INTO INVOICE_BILL VALUES('2019-10-31 17:30:00', 750, 4, True);
INSERT INTO MEDICAL_RECORD VALUES('Medical record description 960.', '2019-10-31 17:30:00', 1587, 3);
INSERT INTO APPOINTMENT VALUES(1588, 409, 0, '2019-04-26 17:45:00', '2019-04-26 18:00:00', 88, 7, None);
INSERT INTO NOTIFICATION VALUES(None, '2019-04-26 17:30:00', 'Upcoming appointment', 'Do not forget that you have appointment 1588 in room 409.', 6);
INSERT INTO NOTIFICATION VALUES(None, '2019-04-26 17:30:00', 'Upcoming appointment', 'Do not forget that you have appointment 1588 in room 409.', 88);
INSERT INTO INVOICE_BILL VALUES('2019-04-26 18:00:00', 1000, 14, False);
INSERT INTO MEDICAL_RECORD VALUES('Medical record description 746.', '2019-04-26 18:00:00', 1588, 7);
INSERT INTO APPOINTMENT VALUES(1589, 278, 0, '2012-05-10 12:15:00', '2012-05-10 12:30:00', 88, 3, None);
INSERT INTO NOTIFICATION VALUES(None, '2012-05-10 12:00:00', 'Upcoming appointment', 'Do not forget that you have appointment 1589 in room 278.', 10);
INSERT INTO NOTIFICATION VALUES(None, '2012-05-10 12:00:00', 'Upcoming appointment', 'Do not forget that you have appointment 1589 in room 278.', 88);
INSERT INTO INVOICE_BILL VALUES('2012-05-10 12:30:00', 100, 6, True);
INSERT INTO MEDICAL_RECORD VALUES('Medical record description 432.', '2012-05-10 12:30:00', 1589, 3);
INSERT INTO APPOINTMENT VALUES(1590, 269, 1, '2010-12-02 16:30:00', '2010-12-02 16:45:00', 88, 3, None);
INSERT INTO NOTIFICATION VALUES(None, '2010-12-02 16:15:00', 'Upcoming appointment', 'Do not forget that you have appointment 1590 in room 269.', 1);
INSERT INTO NOTIFICATION VALUES(None, '2010-12-02 16:15:00', 'Upcoming appointment', 'Do not forget that you have appointment 1590 in room 269.', 88);
INSERT INTO INVOICE_BILL VALUES('2010-12-02 16:45:00', 800, 13, False);
INSERT INTO MEDICAL_RECORD VALUES('Medical record description 37.', '2010-12-02 16:45:00', 1590, 3);
INSERT INTO APPOINTMENT VALUES(1591, 147, 1, '2018-01-22 12:45:00', '2018-01-22 13:00:00', 89, 2, None);
INSERT INTO NOTIFICATION VALUES(None, '2018-01-22 12:30:00', 'Upcoming appointment', 'Do not forget that you have appointment 1591 in room 147.', 7);
INSERT INTO NOTIFICATION VALUES(None, '2018-01-22 12:30:00', 'Upcoming appointment', 'Do not forget that you have appointment 1591 in room 147.', 89);
INSERT INTO INVOICE_BILL VALUES('2018-01-22 13:00:00', 800, 14, True);
INSERT INTO MEDICAL_RECORD VALUES('Medical record description 767.', '2018-01-22 13:00:00', 1591, 2);
INSERT INTO APPOINTMENT VALUES(1592, 428, 0, '2019-04-29 17:30:00', '2019-04-29 17:45:00', 89, 4, None);
INSERT INTO NOTIFICATION VALUES(None, '2019-04-29 17:15:00', 'Upcoming appointment', 'Do not forget that you have appointment 1592 in room 428.', 9);
INSERT INTO NOTIFICATION VALUES(None, '2019-04-29 17:15:00', 'Upcoming appointment', 'Do not forget that you have appointment 1592 in room 428.', 89);
INSERT INTO INVOICE_BILL VALUES('2019-04-29 17:45:00', 1000, 2, True);
INSERT INTO MEDICAL_RECORD VALUES('Medical record description 349.', '2019-04-29 17:45:00', 1592, 4);
INSERT INTO APPOINTMENT VALUES(1593, 358, 1, '2013-11-22 15:15:00', '2013-11-22 15:30:00', 89, 1, None);
INSERT INTO NOTIFICATION VALUES(None, '2013-11-22 15:00:00', 'Upcoming appointment', 'Do not forget that you have appointment 1593 in room 358.', 5);
INSERT INTO NOTIFICATION VALUES(None, '2013-11-22 15:00:00', 'Upcoming appointment', 'Do not forget that you have appointment 1593 in room 358.', 89);
INSERT INTO INVOICE_BILL VALUES('2013-11-22 15:30:00', 150, 1, False);
INSERT INTO MEDICAL_RECORD VALUES('Medical record description 385.', '2013-11-22 15:30:00', 1593, 1);
INSERT INTO APPOINTMENT VALUES(1594, 352, 1, '2016-01-21 17:15:00', '2016-01-21 17:30:00', 89, 3, None);
INSERT INTO NOTIFICATION VALUES(None, '2016-01-21 17:00:00', 'Upcoming appointment', 'Do not forget that you have appointment 1594 in room 352.', 5);
INSERT INTO NOTIFICATION VALUES(None, '2016-01-21 17:00:00', 'Upcoming appointment', 'Do not forget that you have appointment 1594 in room 352.', 89);
INSERT INTO INVOICE_BILL VALUES('2016-01-21 17:30:00', 300, 1, False);
INSERT INTO MEDICAL_RECORD VALUES('Medical record description 6.', '2016-01-21 17:30:00', 1594, 3);
INSERT INTO APPOINTMENT VALUES(1595, 331, 0, '2019-04-29 11:45:00', '2019-04-29 12:00:00', 89, 2, None);
INSERT INTO NOTIFICATION VALUES(None, '2019-04-29 11:30:00', 'Upcoming appointment', 'Do not forget that you have appointment 1595 in room 331.', 9);
INSERT INTO NOTIFICATION VALUES(None, '2019-04-29 11:30:00', 'Upcoming appointment', 'Do not forget that you have appointment 1595 in room 331.', 89);
INSERT INTO INVOICE_BILL VALUES('2019-04-29 12:00:00', 100, 15, True);
INSERT INTO MEDICAL_RECORD VALUES('Medical record description 107.', '2019-04-29 12:00:00', 1595, 2);
INSERT INTO APPOINTMENT VALUES(1596, 147, 1, '2018-02-13 11:15:00', '2018-02-13 11:30:00', 89, 9, None);
INSERT INTO NOTIFICATION VALUES(None, '2018-02-13 11:00:00', 'Upcoming appointment', 'Do not forget that you have appointment 1596 in room 147.', 4);
INSERT INTO NOTIFICATION VALUES(None, '2018-02-13 11:00:00', 'Upcoming appointment', 'Do not forget that you have appointment 1596 in room 147.', 89);
INSERT INTO INVOICE_BILL VALUES('2018-02-13 11:30:00', 100, 14, True);
INSERT INTO MEDICAL_RECORD VALUES('Medical record description 808.', '2018-02-13 11:30:00', 1596, 9);
INSERT INTO APPOINTMENT VALUES(1597, 138, 1, '2016-07-19 14:30:00', '2016-07-19 14:45:00', 89, 3, None);
INSERT INTO NOTIFICATION VALUES(None, '2016-07-19 14:15:00', 'Upcoming appointment', 'Do not forget that you have appointment 1597 in room 138.', 1);
INSERT INTO NOTIFICATION VALUES(None, '2016-07-19 14:15:00', 'Upcoming appointment', 'Do not forget that you have appointment 1597 in room 138.', 89);
INSERT INTO INVOICE_BILL VALUES('2016-07-19 14:45:00', 950, 6, True);
INSERT INTO MEDICAL_RECORD VALUES('Medical record description 668.', '2016-07-19 14:45:00', 1597, 3);
INSERT INTO APPOINTMENT VALUES(1598, 409, 1, '2014-04-24 13:30:00', '2014-04-24 13:45:00', 89, 1, None);
INSERT INTO NOTIFICATION VALUES(None, '2014-04-24 13:15:00', 'Upcoming appointment', 'Do not forget that you have appointment 1598 in room 409.', 9);
INSERT INTO NOTIFICATION VALUES(None, '2014-04-24 13:15:00', 'Upcoming appointment', 'Do not forget that you have appointment 1598 in room 409.', 89);
INSERT INTO INVOICE_BILL VALUES('2014-04-24 13:45:00', 50, 7, False);
INSERT INTO MEDICAL_RECORD VALUES('Medical record description 408.', '2014-04-24 13:45:00', 1598, 1);
INSERT INTO APPOINTMENT VALUES(1599, 286, 1, '2009-10-09 13:15:00', '2009-10-09 13:30:00', 90, 3, None);
INSERT INTO NOTIFICATION VALUES(None, '2009-10-09 13:00:00', 'Upcoming appointment', 'Do not forget that you have appointment 1599 in room 286.', 10);
INSERT INTO NOTIFICATION VALUES(None, '2009-10-09 13:00:00', 'Upcoming appointment', 'Do not forget that you have appointment 1599 in room 286.', 90);
INSERT INTO INVOICE_BILL VALUES('2009-10-09 13:30:00', 450, 6, False);
INSERT INTO MEDICAL_RECORD VALUES('Medical record description 120.', '2009-10-09 13:30:00', 1599, 3);
INSERT INTO APPOINTMENT VALUES(1600, 362, 0, '2016-03-07 10:00:00', '2016-03-07 10:15:00', 90, 9, None);
INSERT INTO NOTIFICATION VALUES(None, '2016-03-07 09:45:00', 'Upcoming appointment', 'Do not forget that you have appointment 1600 in room 362.', 6);
INSERT INTO NOTIFICATION VALUES(None, '2016-03-07 09:45:00', 'Upcoming appointment', 'Do not forget that you have appointment 1600 in room 362.', 90);
INSERT INTO INVOICE_BILL VALUES('2016-03-07 10:15:00', 900, 8, True);
INSERT INTO MEDICAL_RECORD VALUES('Medical record description 664.', '2016-03-07 10:15:00', 1600, 9);
INSERT INTO APPOINTMENT VALUES(1601, 418, 1, '2017-07-17 17:45:00', '2017-07-17 18:00:00', 90, 1, None);
INSERT INTO NOTIFICATION VALUES(None, '2017-07-17 17:30:00', 'Upcoming appointment', 'Do not forget that you have appointment 1601 in room 418.', 1);
INSERT INTO NOTIFICATION VALUES(None, '2017-07-17 17:30:00', 'Upcoming appointment', 'Do not forget that you have appointment 1601 in room 418.', 90);
INSERT INTO INVOICE_BILL VALUES('2017-07-17 18:00:00', 700, 15, False);
INSERT INTO MEDICAL_RECORD VALUES('Medical record description 278.', '2017-07-17 18:00:00', 1601, 1);
INSERT INTO APPOINTMENT VALUES(1602, 159, 0, '2017-11-03 15:00:00', '2017-11-03 15:15:00', 90, 4, None);
INSERT INTO NOTIFICATION VALUES(None, '2017-11-03 14:45:00', 'Upcoming appointment', 'Do not forget that you have appointment 1602 in room 159.', 9);
INSERT INTO NOTIFICATION VALUES(None, '2017-11-03 14:45:00', 'Upcoming appointment', 'Do not forget that you have appointment 1602 in room 159.', 90);
INSERT INTO INVOICE_BILL VALUES('2017-11-03 15:15:00', 900, 2, False);
INSERT INTO MEDICAL_RECORD VALUES('Medical record description 230.', '2017-11-03 15:15:00', 1602, 4);
INSERT INTO APPOINTMENT VALUES(1603, 235, 1, '2019-11-20 15:15:00', '2019-11-20 15:30:00', 90, 6, None);
INSERT INTO NOTIFICATION VALUES(None, '2019-11-20 15:00:00', 'Upcoming appointment', 'Do not forget that you have appointment 1603 in room 235.', 2);
INSERT INTO NOTIFICATION VALUES(None, '2019-11-20 15:00:00', 'Upcoming appointment', 'Do not forget that you have appointment 1603 in room 235.', 90);
INSERT INTO INVOICE_BILL VALUES('2019-11-20 15:30:00', 250, 9, True);
INSERT INTO MEDICAL_RECORD VALUES('Medical record description 544.', '2019-11-20 15:30:00', 1603, 6);
INSERT INTO APPOINTMENT VALUES(1604, 227, 0, '2017-10-12 13:15:00', '2017-10-12 13:30:00', 91, 6, None);
INSERT INTO NOTIFICATION VALUES(None, '2017-10-12 13:00:00', 'Upcoming appointment', 'Do not forget that you have appointment 1604 in room 227.', 9);
INSERT INTO NOTIFICATION VALUES(None, '2017-10-12 13:00:00', 'Upcoming appointment', 'Do not forget that you have appointment 1604 in room 227.', 91);
INSERT INTO INVOICE_BILL VALUES('2017-10-12 13:30:00', 950, 8, True);
INSERT INTO MEDICAL_RECORD VALUES('Medical record description 890.', '2017-10-12 13:30:00', 1604, 6);
INSERT INTO APPOINTMENT VALUES(1605, 358, 1, '2015-07-02 16:30:00', '2015-07-02 16:45:00', 91, 4, None);
INSERT INTO NOTIFICATION VALUES(None, '2015-07-02 16:15:00', 'Upcoming appointment', 'Do not forget that you have appointment 1605 in room 358.', 9);
INSERT INTO NOTIFICATION VALUES(None, '2015-07-02 16:15:00', 'Upcoming appointment', 'Do not forget that you have appointment 1605 in room 358.', 91);
INSERT INTO INVOICE_BILL VALUES('2015-07-02 16:45:00', 450, 9, False);
INSERT INTO MEDICAL_RECORD VALUES('Medical record description 195.', '2015-07-02 16:45:00', 1605, 4);
INSERT INTO APPOINTMENT VALUES(1606, 401, 1, '2017-05-16 15:00:00', '2017-05-16 15:15:00', 91, 6, None);
INSERT INTO NOTIFICATION VALUES(None, '2017-05-16 14:45:00', 'Upcoming appointment', 'Do not forget that you have appointment 1606 in room 401.', 9);
INSERT INTO NOTIFICATION VALUES(None, '2017-05-16 14:45:00', 'Upcoming appointment', 'Do not forget that you have appointment 1606 in room 401.', 91);
INSERT INTO INVOICE_BILL VALUES('2017-05-16 15:15:00', 300, 15, False);
INSERT INTO MEDICAL_RECORD VALUES('Medical record description 282.', '2017-05-16 15:15:00', 1606, 6);
INSERT INTO APPOINTMENT VALUES(1607, 296, 1, '2018-10-10 15:00:00', '2018-10-10 15:15:00', 91, 10, None);
INSERT INTO NOTIFICATION VALUES(None, '2018-10-10 14:45:00', 'Upcoming appointment', 'Do not forget that you have appointment 1607 in room 296.', 7);
INSERT INTO NOTIFICATION VALUES(None, '2018-10-10 14:45:00', 'Upcoming appointment', 'Do not forget that you have appointment 1607 in room 296.', 91);
INSERT INTO INVOICE_BILL VALUES('2018-10-10 15:15:00', 450, 3, False);
INSERT INTO MEDICAL_RECORD VALUES('Medical record description 580.', '2018-10-10 15:15:00', 1607, 10);
INSERT INTO APPOINTMENT VALUES(1608, 449, 0, '2016-01-22 17:00:00', '2016-01-22 17:15:00', 91, 4, None);
INSERT INTO NOTIFICATION VALUES(None, '2016-01-22 16:45:00', 'Upcoming appointment', 'Do not forget that you have appointment 1608 in room 449.', 8);
INSERT INTO NOTIFICATION VALUES(None, '2016-01-22 16:45:00', 'Upcoming appointment', 'Do not forget that you have appointment 1608 in room 449.', 91);
INSERT INTO INVOICE_BILL VALUES('2016-01-22 17:15:00', 200, 12, False);
INSERT INTO MEDICAL_RECORD VALUES('Medical record description 856.', '2016-01-22 17:15:00', 1608, 4);
INSERT INTO APPOINTMENT VALUES(1609, 182, 1, '2018-06-11 16:45:00', '2018-06-11 17:00:00', 91, 3, None);
INSERT INTO NOTIFICATION VALUES(None, '2018-06-11 16:30:00', 'Upcoming appointment', 'Do not forget that you have appointment 1609 in room 182.', 2);
INSERT INTO NOTIFICATION VALUES(None, '2018-06-11 16:30:00', 'Upcoming appointment', 'Do not forget that you have appointment 1609 in room 182.', 91);
INSERT INTO INVOICE_BILL VALUES('2018-06-11 17:00:00', 200, 4, True);
INSERT INTO MEDICAL_RECORD VALUES('Medical record description 614.', '2018-06-11 17:00:00', 1609, 3);
INSERT INTO APPOINTMENT VALUES(1610, 118, 1, '2016-04-04 12:00:00', '2016-04-04 12:15:00', 91, 4, None);
INSERT INTO NOTIFICATION VALUES(None, '2016-04-04 11:45:00', 'Upcoming appointment', 'Do not forget that you have appointment 1610 in room 118.', 6);
INSERT INTO NOTIFICATION VALUES(None, '2016-04-04 11:45:00', 'Upcoming appointment', 'Do not forget that you have appointment 1610 in room 118.', 91);
INSERT INTO INVOICE_BILL VALUES('2016-04-04 12:15:00', 500, 11, False);
INSERT INTO MEDICAL_RECORD VALUES('Medical record description 244.', '2016-04-04 12:15:00', 1610, 4);
INSERT INTO APPOINTMENT VALUES(1611, 464, 1, '2019-11-05 14:15:00', '2019-11-05 14:30:00', 91, 4, None);
INSERT INTO NOTIFICATION VALUES(None, '2019-11-05 14:00:00', 'Upcoming appointment', 'Do not forget that you have appointment 1611 in room 464.', 3);
INSERT INTO NOTIFICATION VALUES(None, '2019-11-05 14:00:00', 'Upcoming appointment', 'Do not forget that you have appointment 1611 in room 464.', 91);
INSERT INTO INVOICE_BILL VALUES('2019-11-05 14:30:00', 800, 1, True);
INSERT INTO MEDICAL_RECORD VALUES('Medical record description 722.', '2019-11-05 14:30:00', 1611, 4);
INSERT INTO APPOINTMENT VALUES(1612, 180, 1, '2017-04-20 15:30:00', '2017-04-20 15:45:00', 91, 6, None);
INSERT INTO NOTIFICATION VALUES(None, '2017-04-20 15:15:00', 'Upcoming appointment', 'Do not forget that you have appointment 1612 in room 180.', 6);
INSERT INTO NOTIFICATION VALUES(None, '2017-04-20 15:15:00', 'Upcoming appointment', 'Do not forget that you have appointment 1612 in room 180.', 91);
INSERT INTO INVOICE_BILL VALUES('2017-04-20 15:45:00', 600, 1, False);
INSERT INTO MEDICAL_RECORD VALUES('Medical record description 32.', '2017-04-20 15:45:00', 1612, 6);
INSERT INTO APPOINTMENT VALUES(1613, 180, 1, '2019-11-21 12:15:00', '2019-11-21 12:30:00', 91, 4, None);
INSERT INTO NOTIFICATION VALUES(None, '2019-11-21 12:00:00', 'Upcoming appointment', 'Do not forget that you have appointment 1613 in room 180.', 9);
INSERT INTO NOTIFICATION VALUES(None, '2019-11-21 12:00:00', 'Upcoming appointment', 'Do not forget that you have appointment 1613 in room 180.', 91);
INSERT INTO INVOICE_BILL VALUES('2019-11-21 12:30:00', 650, 9, True);
INSERT INTO MEDICAL_RECORD VALUES('Medical record description 557.', '2019-11-21 12:30:00', 1613, 4);
INSERT INTO APPOINTMENT VALUES(1614, 454, 0, '2019-09-06 15:45:00', '2019-09-06 16:00:00', 91, 5, None);
INSERT INTO NOTIFICATION VALUES(None, '2019-09-06 15:30:00', 'Upcoming appointment', 'Do not forget that you have appointment 1614 in room 454.', 10);
INSERT INTO NOTIFICATION VALUES(None, '2019-09-06 15:30:00', 'Upcoming appointment', 'Do not forget that you have appointment 1614 in room 454.', 91);
INSERT INTO INVOICE_BILL VALUES('2019-09-06 16:00:00', 700, 6, True);
INSERT INTO MEDICAL_RECORD VALUES('Medical record description 320.', '2019-09-06 16:00:00', 1614, 5);
INSERT INTO APPOINTMENT VALUES(1615, 422, 1, '2018-01-05 10:45:00', '2018-01-05 11:00:00', 91, 10, None);
INSERT INTO NOTIFICATION VALUES(None, '2018-01-05 10:30:00', 'Upcoming appointment', 'Do not forget that you have appointment 1615 in room 422.', 2);
INSERT INTO NOTIFICATION VALUES(None, '2018-01-05 10:30:00', 'Upcoming appointment', 'Do not forget that you have appointment 1615 in room 422.', 91);
INSERT INTO INVOICE_BILL VALUES('2018-01-05 11:00:00', 700, 2, True);
INSERT INTO MEDICAL_RECORD VALUES('Medical record description 584.', '2018-01-05 11:00:00', 1615, 10);
INSERT INTO APPOINTMENT VALUES(1616, 412, 0, '2015-11-17 16:00:00', '2015-11-17 16:15:00', 91, 9, None);
INSERT INTO NOTIFICATION VALUES(None, '2015-11-17 15:45:00', 'Upcoming appointment', 'Do not forget that you have appointment 1616 in room 412.', 8);
INSERT INTO NOTIFICATION VALUES(None, '2015-11-17 15:45:00', 'Upcoming appointment', 'Do not forget that you have appointment 1616 in room 412.', 91);
INSERT INTO INVOICE_BILL VALUES('2015-11-17 16:15:00', 400, 13, False);
INSERT INTO MEDICAL_RECORD VALUES('Medical record description 195.', '2015-11-17 16:15:00', 1616, 9);
INSERT INTO APPOINTMENT VALUES(1617, 180, 0, '2016-06-08 14:00:00', '2016-06-08 14:15:00', 91, 9, None);
INSERT INTO NOTIFICATION VALUES(None, '2016-06-08 13:45:00', 'Upcoming appointment', 'Do not forget that you have appointment 1617 in room 180.', 9);
INSERT INTO NOTIFICATION VALUES(None, '2016-06-08 13:45:00', 'Upcoming appointment', 'Do not forget that you have appointment 1617 in room 180.', 91);
INSERT INTO INVOICE_BILL VALUES('2016-06-08 14:15:00', 700, 7, False);
INSERT INTO MEDICAL_RECORD VALUES('Medical record description 1.', '2016-06-08 14:15:00', 1617, 9);
INSERT INTO APPOINTMENT VALUES(1618, 194, 0, '2016-01-01 16:30:00', '2016-01-01 16:45:00', 91, 6, None);
INSERT INTO NOTIFICATION VALUES(None, '2016-01-01 16:15:00', 'Upcoming appointment', 'Do not forget that you have appointment 1618 in room 194.', 4);
INSERT INTO NOTIFICATION VALUES(None, '2016-01-01 16:15:00', 'Upcoming appointment', 'Do not forget that you have appointment 1618 in room 194.', 91);
INSERT INTO INVOICE_BILL VALUES('2016-01-01 16:45:00', 800, 2, False);
INSERT INTO MEDICAL_RECORD VALUES('Medical record description 778.', '2016-01-01 16:45:00', 1618, 6);
INSERT INTO APPOINTMENT VALUES(1619, 324, 0, '2019-05-20 12:30:00', '2019-05-20 12:45:00', 91, 10, None);
INSERT INTO NOTIFICATION VALUES(None, '2019-05-20 12:15:00', 'Upcoming appointment', 'Do not forget that you have appointment 1619 in room 324.', 4);
INSERT INTO NOTIFICATION VALUES(None, '2019-05-20 12:15:00', 'Upcoming appointment', 'Do not forget that you have appointment 1619 in room 324.', 91);
INSERT INTO INVOICE_BILL VALUES('2019-05-20 12:45:00', 750, 9, True);
INSERT INTO MEDICAL_RECORD VALUES('Medical record description 123.', '2019-05-20 12:45:00', 1619, 10);
INSERT INTO APPOINTMENT VALUES(1620, 275, 1, '2013-07-12 14:30:00', '2013-07-12 14:45:00', 91, 3, None);
INSERT INTO NOTIFICATION VALUES(None, '2013-07-12 14:15:00', 'Upcoming appointment', 'Do not forget that you have appointment 1620 in room 275.', 9);
INSERT INTO NOTIFICATION VALUES(None, '2013-07-12 14:15:00', 'Upcoming appointment', 'Do not forget that you have appointment 1620 in room 275.', 91);
INSERT INTO INVOICE_BILL VALUES('2013-07-12 14:45:00', 550, 12, False);
INSERT INTO MEDICAL_RECORD VALUES('Medical record description 997.', '2013-07-12 14:45:00', 1620, 3);
INSERT INTO APPOINTMENT VALUES(1621, 285, 1, '2017-10-31 13:00:00', '2017-10-31 13:15:00', 91, 1, None);
INSERT INTO NOTIFICATION VALUES(None, '2017-10-31 12:45:00', 'Upcoming appointment', 'Do not forget that you have appointment 1621 in room 285.', 10);
INSERT INTO NOTIFICATION VALUES(None, '2017-10-31 12:45:00', 'Upcoming appointment', 'Do not forget that you have appointment 1621 in room 285.', 91);
INSERT INTO INVOICE_BILL VALUES('2017-10-31 13:15:00', 900, 8, True);
INSERT INTO MEDICAL_RECORD VALUES('Medical record description 138.', '2017-10-31 13:15:00', 1621, 1);
INSERT INTO APPOINTMENT VALUES(1622, 337, 1, '2019-10-23 11:30:00', '2019-10-23 11:45:00', 91, 5, None);
INSERT INTO NOTIFICATION VALUES(None, '2019-10-23 11:15:00', 'Upcoming appointment', 'Do not forget that you have appointment 1622 in room 337.', 2);
INSERT INTO NOTIFICATION VALUES(None, '2019-10-23 11:15:00', 'Upcoming appointment', 'Do not forget that you have appointment 1622 in room 337.', 91);
INSERT INTO INVOICE_BILL VALUES('2019-10-23 11:45:00', 700, 10, False);
INSERT INTO MEDICAL_RECORD VALUES('Medical record description 809.', '2019-10-23 11:45:00', 1622, 5);
INSERT INTO APPOINTMENT VALUES(1623, 346, 1, '2017-11-10 17:30:00', '2017-11-10 17:45:00', 91, 6, None);
INSERT INTO NOTIFICATION VALUES(None, '2017-11-10 17:15:00', 'Upcoming appointment', 'Do not forget that you have appointment 1623 in room 346.', 8);
INSERT INTO NOTIFICATION VALUES(None, '2017-11-10 17:15:00', 'Upcoming appointment', 'Do not forget that you have appointment 1623 in room 346.', 91);
INSERT INTO INVOICE_BILL VALUES('2017-11-10 17:45:00', 650, 14, True);
INSERT INTO MEDICAL_RECORD VALUES('Medical record description 228.', '2017-11-10 17:45:00', 1623, 6);
INSERT INTO APPOINTMENT VALUES(1624, 451, 1, '2018-08-10 12:30:00', '2018-08-10 12:45:00', 91, 5, None);
INSERT INTO NOTIFICATION VALUES(None, '2018-08-10 12:15:00', 'Upcoming appointment', 'Do not forget that you have appointment 1624 in room 451.', 10);
INSERT INTO NOTIFICATION VALUES(None, '2018-08-10 12:15:00', 'Upcoming appointment', 'Do not forget that you have appointment 1624 in room 451.', 91);
INSERT INTO INVOICE_BILL VALUES('2018-08-10 12:45:00', 650, 10, True);
INSERT INTO MEDICAL_RECORD VALUES('Medical record description 804.', '2018-08-10 12:45:00', 1624, 5);
INSERT INTO APPOINTMENT VALUES(1625, 294, 1, '2014-01-20 10:45:00', '2014-01-20 11:00:00', 91, 1, None);
INSERT INTO NOTIFICATION VALUES(None, '2014-01-20 10:30:00', 'Upcoming appointment', 'Do not forget that you have appointment 1625 in room 294.', 1);
INSERT INTO NOTIFICATION VALUES(None, '2014-01-20 10:30:00', 'Upcoming appointment', 'Do not forget that you have appointment 1625 in room 294.', 91);
INSERT INTO INVOICE_BILL VALUES('2014-01-20 11:00:00', 350, 13, True);
INSERT INTO MEDICAL_RECORD VALUES('Medical record description 4.', '2014-01-20 11:00:00', 1625, 1);
INSERT INTO APPOINTMENT VALUES(1626, 377, 0, '2016-11-28 12:30:00', '2016-11-28 12:45:00', 91, 2, None);
INSERT INTO NOTIFICATION VALUES(None, '2016-11-28 12:15:00', 'Upcoming appointment', 'Do not forget that you have appointment 1626 in room 377.', 8);
INSERT INTO NOTIFICATION VALUES(None, '2016-11-28 12:15:00', 'Upcoming appointment', 'Do not forget that you have appointment 1626 in room 377.', 91);
INSERT INTO INVOICE_BILL VALUES('2016-11-28 12:45:00', 350, 14, True);
INSERT INTO MEDICAL_RECORD VALUES('Medical record description 464.', '2016-11-28 12:45:00', 1626, 2);
INSERT INTO APPOINTMENT VALUES(1627, 389, 1, '2017-01-31 15:15:00', '2017-01-31 15:30:00', 91, 10, None);
INSERT INTO NOTIFICATION VALUES(None, '2017-01-31 15:00:00', 'Upcoming appointment', 'Do not forget that you have appointment 1627 in room 389.', 10);
INSERT INTO NOTIFICATION VALUES(None, '2017-01-31 15:00:00', 'Upcoming appointment', 'Do not forget that you have appointment 1627 in room 389.', 91);
INSERT INTO INVOICE_BILL VALUES('2017-01-31 15:30:00', 900, 2, False);
INSERT INTO MEDICAL_RECORD VALUES('Medical record description 865.', '2017-01-31 15:30:00', 1627, 10);
INSERT INTO APPOINTMENT VALUES(1628, 412, 1, '2019-07-02 10:45:00', '2019-07-02 11:00:00', 91, 3, None);
INSERT INTO NOTIFICATION VALUES(None, '2019-07-02 10:30:00', 'Upcoming appointment', 'Do not forget that you have appointment 1628 in room 412.', 5);
INSERT INTO NOTIFICATION VALUES(None, '2019-07-02 10:30:00', 'Upcoming appointment', 'Do not forget that you have appointment 1628 in room 412.', 91);
INSERT INTO INVOICE_BILL VALUES('2019-07-02 11:00:00', 400, 14, False);
INSERT INTO MEDICAL_RECORD VALUES('Medical record description 622.', '2019-07-02 11:00:00', 1628, 3);
INSERT INTO APPOINTMENT VALUES(1629, 315, 0, '2014-12-30 11:30:00', '2014-12-30 11:45:00', 91, 2, None);
INSERT INTO NOTIFICATION VALUES(None, '2014-12-30 11:15:00', 'Upcoming appointment', 'Do not forget that you have appointment 1629 in room 315.', 5);
INSERT INTO NOTIFICATION VALUES(None, '2014-12-30 11:15:00', 'Upcoming appointment', 'Do not forget that you have appointment 1629 in room 315.', 91);
INSERT INTO INVOICE_BILL VALUES('2014-12-30 11:45:00', 150, 14, True);
INSERT INTO MEDICAL_RECORD VALUES('Medical record description 265.', '2014-12-30 11:45:00', 1629, 2);
INSERT INTO APPOINTMENT VALUES(1630, 241, 0, '2018-06-14 10:15:00', '2018-06-14 10:30:00', 91, 1, None);
INSERT INTO NOTIFICATION VALUES(None, '2018-06-14 10:00:00', 'Upcoming appointment', 'Do not forget that you have appointment 1630 in room 241.', 6);
INSERT INTO NOTIFICATION VALUES(None, '2018-06-14 10:00:00', 'Upcoming appointment', 'Do not forget that you have appointment 1630 in room 241.', 91);
INSERT INTO INVOICE_BILL VALUES('2018-06-14 10:30:00', 650, 4, True);
INSERT INTO MEDICAL_RECORD VALUES('Medical record description 942.', '2018-06-14 10:30:00', 1630, 1);
INSERT INTO APPOINTMENT VALUES(1631, 425, 1, '2011-04-26 13:45:00', '2011-04-26 14:00:00', 91, 3, None);
INSERT INTO NOTIFICATION VALUES(None, '2011-04-26 13:30:00', 'Upcoming appointment', 'Do not forget that you have appointment 1631 in room 425.', 9);
INSERT INTO NOTIFICATION VALUES(None, '2011-04-26 13:30:00', 'Upcoming appointment', 'Do not forget that you have appointment 1631 in room 425.', 91);
INSERT INTO INVOICE_BILL VALUES('2011-04-26 14:00:00', 950, 14, True);
INSERT INTO MEDICAL_RECORD VALUES('Medical record description 829.', '2011-04-26 14:00:00', 1631, 3);
INSERT INTO APPOINTMENT VALUES(1632, 243, 1, '2018-02-09 14:45:00', '2018-02-09 15:00:00', 91, 6, None);
INSERT INTO NOTIFICATION VALUES(None, '2018-02-09 14:30:00', 'Upcoming appointment', 'Do not forget that you have appointment 1632 in room 243.', 8);
INSERT INTO NOTIFICATION VALUES(None, '2018-02-09 14:30:00', 'Upcoming appointment', 'Do not forget that you have appointment 1632 in room 243.', 91);
INSERT INTO INVOICE_BILL VALUES('2018-02-09 15:00:00', 650, 3, False);
INSERT INTO MEDICAL_RECORD VALUES('Medical record description 411.', '2018-02-09 15:00:00', 1632, 6);
INSERT INTO APPOINTMENT VALUES(1633, 397, 0, '2013-12-03 15:30:00', '2013-12-03 15:45:00', 91, 1, None);
INSERT INTO NOTIFICATION VALUES(None, '2013-12-03 15:15:00', 'Upcoming appointment', 'Do not forget that you have appointment 1633 in room 397.', 8);
INSERT INTO NOTIFICATION VALUES(None, '2013-12-03 15:15:00', 'Upcoming appointment', 'Do not forget that you have appointment 1633 in room 397.', 91);
INSERT INTO INVOICE_BILL VALUES('2013-12-03 15:45:00', 950, 5, True);
INSERT INTO MEDICAL_RECORD VALUES('Medical record description 671.', '2013-12-03 15:45:00', 1633, 1);
INSERT INTO APPOINTMENT VALUES(1634, 331, 0, '2017-09-20 16:30:00', '2017-09-20 16:45:00', 92, 1, None);
INSERT INTO NOTIFICATION VALUES(None, '2017-09-20 16:15:00', 'Upcoming appointment', 'Do not forget that you have appointment 1634 in room 331.', 9);
INSERT INTO NOTIFICATION VALUES(None, '2017-09-20 16:15:00', 'Upcoming appointment', 'Do not forget that you have appointment 1634 in room 331.', 92);
INSERT INTO INVOICE_BILL VALUES('2017-09-20 16:45:00', 650, 1, True);
INSERT INTO MEDICAL_RECORD VALUES('Medical record description 138.', '2017-09-20 16:45:00', 1634, 1);
INSERT INTO APPOINTMENT VALUES(1635, 192, 1, '2016-04-14 14:15:00', '2016-04-14 14:30:00', 92, 9, None);
INSERT INTO NOTIFICATION VALUES(None, '2016-04-14 14:00:00', 'Upcoming appointment', 'Do not forget that you have appointment 1635 in room 192.', 1);
INSERT INTO NOTIFICATION VALUES(None, '2016-04-14 14:00:00', 'Upcoming appointment', 'Do not forget that you have appointment 1635 in room 192.', 92);
INSERT INTO INVOICE_BILL VALUES('2016-04-14 14:30:00', 850, 13, False);
INSERT INTO MEDICAL_RECORD VALUES('Medical record description 184.', '2016-04-14 14:30:00', 1635, 9);
INSERT INTO APPOINTMENT VALUES(1636, 216, 0, '2017-02-02 17:30:00', '2017-02-02 17:45:00', 92, 9, None);
INSERT INTO NOTIFICATION VALUES(None, '2017-02-02 17:15:00', 'Upcoming appointment', 'Do not forget that you have appointment 1636 in room 216.', 9);
INSERT INTO NOTIFICATION VALUES(None, '2017-02-02 17:15:00', 'Upcoming appointment', 'Do not forget that you have appointment 1636 in room 216.', 92);
INSERT INTO INVOICE_BILL VALUES('2017-02-02 17:45:00', 900, 2, False);
INSERT INTO MEDICAL_RECORD VALUES('Medical record description 664.', '2017-02-02 17:45:00', 1636, 9);
INSERT INTO APPOINTMENT VALUES(1637, 101, 1, '2018-05-17 17:45:00', '2018-05-17 18:00:00', 92, 8, None);
INSERT INTO NOTIFICATION VALUES(None, '2018-05-17 17:30:00', 'Upcoming appointment', 'Do not forget that you have appointment 1637 in room 101.', 2);
INSERT INTO NOTIFICATION VALUES(None, '2018-05-17 17:30:00', 'Upcoming appointment', 'Do not forget that you have appointment 1637 in room 101.', 92);
INSERT INTO INVOICE_BILL VALUES('2018-05-17 18:00:00', 200, 13, False);
INSERT INTO MEDICAL_RECORD VALUES('Medical record description 755.', '2018-05-17 18:00:00', 1637, 8);
INSERT INTO APPOINTMENT VALUES(1638, 177, 0, '2014-12-22 12:15:00', '2014-12-22 12:30:00', 92, 9, None);
INSERT INTO NOTIFICATION VALUES(None, '2014-12-22 12:00:00', 'Upcoming appointment', 'Do not forget that you have appointment 1638 in room 177.', 9);
INSERT INTO NOTIFICATION VALUES(None, '2014-12-22 12:00:00', 'Upcoming appointment', 'Do not forget that you have appointment 1638 in room 177.', 92);
INSERT INTO INVOICE_BILL VALUES('2014-12-22 12:30:00', 850, 6, True);
INSERT INTO MEDICAL_RECORD VALUES('Medical record description 138.', '2014-12-22 12:30:00', 1638, 9);
INSERT INTO APPOINTMENT VALUES(1639, 364, 1, '2015-11-10 15:30:00', '2015-11-10 15:45:00', 92, 2, None);
INSERT INTO NOTIFICATION VALUES(None, '2015-11-10 15:15:00', 'Upcoming appointment', 'Do not forget that you have appointment 1639 in room 364.', 5);
INSERT INTO NOTIFICATION VALUES(None, '2015-11-10 15:15:00', 'Upcoming appointment', 'Do not forget that you have appointment 1639 in room 364.', 92);
INSERT INTO INVOICE_BILL VALUES('2015-11-10 15:45:00', 700, 5, False);
INSERT INTO MEDICAL_RECORD VALUES('Medical record description 714.', '2015-11-10 15:45:00', 1639, 2);
INSERT INTO APPOINTMENT VALUES(1640, 422, 0, '2016-10-10 11:45:00', '2016-10-10 12:00:00', 92, 2, None);
INSERT INTO NOTIFICATION VALUES(None, '2016-10-10 11:30:00', 'Upcoming appointment', 'Do not forget that you have appointment 1640 in room 422.', 4);
INSERT INTO NOTIFICATION VALUES(None, '2016-10-10 11:30:00', 'Upcoming appointment', 'Do not forget that you have appointment 1640 in room 422.', 92);
INSERT INTO INVOICE_BILL VALUES('2016-10-10 12:00:00', 750, 6, False);
INSERT INTO MEDICAL_RECORD VALUES('Medical record description 400.', '2016-10-10 12:00:00', 1640, 2);
INSERT INTO APPOINTMENT VALUES(1641, 212, 1, '2019-08-12 17:00:00', '2019-08-12 17:15:00', 92, 9, None);
INSERT INTO NOTIFICATION VALUES(None, '2019-08-12 16:45:00', 'Upcoming appointment', 'Do not forget that you have appointment 1641 in room 212.', 6);
INSERT INTO NOTIFICATION VALUES(None, '2019-08-12 16:45:00', 'Upcoming appointment', 'Do not forget that you have appointment 1641 in room 212.', 92);
INSERT INTO INVOICE_BILL VALUES('2019-08-12 17:15:00', 200, 1, True);
INSERT INTO MEDICAL_RECORD VALUES('Medical record description 195.', '2019-08-12 17:15:00', 1641, 9);
INSERT INTO APPOINTMENT VALUES(1642, 307, 0, '2010-09-15 12:30:00', '2010-09-15 12:45:00', 92, 3, None);
INSERT INTO NOTIFICATION VALUES(None, '2010-09-15 12:15:00', 'Upcoming appointment', 'Do not forget that you have appointment 1642 in room 307.', 3);
INSERT INTO NOTIFICATION VALUES(None, '2010-09-15 12:15:00', 'Upcoming appointment', 'Do not forget that you have appointment 1642 in room 307.', 92);
INSERT INTO INVOICE_BILL VALUES('2010-09-15 12:45:00', 800, 11, True);
INSERT INTO MEDICAL_RECORD VALUES('Medical record description 998.', '2010-09-15 12:45:00', 1642, 3);
INSERT INTO APPOINTMENT VALUES(1643, 185, 0, '2014-10-22 11:15:00', '2014-10-22 11:30:00', 92, 1, None);
INSERT INTO NOTIFICATION VALUES(None, '2014-10-22 11:00:00', 'Upcoming appointment', 'Do not forget that you have appointment 1643 in room 185.', 7);
INSERT INTO NOTIFICATION VALUES(None, '2014-10-22 11:00:00', 'Upcoming appointment', 'Do not forget that you have appointment 1643 in room 185.', 92);
INSERT INTO INVOICE_BILL VALUES('2014-10-22 11:30:00', 850, 11, True);
INSERT INTO MEDICAL_RECORD VALUES('Medical record description 52.', '2014-10-22 11:30:00', 1643, 1);
INSERT INTO APPOINTMENT VALUES(1644, 354, 1, '2018-02-15 13:00:00', '2018-02-15 13:15:00', 92, 5, None);
INSERT INTO NOTIFICATION VALUES(None, '2018-02-15 12:45:00', 'Upcoming appointment', 'Do not forget that you have appointment 1644 in room 354.', 5);
INSERT INTO NOTIFICATION VALUES(None, '2018-02-15 12:45:00', 'Upcoming appointment', 'Do not forget that you have appointment 1644 in room 354.', 92);
INSERT INTO INVOICE_BILL VALUES('2018-02-15 13:15:00', 1000, 5, False);
INSERT INTO MEDICAL_RECORD VALUES('Medical record description 701.', '2018-02-15 13:15:00', 1644, 5);
INSERT INTO APPOINTMENT VALUES(1645, 423, 0, '2014-06-10 10:30:00', '2014-06-10 10:45:00', 92, 1, None);
INSERT INTO NOTIFICATION VALUES(None, '2014-06-10 10:15:00', 'Upcoming appointment', 'Do not forget that you have appointment 1645 in room 423.', 6);
INSERT INTO NOTIFICATION VALUES(None, '2014-06-10 10:15:00', 'Upcoming appointment', 'Do not forget that you have appointment 1645 in room 423.', 92);
INSERT INTO INVOICE_BILL VALUES('2014-06-10 10:45:00', 900, 9, True);
INSERT INTO MEDICAL_RECORD VALUES('Medical record description 175.', '2014-06-10 10:45:00', 1645, 1);
INSERT INTO APPOINTMENT VALUES(1646, 304, 1, '2018-07-18 17:15:00', '2018-07-18 17:30:00', 92, 4, None);
INSERT INTO NOTIFICATION VALUES(None, '2018-07-18 17:00:00', 'Upcoming appointment', 'Do not forget that you have appointment 1646 in room 304.', 9);
INSERT INTO NOTIFICATION VALUES(None, '2018-07-18 17:00:00', 'Upcoming appointment', 'Do not forget that you have appointment 1646 in room 304.', 92);
INSERT INTO INVOICE_BILL VALUES('2018-07-18 17:30:00', 950, 15, True);
INSERT INTO MEDICAL_RECORD VALUES('Medical record description 293.', '2018-07-18 17:30:00', 1646, 4);
INSERT INTO APPOINTMENT VALUES(1647, 201, 1, '2018-06-26 14:45:00', '2018-06-26 15:00:00', 92, 4, None);
INSERT INTO NOTIFICATION VALUES(None, '2018-06-26 14:30:00', 'Upcoming appointment', 'Do not forget that you have appointment 1647 in room 201.', 7);
INSERT INTO NOTIFICATION VALUES(None, '2018-06-26 14:30:00', 'Upcoming appointment', 'Do not forget that you have appointment 1647 in room 201.', 92);
INSERT INTO INVOICE_BILL VALUES('2018-06-26 15:00:00', 550, 3, True);
INSERT INTO MEDICAL_RECORD VALUES('Medical record description 402.', '2018-06-26 15:00:00', 1647, 4);
INSERT INTO APPOINTMENT VALUES(1648, 287, 1, '2009-11-03 15:15:00', '2009-11-03 15:30:00', 92, 3, None);
INSERT INTO NOTIFICATION VALUES(None, '2009-11-03 15:00:00', 'Upcoming appointment', 'Do not forget that you have appointment 1648 in room 287.', 1);
INSERT INTO NOTIFICATION VALUES(None, '2009-11-03 15:00:00', 'Upcoming appointment', 'Do not forget that you have appointment 1648 in room 287.', 92);
INSERT INTO INVOICE_BILL VALUES('2009-11-03 15:30:00', 150, 12, False);
INSERT INTO MEDICAL_RECORD VALUES('Medical record description 374.', '2009-11-03 15:30:00', 1648, 3);
INSERT INTO APPOINTMENT VALUES(1649, 389, 0, '2016-10-27 14:45:00', '2016-10-27 15:00:00', 92, 1, None);
INSERT INTO NOTIFICATION VALUES(None, '2016-10-27 14:30:00', 'Upcoming appointment', 'Do not forget that you have appointment 1649 in room 389.', 9);
INSERT INTO NOTIFICATION VALUES(None, '2016-10-27 14:30:00', 'Upcoming appointment', 'Do not forget that you have appointment 1649 in room 389.', 92);
INSERT INTO INVOICE_BILL VALUES('2016-10-27 15:00:00', 150, 5, False);
INSERT INTO MEDICAL_RECORD VALUES('Medical record description 396.', '2016-10-27 15:00:00', 1649, 1);
INSERT INTO APPOINTMENT VALUES(1650, 123, 0, '2018-08-17 11:15:00', '2018-08-17 11:30:00', 92, 1, None);
INSERT INTO NOTIFICATION VALUES(None, '2018-08-17 11:00:00', 'Upcoming appointment', 'Do not forget that you have appointment 1650 in room 123.', 5);
INSERT INTO NOTIFICATION VALUES(None, '2018-08-17 11:00:00', 'Upcoming appointment', 'Do not forget that you have appointment 1650 in room 123.', 92);
INSERT INTO INVOICE_BILL VALUES('2018-08-17 11:30:00', 150, 9, True);
INSERT INTO MEDICAL_RECORD VALUES('Medical record description 375.', '2018-08-17 11:30:00', 1650, 1);
INSERT INTO APPOINTMENT VALUES(1651, 320, 1, '2018-08-14 11:15:00', '2018-08-14 11:30:00', 92, 6, None);
INSERT INTO NOTIFICATION VALUES(None, '2018-08-14 11:00:00', 'Upcoming appointment', 'Do not forget that you have appointment 1651 in room 320.', 1);
INSERT INTO NOTIFICATION VALUES(None, '2018-08-14 11:00:00', 'Upcoming appointment', 'Do not forget that you have appointment 1651 in room 320.', 92);
INSERT INTO INVOICE_BILL VALUES('2018-08-14 11:30:00', 200, 10, False);
INSERT INTO MEDICAL_RECORD VALUES('Medical record description 358.', '2018-08-14 11:30:00', 1651, 6);
INSERT INTO APPOINTMENT VALUES(1652, 404, 1, '2017-07-11 17:45:00', '2017-07-11 18:00:00', 92, 4, None);
INSERT INTO NOTIFICATION VALUES(None, '2017-07-11 17:30:00', 'Upcoming appointment', 'Do not forget that you have appointment 1652 in room 404.', 10);
INSERT INTO NOTIFICATION VALUES(None, '2017-07-11 17:30:00', 'Upcoming appointment', 'Do not forget that you have appointment 1652 in room 404.', 92);
INSERT INTO INVOICE_BILL VALUES('2017-07-11 18:00:00', 50, 3, False);
INSERT INTO MEDICAL_RECORD VALUES('Medical record description 690.', '2017-07-11 18:00:00', 1652, 4);
INSERT INTO APPOINTMENT VALUES(1653, 494, 0, '2019-08-05 17:30:00', '2019-08-05 17:45:00', 93, 10, None);
INSERT INTO NOTIFICATION VALUES(None, '2019-08-05 17:15:00', 'Upcoming appointment', 'Do not forget that you have appointment 1653 in room 494.', 8);
INSERT INTO NOTIFICATION VALUES(None, '2019-08-05 17:15:00', 'Upcoming appointment', 'Do not forget that you have appointment 1653 in room 494.', 93);
INSERT INTO INVOICE_BILL VALUES('2019-08-05 17:45:00', 450, 12, True);
INSERT INTO MEDICAL_RECORD VALUES('Medical record description 711.', '2019-08-05 17:45:00', 1653, 10);
INSERT INTO APPOINTMENT VALUES(1654, 296, 1, '2017-12-11 15:45:00', '2017-12-11 16:00:00', 93, 3, None);
INSERT INTO NOTIFICATION VALUES(None, '2017-12-11 15:30:00', 'Upcoming appointment', 'Do not forget that you have appointment 1654 in room 296.', 3);
INSERT INTO NOTIFICATION VALUES(None, '2017-12-11 15:30:00', 'Upcoming appointment', 'Do not forget that you have appointment 1654 in room 296.', 93);
INSERT INTO INVOICE_BILL VALUES('2017-12-11 16:00:00', 100, 4, True);
INSERT INTO MEDICAL_RECORD VALUES('Medical record description 422.', '2017-12-11 16:00:00', 1654, 3);
INSERT INTO APPOINTMENT VALUES(1655, 176, 1, '2019-08-15 12:00:00', '2019-08-15 12:15:00', 93, 6, None);
INSERT INTO NOTIFICATION VALUES(None, '2019-08-15 11:45:00', 'Upcoming appointment', 'Do not forget that you have appointment 1655 in room 176.', 6);
INSERT INTO NOTIFICATION VALUES(None, '2019-08-15 11:45:00', 'Upcoming appointment', 'Do not forget that you have appointment 1655 in room 176.', 93);
INSERT INTO INVOICE_BILL VALUES('2019-08-15 12:15:00', 200, 3, False);
INSERT INTO MEDICAL_RECORD VALUES('Medical record description 626.', '2019-08-15 12:15:00', 1655, 6);
INSERT INTO APPOINTMENT VALUES(1656, 109, 1, '2018-08-23 15:15:00', '2018-08-23 15:30:00', 93, 3, None);
INSERT INTO NOTIFICATION VALUES(None, '2018-08-23 15:00:00', 'Upcoming appointment', 'Do not forget that you have appointment 1656 in room 109.', 4);
INSERT INTO NOTIFICATION VALUES(None, '2018-08-23 15:00:00', 'Upcoming appointment', 'Do not forget that you have appointment 1656 in room 109.', 93);
INSERT INTO INVOICE_BILL VALUES('2018-08-23 15:30:00', 550, 3, True);
INSERT INTO MEDICAL_RECORD VALUES('Medical record description 975.', '2018-08-23 15:30:00', 1656, 3);
INSERT INTO APPOINTMENT VALUES(1657, 187, 0, '2015-09-17 13:15:00', '2015-09-17 13:30:00', 93, 3, None);
INSERT INTO NOTIFICATION VALUES(None, '2015-09-17 13:00:00', 'Upcoming appointment', 'Do not forget that you have appointment 1657 in room 187.', 7);
INSERT INTO NOTIFICATION VALUES(None, '2015-09-17 13:00:00', 'Upcoming appointment', 'Do not forget that you have appointment 1657 in room 187.', 93);
INSERT INTO INVOICE_BILL VALUES('2015-09-17 13:30:00', 600, 10, True);
INSERT INTO MEDICAL_RECORD VALUES('Medical record description 214.', '2015-09-17 13:30:00', 1657, 3);
INSERT INTO APPOINTMENT VALUES(1658, 463, 0, '2016-04-19 13:30:00', '2016-04-19 13:45:00', 93, 6, None);
INSERT INTO NOTIFICATION VALUES(None, '2016-04-19 13:15:00', 'Upcoming appointment', 'Do not forget that you have appointment 1658 in room 463.', 10);
INSERT INTO NOTIFICATION VALUES(None, '2016-04-19 13:15:00', 'Upcoming appointment', 'Do not forget that you have appointment 1658 in room 463.', 93);
INSERT INTO INVOICE_BILL VALUES('2016-04-19 13:45:00', 500, 4, True);
INSERT INTO MEDICAL_RECORD VALUES('Medical record description 900.', '2016-04-19 13:45:00', 1658, 6);
INSERT INTO APPOINTMENT VALUES(1659, 114, 1, '2019-03-04 10:30:00', '2019-03-04 10:45:00', 93, 5, None);
INSERT INTO NOTIFICATION VALUES(None, '2019-03-04 10:15:00', 'Upcoming appointment', 'Do not forget that you have appointment 1659 in room 114.', 10);
INSERT INTO NOTIFICATION VALUES(None, '2019-03-04 10:15:00', 'Upcoming appointment', 'Do not forget that you have appointment 1659 in room 114.', 93);
INSERT INTO INVOICE_BILL VALUES('2019-03-04 10:45:00', 950, 10, False);
INSERT INTO MEDICAL_RECORD VALUES('Medical record description 589.', '2019-03-04 10:45:00', 1659, 5);
INSERT INTO APPOINTMENT VALUES(1660, 381, 0, '2017-05-04 14:45:00', '2017-05-04 15:00:00', 93, 8, None);
INSERT INTO NOTIFICATION VALUES(None, '2017-05-04 14:30:00', 'Upcoming appointment', 'Do not forget that you have appointment 1660 in room 381.', 6);
INSERT INTO NOTIFICATION VALUES(None, '2017-05-04 14:30:00', 'Upcoming appointment', 'Do not forget that you have appointment 1660 in room 381.', 93);
INSERT INTO INVOICE_BILL VALUES('2017-05-04 15:00:00', 150, 13, False);
INSERT INTO MEDICAL_RECORD VALUES('Medical record description 847.', '2017-05-04 15:00:00', 1660, 8);
INSERT INTO APPOINTMENT VALUES(1661, 226, 0, '2019-09-13 13:45:00', '2019-09-13 14:00:00', 93, 3, None);
INSERT INTO NOTIFICATION VALUES(None, '2019-09-13 13:30:00', 'Upcoming appointment', 'Do not forget that you have appointment 1661 in room 226.', 3);
INSERT INTO NOTIFICATION VALUES(None, '2019-09-13 13:30:00', 'Upcoming appointment', 'Do not forget that you have appointment 1661 in room 226.', 93);
INSERT INTO INVOICE_BILL VALUES('2019-09-13 14:00:00', 700, 11, False);
INSERT INTO MEDICAL_RECORD VALUES('Medical record description 813.', '2019-09-13 14:00:00', 1661, 3);
INSERT INTO APPOINTMENT VALUES(1662, 335, 1, '2017-07-27 16:45:00', '2017-07-27 17:00:00', 93, 6, None);
INSERT INTO NOTIFICATION VALUES(None, '2017-07-27 16:30:00', 'Upcoming appointment', 'Do not forget that you have appointment 1662 in room 335.', 9);
INSERT INTO NOTIFICATION VALUES(None, '2017-07-27 16:30:00', 'Upcoming appointment', 'Do not forget that you have appointment 1662 in room 335.', 93);
INSERT INTO INVOICE_BILL VALUES('2017-07-27 17:00:00', 100, 4, True);
INSERT INTO MEDICAL_RECORD VALUES('Medical record description 557.', '2017-07-27 17:00:00', 1662, 6);
INSERT INTO APPOINTMENT VALUES(1663, 191, 1, '2016-12-09 12:00:00', '2016-12-09 12:15:00', 93, 1, None);
INSERT INTO NOTIFICATION VALUES(None, '2016-12-09 11:45:00', 'Upcoming appointment', 'Do not forget that you have appointment 1663 in room 191.', 1);
INSERT INTO NOTIFICATION VALUES(None, '2016-12-09 11:45:00', 'Upcoming appointment', 'Do not forget that you have appointment 1663 in room 191.', 93);
INSERT INTO INVOICE_BILL VALUES('2016-12-09 12:15:00', 600, 13, False);
INSERT INTO MEDICAL_RECORD VALUES('Medical record description 92.', '2016-12-09 12:15:00', 1663, 1);
INSERT INTO APPOINTMENT VALUES(1664, 272, 0, '2017-01-19 14:45:00', '2017-01-19 15:00:00', 93, 4, None);
INSERT INTO NOTIFICATION VALUES(None, '2017-01-19 14:30:00', 'Upcoming appointment', 'Do not forget that you have appointment 1664 in room 272.', 2);
INSERT INTO NOTIFICATION VALUES(None, '2017-01-19 14:30:00', 'Upcoming appointment', 'Do not forget that you have appointment 1664 in room 272.', 93);
INSERT INTO INVOICE_BILL VALUES('2017-01-19 15:00:00', 500, 3, False);
INSERT INTO MEDICAL_RECORD VALUES('Medical record description 909.', '2017-01-19 15:00:00', 1664, 4);
INSERT INTO APPOINTMENT VALUES(1665, 216, 0, '2016-06-01 15:45:00', '2016-06-01 16:00:00', 93, 6, None);
INSERT INTO NOTIFICATION VALUES(None, '2016-06-01 15:30:00', 'Upcoming appointment', 'Do not forget that you have appointment 1665 in room 216.', 1);
INSERT INTO NOTIFICATION VALUES(None, '2016-06-01 15:30:00', 'Upcoming appointment', 'Do not forget that you have appointment 1665 in room 216.', 93);
INSERT INTO INVOICE_BILL VALUES('2016-06-01 16:00:00', 950, 3, True);
INSERT INTO MEDICAL_RECORD VALUES('Medical record description 606.', '2016-06-01 16:00:00', 1665, 6);
INSERT INTO APPOINTMENT VALUES(1666, 456, 0, '2018-07-31 14:45:00', '2018-07-31 15:00:00', 93, 4, None);
INSERT INTO NOTIFICATION VALUES(None, '2018-07-31 14:30:00', 'Upcoming appointment', 'Do not forget that you have appointment 1666 in room 456.', 3);
INSERT INTO NOTIFICATION VALUES(None, '2018-07-31 14:30:00', 'Upcoming appointment', 'Do not forget that you have appointment 1666 in room 456.', 93);
INSERT INTO INVOICE_BILL VALUES('2018-07-31 15:00:00', 500, 2, True);
INSERT INTO MEDICAL_RECORD VALUES('Medical record description 371.', '2018-07-31 15:00:00', 1666, 4);
INSERT INTO APPOINTMENT VALUES(1667, 386, 1, '2018-11-22 13:15:00', '2018-11-22 13:30:00', 93, 7, None);
INSERT INTO NOTIFICATION VALUES(None, '2018-11-22 13:00:00', 'Upcoming appointment', 'Do not forget that you have appointment 1667 in room 386.', 8);
INSERT INTO NOTIFICATION VALUES(None, '2018-11-22 13:00:00', 'Upcoming appointment', 'Do not forget that you have appointment 1667 in room 386.', 93);
INSERT INTO INVOICE_BILL VALUES('2018-11-22 13:30:00', 700, 8, True);
INSERT INTO MEDICAL_RECORD VALUES('Medical record description 69.', '2018-11-22 13:30:00', 1667, 7);
INSERT INTO APPOINTMENT VALUES(1668, 445, 1, '2016-04-15 15:00:00', '2016-04-15 15:15:00', 93, 2, None);
INSERT INTO NOTIFICATION VALUES(None, '2016-04-15 14:45:00', 'Upcoming appointment', 'Do not forget that you have appointment 1668 in room 445.', 3);
INSERT INTO NOTIFICATION VALUES(None, '2016-04-15 14:45:00', 'Upcoming appointment', 'Do not forget that you have appointment 1668 in room 445.', 93);
INSERT INTO INVOICE_BILL VALUES('2016-04-15 15:15:00', 400, 10, False);
INSERT INTO MEDICAL_RECORD VALUES('Medical record description 9.', '2016-04-15 15:15:00', 1668, 2);
INSERT INTO APPOINTMENT VALUES(1669, 442, 1, '2017-01-02 10:30:00', '2017-01-02 10:45:00', 93, 2, None);
INSERT INTO NOTIFICATION VALUES(None, '2017-01-02 10:15:00', 'Upcoming appointment', 'Do not forget that you have appointment 1669 in room 442.', 3);
INSERT INTO NOTIFICATION VALUES(None, '2017-01-02 10:15:00', 'Upcoming appointment', 'Do not forget that you have appointment 1669 in room 442.', 93);
INSERT INTO INVOICE_BILL VALUES('2017-01-02 10:45:00', 1000, 13, False);
INSERT INTO MEDICAL_RECORD VALUES('Medical record description 710.', '2017-01-02 10:45:00', 1669, 2);
INSERT INTO APPOINTMENT VALUES(1670, 162, 0, '2018-01-10 13:00:00', '2018-01-10 13:15:00', 93, 9, None);
INSERT INTO NOTIFICATION VALUES(None, '2018-01-10 12:45:00', 'Upcoming appointment', 'Do not forget that you have appointment 1670 in room 162.', 2);
INSERT INTO NOTIFICATION VALUES(None, '2018-01-10 12:45:00', 'Upcoming appointment', 'Do not forget that you have appointment 1670 in room 162.', 93);
INSERT INTO INVOICE_BILL VALUES('2018-01-10 13:15:00', 450, 4, True);
INSERT INTO MEDICAL_RECORD VALUES('Medical record description 301.', '2018-01-10 13:15:00', 1670, 9);
INSERT INTO APPOINTMENT VALUES(1671, 182, 0, '2017-01-10 16:00:00', '2017-01-10 16:15:00', 93, 9, None);
INSERT INTO NOTIFICATION VALUES(None, '2017-01-10 15:45:00', 'Upcoming appointment', 'Do not forget that you have appointment 1671 in room 182.', 1);
INSERT INTO NOTIFICATION VALUES(None, '2017-01-10 15:45:00', 'Upcoming appointment', 'Do not forget that you have appointment 1671 in room 182.', 93);
INSERT INTO INVOICE_BILL VALUES('2017-01-10 16:15:00', 550, 9, True);
INSERT INTO MEDICAL_RECORD VALUES('Medical record description 666.', '2017-01-10 16:15:00', 1671, 9);
INSERT INTO APPOINTMENT VALUES(1672, 377, 1, '2017-04-24 10:00:00', '2017-04-24 10:15:00', 94, 10, None);
INSERT INTO NOTIFICATION VALUES(None, '2017-04-24 09:45:00', 'Upcoming appointment', 'Do not forget that you have appointment 1672 in room 377.', 2);
INSERT INTO NOTIFICATION VALUES(None, '2017-04-24 09:45:00', 'Upcoming appointment', 'Do not forget that you have appointment 1672 in room 377.', 94);
INSERT INTO INVOICE_BILL VALUES('2017-04-24 10:15:00', 650, 8, True);
INSERT INTO MEDICAL_RECORD VALUES('Medical record description 392.', '2017-04-24 10:15:00', 1672, 10);
INSERT INTO APPOINTMENT VALUES(1673, 410, 0, '2018-08-06 12:45:00', '2018-08-06 13:00:00', 94, 6, None);
INSERT INTO NOTIFICATION VALUES(None, '2018-08-06 12:30:00', 'Upcoming appointment', 'Do not forget that you have appointment 1673 in room 410.', 4);
INSERT INTO NOTIFICATION VALUES(None, '2018-08-06 12:30:00', 'Upcoming appointment', 'Do not forget that you have appointment 1673 in room 410.', 94);
INSERT INTO INVOICE_BILL VALUES('2018-08-06 13:00:00', 700, 10, True);
INSERT INTO MEDICAL_RECORD VALUES('Medical record description 224.', '2018-08-06 13:00:00', 1673, 6);
INSERT INTO APPOINTMENT VALUES(1674, 409, 0, '2019-08-30 13:30:00', '2019-08-30 13:45:00', 94, 1, None);
INSERT INTO NOTIFICATION VALUES(None, '2019-08-30 13:15:00', 'Upcoming appointment', 'Do not forget that you have appointment 1674 in room 409.', 6);
INSERT INTO NOTIFICATION VALUES(None, '2019-08-30 13:15:00', 'Upcoming appointment', 'Do not forget that you have appointment 1674 in room 409.', 94);
INSERT INTO INVOICE_BILL VALUES('2019-08-30 13:45:00', 900, 1, True);
INSERT INTO MEDICAL_RECORD VALUES('Medical record description 110.', '2019-08-30 13:45:00', 1674, 1);
INSERT INTO APPOINTMENT VALUES(1675, 253, 0, '2018-08-29 10:45:00', '2018-08-29 11:00:00', 94, 9, None);
INSERT INTO NOTIFICATION VALUES(None, '2018-08-29 10:30:00', 'Upcoming appointment', 'Do not forget that you have appointment 1675 in room 253.', 7);
INSERT INTO NOTIFICATION VALUES(None, '2018-08-29 10:30:00', 'Upcoming appointment', 'Do not forget that you have appointment 1675 in room 253.', 94);
INSERT INTO INVOICE_BILL VALUES('2018-08-29 11:00:00', 600, 10, False);
INSERT INTO MEDICAL_RECORD VALUES('Medical record description 443.', '2018-08-29 11:00:00', 1675, 9);
INSERT INTO APPOINTMENT VALUES(1676, 455, 0, '2016-01-01 12:30:00', '2016-01-01 12:45:00', 94, 4, None);
INSERT INTO NOTIFICATION VALUES(None, '2016-01-01 12:15:00', 'Upcoming appointment', 'Do not forget that you have appointment 1676 in room 455.', 3);
INSERT INTO NOTIFICATION VALUES(None, '2016-01-01 12:15:00', 'Upcoming appointment', 'Do not forget that you have appointment 1676 in room 455.', 94);
INSERT INTO INVOICE_BILL VALUES('2016-01-01 12:45:00', 600, 3, False);
INSERT INTO MEDICAL_RECORD VALUES('Medical record description 998.', '2016-01-01 12:45:00', 1676, 4);
INSERT INTO APPOINTMENT VALUES(1677, 107, 0, '2015-10-06 13:15:00', '2015-10-06 13:30:00', 94, 2, None);
INSERT INTO NOTIFICATION VALUES(None, '2015-10-06 13:00:00', 'Upcoming appointment', 'Do not forget that you have appointment 1677 in room 107.', 4);
INSERT INTO NOTIFICATION VALUES(None, '2015-10-06 13:00:00', 'Upcoming appointment', 'Do not forget that you have appointment 1677 in room 107.', 94);
INSERT INTO INVOICE_BILL VALUES('2015-10-06 13:30:00', 100, 15, True);
INSERT INTO MEDICAL_RECORD VALUES('Medical record description 835.', '2015-10-06 13:30:00', 1677, 2);
INSERT INTO APPOINTMENT VALUES(1678, 197, 1, '2014-04-17 12:15:00', '2014-04-17 12:30:00', 94, 1, None);
INSERT INTO NOTIFICATION VALUES(None, '2014-04-17 12:00:00', 'Upcoming appointment', 'Do not forget that you have appointment 1678 in room 197.', 5);
INSERT INTO NOTIFICATION VALUES(None, '2014-04-17 12:00:00', 'Upcoming appointment', 'Do not forget that you have appointment 1678 in room 197.', 94);
INSERT INTO INVOICE_BILL VALUES('2014-04-17 12:30:00', 400, 7, False);
INSERT INTO MEDICAL_RECORD VALUES('Medical record description 189.', '2014-04-17 12:30:00', 1678, 1);
INSERT INTO APPOINTMENT VALUES(1679, 386, 0, '2016-10-27 17:30:00', '2016-10-27 17:45:00', 94, 1, None);
INSERT INTO NOTIFICATION VALUES(None, '2016-10-27 17:15:00', 'Upcoming appointment', 'Do not forget that you have appointment 1679 in room 386.', 1);
INSERT INTO NOTIFICATION VALUES(None, '2016-10-27 17:15:00', 'Upcoming appointment', 'Do not forget that you have appointment 1679 in room 386.', 94);
INSERT INTO INVOICE_BILL VALUES('2016-10-27 17:45:00', 400, 3, False);
INSERT INTO MEDICAL_RECORD VALUES('Medical record description 157.', '2016-10-27 17:45:00', 1679, 1);
INSERT INTO APPOINTMENT VALUES(1680, 438, 1, '2018-11-30 17:45:00', '2018-11-30 18:00:00', 94, 6, None);
INSERT INTO NOTIFICATION VALUES(None, '2018-11-30 17:30:00', 'Upcoming appointment', 'Do not forget that you have appointment 1680 in room 438.', 3);
INSERT INTO NOTIFICATION VALUES(None, '2018-11-30 17:30:00', 'Upcoming appointment', 'Do not forget that you have appointment 1680 in room 438.', 94);
INSERT INTO INVOICE_BILL VALUES('2018-11-30 18:00:00', 500, 1, True);
INSERT INTO MEDICAL_RECORD VALUES('Medical record description 401.', '2018-11-30 18:00:00', 1680, 6);
INSERT INTO APPOINTMENT VALUES(1681, 419, 0, '2018-09-24 12:30:00', '2018-09-24 12:45:00', 94, 4, None);
INSERT INTO NOTIFICATION VALUES(None, '2018-09-24 12:15:00', 'Upcoming appointment', 'Do not forget that you have appointment 1681 in room 419.', 10);
INSERT INTO NOTIFICATION VALUES(None, '2018-09-24 12:15:00', 'Upcoming appointment', 'Do not forget that you have appointment 1681 in room 419.', 94);
INSERT INTO INVOICE_BILL VALUES('2018-09-24 12:45:00', 600, 12, True);
INSERT INTO MEDICAL_RECORD VALUES('Medical record description 806.', '2018-09-24 12:45:00', 1681, 4);
INSERT INTO APPOINTMENT VALUES(1682, 311, 1, '2013-08-30 10:00:00', '2013-08-30 10:15:00', 94, 3, None);
INSERT INTO NOTIFICATION VALUES(None, '2013-08-30 09:45:00', 'Upcoming appointment', 'Do not forget that you have appointment 1682 in room 311.', 7);
INSERT INTO NOTIFICATION VALUES(None, '2013-08-30 09:45:00', 'Upcoming appointment', 'Do not forget that you have appointment 1682 in room 311.', 94);
INSERT INTO INVOICE_BILL VALUES('2013-08-30 10:15:00', 800, 13, True);
INSERT INTO MEDICAL_RECORD VALUES('Medical record description 753.', '2013-08-30 10:15:00', 1682, 3);
INSERT INTO APPOINTMENT VALUES(1683, 375, 0, '2017-03-20 15:15:00', '2017-03-20 15:30:00', 94, 2, None);
INSERT INTO NOTIFICATION VALUES(None, '2017-03-20 15:00:00', 'Upcoming appointment', 'Do not forget that you have appointment 1683 in room 375.', 5);
INSERT INTO NOTIFICATION VALUES(None, '2017-03-20 15:00:00', 'Upcoming appointment', 'Do not forget that you have appointment 1683 in room 375.', 94);
INSERT INTO INVOICE_BILL VALUES('2017-03-20 15:30:00', 800, 11, False);
INSERT INTO MEDICAL_RECORD VALUES('Medical record description 439.', '2017-03-20 15:30:00', 1683, 2);
INSERT INTO APPOINTMENT VALUES(1684, 177, 1, '2009-09-01 12:15:00', '2009-09-01 12:30:00', 94, 3, None);
INSERT INTO NOTIFICATION VALUES(None, '2009-09-01 12:00:00', 'Upcoming appointment', 'Do not forget that you have appointment 1684 in room 177.', 1);
INSERT INTO NOTIFICATION VALUES(None, '2009-09-01 12:00:00', 'Upcoming appointment', 'Do not forget that you have appointment 1684 in room 177.', 94);
INSERT INTO INVOICE_BILL VALUES('2009-09-01 12:30:00', 600, 15, False);
INSERT INTO MEDICAL_RECORD VALUES('Medical record description 787.', '2009-09-01 12:30:00', 1684, 3);
INSERT INTO APPOINTMENT VALUES(1685, 390, 1, '2019-10-15 16:30:00', '2019-10-15 16:45:00', 94, 3, None);
INSERT INTO NOTIFICATION VALUES(None, '2019-10-15 16:15:00', 'Upcoming appointment', 'Do not forget that you have appointment 1685 in room 390.', 4);
INSERT INTO NOTIFICATION VALUES(None, '2019-10-15 16:15:00', 'Upcoming appointment', 'Do not forget that you have appointment 1685 in room 390.', 94);
INSERT INTO INVOICE_BILL VALUES('2019-10-15 16:45:00', 850, 3, True);
INSERT INTO MEDICAL_RECORD VALUES('Medical record description 442.', '2019-10-15 16:45:00', 1685, 3);
INSERT INTO APPOINTMENT VALUES(1686, 276, 1, '2019-08-05 16:30:00', '2019-08-05 16:45:00', 94, 9, None);
INSERT INTO NOTIFICATION VALUES(None, '2019-08-05 16:15:00', 'Upcoming appointment', 'Do not forget that you have appointment 1686 in room 276.', 3);
INSERT INTO NOTIFICATION VALUES(None, '2019-08-05 16:15:00', 'Upcoming appointment', 'Do not forget that you have appointment 1686 in room 276.', 94);
INSERT INTO INVOICE_BILL VALUES('2019-08-05 16:45:00', 850, 10, False);
INSERT INTO MEDICAL_RECORD VALUES('Medical record description 726.', '2019-08-05 16:45:00', 1686, 9);
INSERT INTO APPOINTMENT VALUES(1687, 358, 0, '2018-04-27 16:30:00', '2018-04-27 16:45:00', 94, 4, None);
INSERT INTO NOTIFICATION VALUES(None, '2018-04-27 16:15:00', 'Upcoming appointment', 'Do not forget that you have appointment 1687 in room 358.', 5);
INSERT INTO NOTIFICATION VALUES(None, '2018-04-27 16:15:00', 'Upcoming appointment', 'Do not forget that you have appointment 1687 in room 358.', 94);
INSERT INTO INVOICE_BILL VALUES('2018-04-27 16:45:00', 100, 8, True);
INSERT INTO MEDICAL_RECORD VALUES('Medical record description 978.', '2018-04-27 16:45:00', 1687, 4);
INSERT INTO APPOINTMENT VALUES(1688, 113, 1, '2014-06-02 10:45:00', '2014-06-02 11:00:00', 95, 9, None);
INSERT INTO NOTIFICATION VALUES(None, '2014-06-02 10:30:00', 'Upcoming appointment', 'Do not forget that you have appointment 1688 in room 113.', 6);
INSERT INTO NOTIFICATION VALUES(None, '2014-06-02 10:30:00', 'Upcoming appointment', 'Do not forget that you have appointment 1688 in room 113.', 95);
INSERT INTO INVOICE_BILL VALUES('2014-06-02 11:00:00', 750, 6, False);
INSERT INTO MEDICAL_RECORD VALUES('Medical record description 390.', '2014-06-02 11:00:00', 1688, 9);
INSERT INTO APPOINTMENT VALUES(1689, 113, 1, '2017-11-20 16:30:00', '2017-11-20 16:45:00', 95, 2, None);
INSERT INTO NOTIFICATION VALUES(None, '2017-11-20 16:15:00', 'Upcoming appointment', 'Do not forget that you have appointment 1689 in room 113.', 6);
INSERT INTO NOTIFICATION VALUES(None, '2017-11-20 16:15:00', 'Upcoming appointment', 'Do not forget that you have appointment 1689 in room 113.', 95);
INSERT INTO INVOICE_BILL VALUES('2017-11-20 16:45:00', 400, 2, False);
INSERT INTO MEDICAL_RECORD VALUES('Medical record description 972.', '2017-11-20 16:45:00', 1689, 2);
INSERT INTO APPOINTMENT VALUES(1690, 333, 0, '2019-04-30 16:45:00', '2019-04-30 17:00:00', 95, 1, None);
INSERT INTO NOTIFICATION VALUES(None, '2019-04-30 16:30:00', 'Upcoming appointment', 'Do not forget that you have appointment 1690 in room 333.', 9);
INSERT INTO NOTIFICATION VALUES(None, '2019-04-30 16:30:00', 'Upcoming appointment', 'Do not forget that you have appointment 1690 in room 333.', 95);
INSERT INTO INVOICE_BILL VALUES('2019-04-30 17:00:00', 600, 8, True);
INSERT INTO MEDICAL_RECORD VALUES('Medical record description 51.', '2019-04-30 17:00:00', 1690, 1);
INSERT INTO APPOINTMENT VALUES(1691, 361, 0, '2017-10-25 17:45:00', '2017-10-25 18:00:00', 95, 7, None);
INSERT INTO NOTIFICATION VALUES(None, '2017-10-25 17:30:00', 'Upcoming appointment', 'Do not forget that you have appointment 1691 in room 361.', 4);
INSERT INTO NOTIFICATION VALUES(None, '2017-10-25 17:30:00', 'Upcoming appointment', 'Do not forget that you have appointment 1691 in room 361.', 95);
INSERT INTO INVOICE_BILL VALUES('2017-10-25 18:00:00', 200, 13, True);
INSERT INTO MEDICAL_RECORD VALUES('Medical record description 145.', '2017-10-25 18:00:00', 1691, 7);
INSERT INTO APPOINTMENT VALUES(1692, 324, 1, '2013-10-01 15:00:00', '2013-10-01 15:15:00', 95, 3, None);
INSERT INTO NOTIFICATION VALUES(None, '2013-10-01 14:45:00', 'Upcoming appointment', 'Do not forget that you have appointment 1692 in room 324.', 5);
INSERT INTO NOTIFICATION VALUES(None, '2013-10-01 14:45:00', 'Upcoming appointment', 'Do not forget that you have appointment 1692 in room 324.', 95);
INSERT INTO INVOICE_BILL VALUES('2013-10-01 15:15:00', 600, 14, True);
INSERT INTO MEDICAL_RECORD VALUES('Medical record description 1000.', '2013-10-01 15:15:00', 1692, 3);
INSERT INTO APPOINTMENT VALUES(1693, 274, 1, '2019-11-08 12:15:00', '2019-11-08 12:30:00', 95, 8, None);
INSERT INTO NOTIFICATION VALUES(None, '2019-11-08 12:00:00', 'Upcoming appointment', 'Do not forget that you have appointment 1693 in room 274.', 5);
INSERT INTO NOTIFICATION VALUES(None, '2019-11-08 12:00:00', 'Upcoming appointment', 'Do not forget that you have appointment 1693 in room 274.', 95);
INSERT INTO INVOICE_BILL VALUES('2019-11-08 12:30:00', 350, 7, True);
INSERT INTO MEDICAL_RECORD VALUES('Medical record description 717.', '2019-11-08 12:30:00', 1693, 8);
INSERT INTO APPOINTMENT VALUES(1694, 150, 0, '2019-10-03 12:00:00', '2019-10-03 12:15:00', 95, 4, None);
INSERT INTO NOTIFICATION VALUES(None, '2019-10-03 11:45:00', 'Upcoming appointment', 'Do not forget that you have appointment 1694 in room 150.', 5);
INSERT INTO NOTIFICATION VALUES(None, '2019-10-03 11:45:00', 'Upcoming appointment', 'Do not forget that you have appointment 1694 in room 150.', 95);
INSERT INTO INVOICE_BILL VALUES('2019-10-03 12:15:00', 700, 2, True);
INSERT INTO MEDICAL_RECORD VALUES('Medical record description 506.', '2019-10-03 12:15:00', 1694, 4);
INSERT INTO APPOINTMENT VALUES(1695, 384, 1, '2014-07-08 17:30:00', '2014-07-08 17:45:00', 95, 3, None);
INSERT INTO NOTIFICATION VALUES(None, '2014-07-08 17:15:00', 'Upcoming appointment', 'Do not forget that you have appointment 1695 in room 384.', 10);
INSERT INTO NOTIFICATION VALUES(None, '2014-07-08 17:15:00', 'Upcoming appointment', 'Do not forget that you have appointment 1695 in room 384.', 95);
INSERT INTO INVOICE_BILL VALUES('2014-07-08 17:45:00', 850, 9, True);
INSERT INTO MEDICAL_RECORD VALUES('Medical record description 927.', '2014-07-08 17:45:00', 1695, 3);
INSERT INTO APPOINTMENT VALUES(1696, 383, 0, '2019-11-20 10:45:00', '2019-11-20 11:00:00', 95, 5, None);
INSERT INTO NOTIFICATION VALUES(None, '2019-11-20 10:30:00', 'Upcoming appointment', 'Do not forget that you have appointment 1696 in room 383.', 9);
INSERT INTO NOTIFICATION VALUES(None, '2019-11-20 10:30:00', 'Upcoming appointment', 'Do not forget that you have appointment 1696 in room 383.', 95);
INSERT INTO INVOICE_BILL VALUES('2019-11-20 11:00:00', 700, 15, True);
INSERT INTO MEDICAL_RECORD VALUES('Medical record description 276.', '2019-11-20 11:00:00', 1696, 5);
INSERT INTO APPOINTMENT VALUES(1697, 192, 1, '2014-12-25 12:00:00', '2014-12-25 12:15:00', 95, 9, None);
INSERT INTO NOTIFICATION VALUES(None, '2014-12-25 11:45:00', 'Upcoming appointment', 'Do not forget that you have appointment 1697 in room 192.', 10);
INSERT INTO NOTIFICATION VALUES(None, '2014-12-25 11:45:00', 'Upcoming appointment', 'Do not forget that you have appointment 1697 in room 192.', 95);
INSERT INTO INVOICE_BILL VALUES('2014-12-25 12:15:00', 700, 15, False);
INSERT INTO MEDICAL_RECORD VALUES('Medical record description 866.', '2014-12-25 12:15:00', 1697, 9);
INSERT INTO APPOINTMENT VALUES(1698, 228, 1, '2011-11-16 16:30:00', '2011-11-16 16:45:00', 95, 3, None);
INSERT INTO NOTIFICATION VALUES(None, '2011-11-16 16:15:00', 'Upcoming appointment', 'Do not forget that you have appointment 1698 in room 228.', 10);
INSERT INTO NOTIFICATION VALUES(None, '2011-11-16 16:15:00', 'Upcoming appointment', 'Do not forget that you have appointment 1698 in room 228.', 95);
INSERT INTO INVOICE_BILL VALUES('2011-11-16 16:45:00', 250, 15, False);
INSERT INTO MEDICAL_RECORD VALUES('Medical record description 749.', '2011-11-16 16:45:00', 1698, 3);
INSERT INTO APPOINTMENT VALUES(1699, 107, 1, '2014-06-26 13:30:00', '2014-06-26 13:45:00', 95, 3, None);
INSERT INTO NOTIFICATION VALUES(None, '2014-06-26 13:15:00', 'Upcoming appointment', 'Do not forget that you have appointment 1699 in room 107.', 10);
INSERT INTO NOTIFICATION VALUES(None, '2014-06-26 13:15:00', 'Upcoming appointment', 'Do not forget that you have appointment 1699 in room 107.', 95);
INSERT INTO INVOICE_BILL VALUES('2014-06-26 13:45:00', 850, 12, True);
INSERT INTO MEDICAL_RECORD VALUES('Medical record description 122.', '2014-06-26 13:45:00', 1699, 3);
INSERT INTO APPOINTMENT VALUES(1700, 412, 1, '2014-12-12 15:15:00', '2014-12-12 15:30:00', 95, 9, None);
INSERT INTO NOTIFICATION VALUES(None, '2014-12-12 15:00:00', 'Upcoming appointment', 'Do not forget that you have appointment 1700 in room 412.', 10);
INSERT INTO NOTIFICATION VALUES(None, '2014-12-12 15:00:00', 'Upcoming appointment', 'Do not forget that you have appointment 1700 in room 412.', 95);
INSERT INTO INVOICE_BILL VALUES('2014-12-12 15:30:00', 800, 6, False);
INSERT INTO MEDICAL_RECORD VALUES('Medical record description 757.', '2014-12-12 15:30:00', 1700, 9);
INSERT INTO APPOINTMENT VALUES(1701, 239, 0, '2018-06-13 12:15:00', '2018-06-13 12:30:00', 95, 1, None);
INSERT INTO NOTIFICATION VALUES(None, '2018-06-13 12:00:00', 'Upcoming appointment', 'Do not forget that you have appointment 1701 in room 239.', 1);
INSERT INTO NOTIFICATION VALUES(None, '2018-06-13 12:00:00', 'Upcoming appointment', 'Do not forget that you have appointment 1701 in room 239.', 95);
INSERT INTO INVOICE_BILL VALUES('2018-06-13 12:30:00', 850, 5, False);
INSERT INTO MEDICAL_RECORD VALUES('Medical record description 73.', '2018-06-13 12:30:00', 1701, 1);
INSERT INTO APPOINTMENT VALUES(1702, 451, 0, '2017-01-23 11:00:00', '2017-01-23 11:15:00', 96, 1, None);
INSERT INTO NOTIFICATION VALUES(None, '2017-01-23 10:45:00', 'Upcoming appointment', 'Do not forget that you have appointment 1702 in room 451.', 8);
INSERT INTO NOTIFICATION VALUES(None, '2017-01-23 10:45:00', 'Upcoming appointment', 'Do not forget that you have appointment 1702 in room 451.', 96);
INSERT INTO INVOICE_BILL VALUES('2017-01-23 11:15:00', 600, 9, True);
INSERT INTO MEDICAL_RECORD VALUES('Medical record description 335.', '2017-01-23 11:15:00', 1702, 1);
INSERT INTO APPOINTMENT VALUES(1703, 371, 1, '2018-10-10 17:45:00', '2018-10-10 18:00:00', 96, 9, None);
INSERT INTO NOTIFICATION VALUES(None, '2018-10-10 17:30:00', 'Upcoming appointment', 'Do not forget that you have appointment 1703 in room 371.', 10);
INSERT INTO NOTIFICATION VALUES(None, '2018-10-10 17:30:00', 'Upcoming appointment', 'Do not forget that you have appointment 1703 in room 371.', 96);
INSERT INTO INVOICE_BILL VALUES('2018-10-10 18:00:00', 300, 15, False);
INSERT INTO MEDICAL_RECORD VALUES('Medical record description 869.', '2018-10-10 18:00:00', 1703, 9);
INSERT INTO APPOINTMENT VALUES(1704, 486, 0, '2014-04-09 16:30:00', '2014-04-09 16:45:00', 96, 3, None);
INSERT INTO NOTIFICATION VALUES(None, '2014-04-09 16:15:00', 'Upcoming appointment', 'Do not forget that you have appointment 1704 in room 486.', 2);
INSERT INTO NOTIFICATION VALUES(None, '2014-04-09 16:15:00', 'Upcoming appointment', 'Do not forget that you have appointment 1704 in room 486.', 96);
INSERT INTO INVOICE_BILL VALUES('2014-04-09 16:45:00', 150, 14, False);
INSERT INTO MEDICAL_RECORD VALUES('Medical record description 539.', '2014-04-09 16:45:00', 1704, 3);
INSERT INTO APPOINTMENT VALUES(1705, 316, 1, '2016-04-20 13:00:00', '2016-04-20 13:15:00', 97, 6, None);
INSERT INTO NOTIFICATION VALUES(None, '2016-04-20 12:45:00', 'Upcoming appointment', 'Do not forget that you have appointment 1705 in room 316.', 6);
INSERT INTO NOTIFICATION VALUES(None, '2016-04-20 12:45:00', 'Upcoming appointment', 'Do not forget that you have appointment 1705 in room 316.', 97);
INSERT INTO INVOICE_BILL VALUES('2016-04-20 13:15:00', 950, 15, True);
INSERT INTO MEDICAL_RECORD VALUES('Medical record description 381.', '2016-04-20 13:15:00', 1705, 6);
INSERT INTO APPOINTMENT VALUES(1706, 202, 1, '2012-07-26 16:15:00', '2012-07-26 16:30:00', 97, 3, None);
INSERT INTO NOTIFICATION VALUES(None, '2012-07-26 16:00:00', 'Upcoming appointment', 'Do not forget that you have appointment 1706 in room 202.', 5);
INSERT INTO NOTIFICATION VALUES(None, '2012-07-26 16:00:00', 'Upcoming appointment', 'Do not forget that you have appointment 1706 in room 202.', 97);
INSERT INTO INVOICE_BILL VALUES('2012-07-26 16:30:00', 450, 11, True);
INSERT INTO MEDICAL_RECORD VALUES('Medical record description 935.', '2012-07-26 16:30:00', 1706, 3);
INSERT INTO APPOINTMENT VALUES(1707, 233, 0, '2018-12-10 15:30:00', '2018-12-10 15:45:00', 97, 1, None);
INSERT INTO NOTIFICATION VALUES(None, '2018-12-10 15:15:00', 'Upcoming appointment', 'Do not forget that you have appointment 1707 in room 233.', 2);
INSERT INTO NOTIFICATION VALUES(None, '2018-12-10 15:15:00', 'Upcoming appointment', 'Do not forget that you have appointment 1707 in room 233.', 97);
INSERT INTO INVOICE_BILL VALUES('2018-12-10 15:45:00', 550, 9, False);
INSERT INTO MEDICAL_RECORD VALUES('Medical record description 581.', '2018-12-10 15:45:00', 1707, 1);
INSERT INTO APPOINTMENT VALUES(1708, 107, 0, '2016-02-17 16:30:00', '2016-02-17 16:45:00', 97, 9, None);
INSERT INTO NOTIFICATION VALUES(None, '2016-02-17 16:15:00', 'Upcoming appointment', 'Do not forget that you have appointment 1708 in room 107.', 1);
INSERT INTO NOTIFICATION VALUES(None, '2016-02-17 16:15:00', 'Upcoming appointment', 'Do not forget that you have appointment 1708 in room 107.', 97);
INSERT INTO INVOICE_BILL VALUES('2016-02-17 16:45:00', 950, 9, True);
INSERT INTO MEDICAL_RECORD VALUES('Medical record description 786.', '2016-02-17 16:45:00', 1708, 9);
INSERT INTO APPOINTMENT VALUES(1709, 274, 0, '2018-09-27 10:15:00', '2018-09-27 10:30:00', 97, 4, None);
INSERT INTO NOTIFICATION VALUES(None, '2018-09-27 10:00:00', 'Upcoming appointment', 'Do not forget that you have appointment 1709 in room 274.', 1);
INSERT INTO NOTIFICATION VALUES(None, '2018-09-27 10:00:00', 'Upcoming appointment', 'Do not forget that you have appointment 1709 in room 274.', 97);
INSERT INTO INVOICE_BILL VALUES('2018-09-27 10:30:00', 200, 2, False);
INSERT INTO MEDICAL_RECORD VALUES('Medical record description 391.', '2018-09-27 10:30:00', 1709, 4);
INSERT INTO APPOINTMENT VALUES(1710, 359, 1, '2015-12-09 15:30:00', '2015-12-09 15:45:00', 97, 4, None);
INSERT INTO NOTIFICATION VALUES(None, '2015-12-09 15:15:00', 'Upcoming appointment', 'Do not forget that you have appointment 1710 in room 359.', 10);
INSERT INTO NOTIFICATION VALUES(None, '2015-12-09 15:15:00', 'Upcoming appointment', 'Do not forget that you have appointment 1710 in room 359.', 97);
INSERT INTO INVOICE_BILL VALUES('2015-12-09 15:45:00', 350, 2, False);
INSERT INTO MEDICAL_RECORD VALUES('Medical record description 711.', '2015-12-09 15:45:00', 1710, 4);
INSERT INTO APPOINTMENT VALUES(1711, 495, 0, '2016-03-09 14:00:00', '2016-03-09 14:15:00', 97, 3, None);
INSERT INTO NOTIFICATION VALUES(None, '2016-03-09 13:45:00', 'Upcoming appointment', 'Do not forget that you have appointment 1711 in room 495.', 9);
INSERT INTO NOTIFICATION VALUES(None, '2016-03-09 13:45:00', 'Upcoming appointment', 'Do not forget that you have appointment 1711 in room 495.', 97);
INSERT INTO INVOICE_BILL VALUES('2016-03-09 14:15:00', 650, 14, False);
INSERT INTO MEDICAL_RECORD VALUES('Medical record description 279.', '2016-03-09 14:15:00', 1711, 3);
INSERT INTO APPOINTMENT VALUES(1712, 145, 0, '2013-07-15 17:15:00', '2013-07-15 17:30:00', 97, 3, None);
INSERT INTO NOTIFICATION VALUES(None, '2013-07-15 17:00:00', 'Upcoming appointment', 'Do not forget that you have appointment 1712 in room 145.', 7);
INSERT INTO NOTIFICATION VALUES(None, '2013-07-15 17:00:00', 'Upcoming appointment', 'Do not forget that you have appointment 1712 in room 145.', 97);
INSERT INTO INVOICE_BILL VALUES('2013-07-15 17:30:00', 100, 1, True);
INSERT INTO MEDICAL_RECORD VALUES('Medical record description 416.', '2013-07-15 17:30:00', 1712, 3);
INSERT INTO APPOINTMENT VALUES(1713, 278, 1, '2009-05-12 12:15:00', '2009-05-12 12:30:00', 97, 3, None);
INSERT INTO NOTIFICATION VALUES(None, '2009-05-12 12:00:00', 'Upcoming appointment', 'Do not forget that you have appointment 1713 in room 278.', 1);
INSERT INTO NOTIFICATION VALUES(None, '2009-05-12 12:00:00', 'Upcoming appointment', 'Do not forget that you have appointment 1713 in room 278.', 97);
INSERT INTO INVOICE_BILL VALUES('2009-05-12 12:30:00', 650, 9, True);
INSERT INTO MEDICAL_RECORD VALUES('Medical record description 549.', '2009-05-12 12:30:00', 1713, 3);
INSERT INTO APPOINTMENT VALUES(1714, 159, 1, '2016-03-03 16:00:00', '2016-03-03 16:15:00', 97, 9, None);
INSERT INTO NOTIFICATION VALUES(None, '2016-03-03 15:45:00', 'Upcoming appointment', 'Do not forget that you have appointment 1714 in room 159.', 4);
INSERT INTO NOTIFICATION VALUES(None, '2016-03-03 15:45:00', 'Upcoming appointment', 'Do not forget that you have appointment 1714 in room 159.', 97);
INSERT INTO INVOICE_BILL VALUES('2016-03-03 16:15:00', 700, 14, False);
INSERT INTO MEDICAL_RECORD VALUES('Medical record description 474.', '2016-03-03 16:15:00', 1714, 9);
INSERT INTO APPOINTMENT VALUES(1715, 194, 1, '2018-01-10 11:30:00', '2018-01-10 11:45:00', 97, 8, None);
INSERT INTO NOTIFICATION VALUES(None, '2018-01-10 11:15:00', 'Upcoming appointment', 'Do not forget that you have appointment 1715 in room 194.', 4);
INSERT INTO NOTIFICATION VALUES(None, '2018-01-10 11:15:00', 'Upcoming appointment', 'Do not forget that you have appointment 1715 in room 194.', 97);
INSERT INTO INVOICE_BILL VALUES('2018-01-10 11:45:00', 150, 8, True);
INSERT INTO MEDICAL_RECORD VALUES('Medical record description 69.', '2018-01-10 11:45:00', 1715, 8);
INSERT INTO APPOINTMENT VALUES(1716, 291, 0, '2017-05-22 16:00:00', '2017-05-22 16:15:00', 97, 8, None);
INSERT INTO NOTIFICATION VALUES(None, '2017-05-22 15:45:00', 'Upcoming appointment', 'Do not forget that you have appointment 1716 in room 291.', 6);
INSERT INTO NOTIFICATION VALUES(None, '2017-05-22 15:45:00', 'Upcoming appointment', 'Do not forget that you have appointment 1716 in room 291.', 97);
INSERT INTO INVOICE_BILL VALUES('2017-05-22 16:15:00', 600, 5, False);
INSERT INTO MEDICAL_RECORD VALUES('Medical record description 402.', '2017-05-22 16:15:00', 1716, 8);
INSERT INTO APPOINTMENT VALUES(1717, 111, 0, '2019-07-15 13:00:00', '2019-07-15 13:15:00', 97, 1, None);
INSERT INTO NOTIFICATION VALUES(None, '2019-07-15 12:45:00', 'Upcoming appointment', 'Do not forget that you have appointment 1717 in room 111.', 9);
INSERT INTO NOTIFICATION VALUES(None, '2019-07-15 12:45:00', 'Upcoming appointment', 'Do not forget that you have appointment 1717 in room 111.', 97);
INSERT INTO INVOICE_BILL VALUES('2019-07-15 13:15:00', 850, 5, False);
INSERT INTO MEDICAL_RECORD VALUES('Medical record description 910.', '2019-07-15 13:15:00', 1717, 1);
INSERT INTO APPOINTMENT VALUES(1718, 391, 0, '2019-01-23 14:30:00', '2019-01-23 14:45:00', 97, 4, None);
INSERT INTO NOTIFICATION VALUES(None, '2019-01-23 14:15:00', 'Upcoming appointment', 'Do not forget that you have appointment 1718 in room 391.', 1);
INSERT INTO NOTIFICATION VALUES(None, '2019-01-23 14:15:00', 'Upcoming appointment', 'Do not forget that you have appointment 1718 in room 391.', 97);
INSERT INTO INVOICE_BILL VALUES('2019-01-23 14:45:00', 600, 12, True);
INSERT INTO MEDICAL_RECORD VALUES('Medical record description 218.', '2019-01-23 14:45:00', 1718, 4);
INSERT INTO APPOINTMENT VALUES(1719, 300, 1, '2018-03-14 12:30:00', '2018-03-14 12:45:00', 97, 3, None);
INSERT INTO NOTIFICATION VALUES(None, '2018-03-14 12:15:00', 'Upcoming appointment', 'Do not forget that you have appointment 1719 in room 300.', 8);
INSERT INTO NOTIFICATION VALUES(None, '2018-03-14 12:15:00', 'Upcoming appointment', 'Do not forget that you have appointment 1719 in room 300.', 97);
INSERT INTO INVOICE_BILL VALUES('2018-03-14 12:45:00', 600, 10, True);
INSERT INTO MEDICAL_RECORD VALUES('Medical record description 329.', '2018-03-14 12:45:00', 1719, 3);
INSERT INTO APPOINTMENT VALUES(1720, 264, 1, '2016-03-17 10:15:00', '2016-03-17 10:30:00', 97, 3, None);
INSERT INTO NOTIFICATION VALUES(None, '2016-03-17 10:00:00', 'Upcoming appointment', 'Do not forget that you have appointment 1720 in room 264.', 9);
INSERT INTO NOTIFICATION VALUES(None, '2016-03-17 10:00:00', 'Upcoming appointment', 'Do not forget that you have appointment 1720 in room 264.', 97);
INSERT INTO INVOICE_BILL VALUES('2016-03-17 10:30:00', 850, 10, False);
INSERT INTO MEDICAL_RECORD VALUES('Medical record description 726.', '2016-03-17 10:30:00', 1720, 3);
INSERT INTO APPOINTMENT VALUES(1721, 440, 0, '2018-11-26 13:00:00', '2018-11-26 13:15:00', 97, 3, None);
INSERT INTO NOTIFICATION VALUES(None, '2018-11-26 12:45:00', 'Upcoming appointment', 'Do not forget that you have appointment 1721 in room 440.', 4);
INSERT INTO NOTIFICATION VALUES(None, '2018-11-26 12:45:00', 'Upcoming appointment', 'Do not forget that you have appointment 1721 in room 440.', 97);
INSERT INTO INVOICE_BILL VALUES('2018-11-26 13:15:00', 800, 11, False);
INSERT INTO MEDICAL_RECORD VALUES('Medical record description 784.', '2018-11-26 13:15:00', 1721, 3);
INSERT INTO APPOINTMENT VALUES(1722, 475, 0, '2018-01-01 10:15:00', '2018-01-01 10:30:00', 97, 6, None);
INSERT INTO NOTIFICATION VALUES(None, '2018-01-01 10:00:00', 'Upcoming appointment', 'Do not forget that you have appointment 1722 in room 475.', 6);
INSERT INTO NOTIFICATION VALUES(None, '2018-01-01 10:00:00', 'Upcoming appointment', 'Do not forget that you have appointment 1722 in room 475.', 97);
INSERT INTO INVOICE_BILL VALUES('2018-01-01 10:30:00', 950, 8, False);
INSERT INTO MEDICAL_RECORD VALUES('Medical record description 720.', '2018-01-01 10:30:00', 1722, 6);
INSERT INTO APPOINTMENT VALUES(1723, 183, 1, '2019-01-04 10:00:00', '2019-01-04 10:15:00', 97, 1, None);
INSERT INTO NOTIFICATION VALUES(None, '2019-01-04 09:45:00', 'Upcoming appointment', 'Do not forget that you have appointment 1723 in room 183.', 6);
INSERT INTO NOTIFICATION VALUES(None, '2019-01-04 09:45:00', 'Upcoming appointment', 'Do not forget that you have appointment 1723 in room 183.', 97);
INSERT INTO INVOICE_BILL VALUES('2019-01-04 10:15:00', 50, 13, True);
INSERT INTO MEDICAL_RECORD VALUES('Medical record description 518.', '2019-01-04 10:15:00', 1723, 1);
INSERT INTO APPOINTMENT VALUES(1724, 487, 1, '2017-06-01 13:00:00', '2017-06-01 13:15:00', 97, 1, None);
INSERT INTO NOTIFICATION VALUES(None, '2017-06-01 12:45:00', 'Upcoming appointment', 'Do not forget that you have appointment 1724 in room 487.', 8);
INSERT INTO NOTIFICATION VALUES(None, '2017-06-01 12:45:00', 'Upcoming appointment', 'Do not forget that you have appointment 1724 in room 487.', 97);
INSERT INTO INVOICE_BILL VALUES('2017-06-01 13:15:00', 900, 12, True);
INSERT INTO MEDICAL_RECORD VALUES('Medical record description 227.', '2017-06-01 13:15:00', 1724, 1);
INSERT INTO APPOINTMENT VALUES(1725, 342, 1, '2015-04-30 15:15:00', '2015-04-30 15:30:00', 97, 9, None);
INSERT INTO NOTIFICATION VALUES(None, '2015-04-30 15:00:00', 'Upcoming appointment', 'Do not forget that you have appointment 1725 in room 342.', 6);
INSERT INTO NOTIFICATION VALUES(None, '2015-04-30 15:00:00', 'Upcoming appointment', 'Do not forget that you have appointment 1725 in room 342.', 97);
INSERT INTO INVOICE_BILL VALUES('2015-04-30 15:30:00', 50, 5, True);
INSERT INTO MEDICAL_RECORD VALUES('Medical record description 320.', '2015-04-30 15:30:00', 1725, 9);
INSERT INTO APPOINTMENT VALUES(1726, 295, 1, '2017-12-27 17:45:00', '2017-12-27 18:00:00', 97, 2, None);
INSERT INTO NOTIFICATION VALUES(None, '2017-12-27 17:30:00', 'Upcoming appointment', 'Do not forget that you have appointment 1726 in room 295.', 4);
INSERT INTO NOTIFICATION VALUES(None, '2017-12-27 17:30:00', 'Upcoming appointment', 'Do not forget that you have appointment 1726 in room 295.', 97);
INSERT INTO INVOICE_BILL VALUES('2017-12-27 18:00:00', 850, 1, False);
INSERT INTO MEDICAL_RECORD VALUES('Medical record description 433.', '2017-12-27 18:00:00', 1726, 2);
INSERT INTO APPOINTMENT VALUES(1727, 352, 0, '2010-07-07 12:00:00', '2010-07-07 12:15:00', 97, 3, None);
INSERT INTO NOTIFICATION VALUES(None, '2010-07-07 11:45:00', 'Upcoming appointment', 'Do not forget that you have appointment 1727 in room 352.', 2);
INSERT INTO NOTIFICATION VALUES(None, '2010-07-07 11:45:00', 'Upcoming appointment', 'Do not forget that you have appointment 1727 in room 352.', 97);
INSERT INTO INVOICE_BILL VALUES('2010-07-07 12:15:00', 300, 10, True);
INSERT INTO MEDICAL_RECORD VALUES('Medical record description 919.', '2010-07-07 12:15:00', 1727, 3);
INSERT INTO APPOINTMENT VALUES(1728, 223, 1, '2018-01-12 16:15:00', '2018-01-12 16:30:00', 97, 8, None);
INSERT INTO NOTIFICATION VALUES(None, '2018-01-12 16:00:00', 'Upcoming appointment', 'Do not forget that you have appointment 1728 in room 223.', 8);
INSERT INTO NOTIFICATION VALUES(None, '2018-01-12 16:00:00', 'Upcoming appointment', 'Do not forget that you have appointment 1728 in room 223.', 97);
INSERT INTO INVOICE_BILL VALUES('2018-01-12 16:30:00', 400, 11, True);
INSERT INTO MEDICAL_RECORD VALUES('Medical record description 555.', '2018-01-12 16:30:00', 1728, 8);
INSERT INTO APPOINTMENT VALUES(1729, 319, 0, '2016-06-08 13:00:00', '2016-06-08 13:15:00', 98, 3, None);
INSERT INTO NOTIFICATION VALUES(None, '2016-06-08 12:45:00', 'Upcoming appointment', 'Do not forget that you have appointment 1729 in room 319.', 5);
INSERT INTO NOTIFICATION VALUES(None, '2016-06-08 12:45:00', 'Upcoming appointment', 'Do not forget that you have appointment 1729 in room 319.', 98);
INSERT INTO INVOICE_BILL VALUES('2016-06-08 13:15:00', 250, 3, True);
INSERT INTO MEDICAL_RECORD VALUES('Medical record description 975.', '2016-06-08 13:15:00', 1729, 3);
INSERT INTO APPOINTMENT VALUES(1730, 273, 1, '2019-02-20 13:45:00', '2019-02-20 14:00:00', 98, 4, None);
INSERT INTO NOTIFICATION VALUES(None, '2019-02-20 13:30:00', 'Upcoming appointment', 'Do not forget that you have appointment 1730 in room 273.', 8);
INSERT INTO NOTIFICATION VALUES(None, '2019-02-20 13:30:00', 'Upcoming appointment', 'Do not forget that you have appointment 1730 in room 273.', 98);
INSERT INTO INVOICE_BILL VALUES('2019-02-20 14:00:00', 500, 3, False);
INSERT INTO MEDICAL_RECORD VALUES('Medical record description 967.', '2019-02-20 14:00:00', 1730, 4);
INSERT INTO APPOINTMENT VALUES(1731, 300, 1, '2014-11-19 15:00:00', '2014-11-19 15:15:00', 98, 3, None);
INSERT INTO NOTIFICATION VALUES(None, '2014-11-19 14:45:00', 'Upcoming appointment', 'Do not forget that you have appointment 1731 in room 300.', 3);
INSERT INTO NOTIFICATION VALUES(None, '2014-11-19 14:45:00', 'Upcoming appointment', 'Do not forget that you have appointment 1731 in room 300.', 98);
INSERT INTO INVOICE_BILL VALUES('2014-11-19 15:15:00', 850, 13, False);
INSERT INTO MEDICAL_RECORD VALUES('Medical record description 146.', '2014-11-19 15:15:00', 1731, 3);
INSERT INTO APPOINTMENT VALUES(1732, 297, 1, '2010-10-14 15:15:00', '2010-10-14 15:30:00', 98, 3, None);
INSERT INTO NOTIFICATION VALUES(None, '2010-10-14 15:00:00', 'Upcoming appointment', 'Do not forget that you have appointment 1732 in room 297.', 3);
INSERT INTO NOTIFICATION VALUES(None, '2010-10-14 15:00:00', 'Upcoming appointment', 'Do not forget that you have appointment 1732 in room 297.', 98);
INSERT INTO INVOICE_BILL VALUES('2010-10-14 15:30:00', 450, 9, False);
INSERT INTO MEDICAL_RECORD VALUES('Medical record description 491.', '2010-10-14 15:30:00', 1732, 3);
INSERT INTO APPOINTMENT VALUES(1733, 266, 1, '2018-01-23 15:45:00', '2018-01-23 16:00:00', 98, 6, None);
INSERT INTO NOTIFICATION VALUES(None, '2018-01-23 15:30:00', 'Upcoming appointment', 'Do not forget that you have appointment 1733 in room 266.', 8);
INSERT INTO NOTIFICATION VALUES(None, '2018-01-23 15:30:00', 'Upcoming appointment', 'Do not forget that you have appointment 1733 in room 266.', 98);
INSERT INTO INVOICE_BILL VALUES('2018-01-23 16:00:00', 150, 14, True);
INSERT INTO MEDICAL_RECORD VALUES('Medical record description 558.', '2018-01-23 16:00:00', 1733, 6);
INSERT INTO APPOINTMENT VALUES(1734, 358, 0, '2012-07-25 16:30:00', '2012-07-25 16:45:00', 98, 3, None);
INSERT INTO NOTIFICATION VALUES(None, '2012-07-25 16:15:00', 'Upcoming appointment', 'Do not forget that you have appointment 1734 in room 358.', 7);
INSERT INTO NOTIFICATION VALUES(None, '2012-07-25 16:15:00', 'Upcoming appointment', 'Do not forget that you have appointment 1734 in room 358.', 98);
INSERT INTO INVOICE_BILL VALUES('2012-07-25 16:45:00', 400, 1, True);
INSERT INTO MEDICAL_RECORD VALUES('Medical record description 54.', '2012-07-25 16:45:00', 1734, 3);
INSERT INTO APPOINTMENT VALUES(1735, 382, 0, '2018-09-06 14:15:00', '2018-09-06 14:30:00', 98, 3, None);
INSERT INTO NOTIFICATION VALUES(None, '2018-09-06 14:00:00', 'Upcoming appointment', 'Do not forget that you have appointment 1735 in room 382.', 3);
INSERT INTO NOTIFICATION VALUES(None, '2018-09-06 14:00:00', 'Upcoming appointment', 'Do not forget that you have appointment 1735 in room 382.', 98);
INSERT INTO INVOICE_BILL VALUES('2018-09-06 14:30:00', 450, 11, True);
INSERT INTO MEDICAL_RECORD VALUES('Medical record description 258.', '2018-09-06 14:30:00', 1735, 3);
INSERT INTO APPOINTMENT VALUES(1736, 411, 1, '2015-04-08 12:45:00', '2015-04-08 13:00:00', 98, 9, None);
INSERT INTO NOTIFICATION VALUES(None, '2015-04-08 12:30:00', 'Upcoming appointment', 'Do not forget that you have appointment 1736 in room 411.', 1);
INSERT INTO NOTIFICATION VALUES(None, '2015-04-08 12:30:00', 'Upcoming appointment', 'Do not forget that you have appointment 1736 in room 411.', 98);
INSERT INTO INVOICE_BILL VALUES('2015-04-08 13:00:00', 800, 1, True);
INSERT INTO MEDICAL_RECORD VALUES('Medical record description 612.', '2015-04-08 13:00:00', 1736, 9);
INSERT INTO APPOINTMENT VALUES(1737, 279, 1, '2017-03-09 17:00:00', '2017-03-09 17:15:00', 98, 6, None);
INSERT INTO NOTIFICATION VALUES(None, '2017-03-09 16:45:00', 'Upcoming appointment', 'Do not forget that you have appointment 1737 in room 279.', 7);
INSERT INTO NOTIFICATION VALUES(None, '2017-03-09 16:45:00', 'Upcoming appointment', 'Do not forget that you have appointment 1737 in room 279.', 98);
INSERT INTO INVOICE_BILL VALUES('2017-03-09 17:15:00', 400, 11, False);
INSERT INTO MEDICAL_RECORD VALUES('Medical record description 749.', '2017-03-09 17:15:00', 1737, 6);
INSERT INTO APPOINTMENT VALUES(1738, 437, 1, '2018-06-18 10:00:00', '2018-06-18 10:15:00', 98, 9, None);
INSERT INTO NOTIFICATION VALUES(None, '2018-06-18 09:45:00', 'Upcoming appointment', 'Do not forget that you have appointment 1738 in room 437.', 8);
INSERT INTO NOTIFICATION VALUES(None, '2018-06-18 09:45:00', 'Upcoming appointment', 'Do not forget that you have appointment 1738 in room 437.', 98);
INSERT INTO INVOICE_BILL VALUES('2018-06-18 10:15:00', 450, 3, False);
INSERT INTO MEDICAL_RECORD VALUES('Medical record description 251.', '2018-06-18 10:15:00', 1738, 9);
INSERT INTO APPOINTMENT VALUES(1739, 106, 0, '2014-05-15 10:30:00', '2014-05-15 10:45:00', 98, 9, None);
INSERT INTO NOTIFICATION VALUES(None, '2014-05-15 10:15:00', 'Upcoming appointment', 'Do not forget that you have appointment 1739 in room 106.', 5);
INSERT INTO NOTIFICATION VALUES(None, '2014-05-15 10:15:00', 'Upcoming appointment', 'Do not forget that you have appointment 1739 in room 106.', 98);
INSERT INTO INVOICE_BILL VALUES('2014-05-15 10:45:00', 550, 12, True);
INSERT INTO MEDICAL_RECORD VALUES('Medical record description 734.', '2014-05-15 10:45:00', 1739, 9);
INSERT INTO APPOINTMENT VALUES(1740, 404, 1, '2016-03-14 11:00:00', '2016-03-14 11:15:00', 98, 6, None);
INSERT INTO NOTIFICATION VALUES(None, '2016-03-14 10:45:00', 'Upcoming appointment', 'Do not forget that you have appointment 1740 in room 404.', 5);
INSERT INTO NOTIFICATION VALUES(None, '2016-03-14 10:45:00', 'Upcoming appointment', 'Do not forget that you have appointment 1740 in room 404.', 98);
INSERT INTO INVOICE_BILL VALUES('2016-03-14 11:15:00', 150, 5, True);
INSERT INTO MEDICAL_RECORD VALUES('Medical record description 172.', '2016-03-14 11:15:00', 1740, 6);
INSERT INTO APPOINTMENT VALUES(1741, 439, 0, '2013-12-11 12:00:00', '2013-12-11 12:15:00', 98, 1, None);
INSERT INTO NOTIFICATION VALUES(None, '2013-12-11 11:45:00', 'Upcoming appointment', 'Do not forget that you have appointment 1741 in room 439.', 9);
INSERT INTO NOTIFICATION VALUES(None, '2013-12-11 11:45:00', 'Upcoming appointment', 'Do not forget that you have appointment 1741 in room 439.', 98);
INSERT INTO INVOICE_BILL VALUES('2013-12-11 12:15:00', 550, 3, True);
INSERT INTO MEDICAL_RECORD VALUES('Medical record description 667.', '2013-12-11 12:15:00', 1741, 1);
INSERT INTO APPOINTMENT VALUES(1742, 164, 0, '2019-09-27 14:30:00', '2019-09-27 14:45:00', 98, 4, None);
INSERT INTO NOTIFICATION VALUES(None, '2019-09-27 14:15:00', 'Upcoming appointment', 'Do not forget that you have appointment 1742 in room 164.', 3);
INSERT INTO NOTIFICATION VALUES(None, '2019-09-27 14:15:00', 'Upcoming appointment', 'Do not forget that you have appointment 1742 in room 164.', 98);
INSERT INTO INVOICE_BILL VALUES('2019-09-27 14:45:00', 950, 7, False);
INSERT INTO MEDICAL_RECORD VALUES('Medical record description 179.', '2019-09-27 14:45:00', 1742, 4);
INSERT INTO APPOINTMENT VALUES(1743, 160, 1, '2019-03-12 11:00:00', '2019-03-12 11:15:00', 98, 3, None);
INSERT INTO NOTIFICATION VALUES(None, '2019-03-12 10:45:00', 'Upcoming appointment', 'Do not forget that you have appointment 1743 in room 160.', 4);
INSERT INTO NOTIFICATION VALUES(None, '2019-03-12 10:45:00', 'Upcoming appointment', 'Do not forget that you have appointment 1743 in room 160.', 98);
INSERT INTO INVOICE_BILL VALUES('2019-03-12 11:15:00', 700, 7, False);
INSERT INTO MEDICAL_RECORD VALUES('Medical record description 487.', '2019-03-12 11:15:00', 1743, 3);
INSERT INTO APPOINTMENT VALUES(1744, 180, 1, '2019-04-05 10:15:00', '2019-04-05 10:30:00', 98, 3, None);
INSERT INTO NOTIFICATION VALUES(None, '2019-04-05 10:00:00', 'Upcoming appointment', 'Do not forget that you have appointment 1744 in room 180.', 7);
INSERT INTO NOTIFICATION VALUES(None, '2019-04-05 10:00:00', 'Upcoming appointment', 'Do not forget that you have appointment 1744 in room 180.', 98);
INSERT INTO INVOICE_BILL VALUES('2019-04-05 10:30:00', 900, 7, True);
INSERT INTO MEDICAL_RECORD VALUES('Medical record description 995.', '2019-04-05 10:30:00', 1744, 3);
INSERT INTO APPOINTMENT VALUES(1745, 140, 0, '2013-11-12 17:30:00', '2013-11-12 17:45:00', 99, 3, None);
INSERT INTO NOTIFICATION VALUES(None, '2013-11-12 17:15:00', 'Upcoming appointment', 'Do not forget that you have appointment 1745 in room 140.', 6);
INSERT INTO NOTIFICATION VALUES(None, '2013-11-12 17:15:00', 'Upcoming appointment', 'Do not forget that you have appointment 1745 in room 140.', 99);
INSERT INTO INVOICE_BILL VALUES('2013-11-12 17:45:00', 850, 9, False);
INSERT INTO MEDICAL_RECORD VALUES('Medical record description 801.', '2013-11-12 17:45:00', 1745, 3);
INSERT INTO APPOINTMENT VALUES(1746, 444, 1, '2017-01-06 15:45:00', '2017-01-06 16:00:00', 99, 9, None);
INSERT INTO NOTIFICATION VALUES(None, '2017-01-06 15:30:00', 'Upcoming appointment', 'Do not forget that you have appointment 1746 in room 444.', 10);
INSERT INTO NOTIFICATION VALUES(None, '2017-01-06 15:30:00', 'Upcoming appointment', 'Do not forget that you have appointment 1746 in room 444.', 99);
INSERT INTO INVOICE_BILL VALUES('2017-01-06 16:00:00', 250, 15, True);
INSERT INTO MEDICAL_RECORD VALUES('Medical record description 758.', '2017-01-06 16:00:00', 1746, 9);
INSERT INTO APPOINTMENT VALUES(1747, 343, 0, '2015-11-13 14:30:00', '2015-11-13 14:45:00', 99, 1, None);
INSERT INTO NOTIFICATION VALUES(None, '2015-11-13 14:15:00', 'Upcoming appointment', 'Do not forget that you have appointment 1747 in room 343.', 6);
INSERT INTO NOTIFICATION VALUES(None, '2015-11-13 14:15:00', 'Upcoming appointment', 'Do not forget that you have appointment 1747 in room 343.', 99);
INSERT INTO INVOICE_BILL VALUES('2015-11-13 14:45:00', 800, 12, True);
INSERT INTO MEDICAL_RECORD VALUES('Medical record description 325.', '2015-11-13 14:45:00', 1747, 1);
INSERT INTO APPOINTMENT VALUES(1748, 484, 1, '2016-08-16 10:30:00', '2016-08-16 10:45:00', 99, 6, None);
INSERT INTO NOTIFICATION VALUES(None, '2016-08-16 10:15:00', 'Upcoming appointment', 'Do not forget that you have appointment 1748 in room 484.', 6);
INSERT INTO NOTIFICATION VALUES(None, '2016-08-16 10:15:00', 'Upcoming appointment', 'Do not forget that you have appointment 1748 in room 484.', 99);
INSERT INTO INVOICE_BILL VALUES('2016-08-16 10:45:00', 500, 6, False);
INSERT INTO MEDICAL_RECORD VALUES('Medical record description 114.', '2016-08-16 10:45:00', 1748, 6);
INSERT INTO APPOINTMENT VALUES(1749, 169, 1, '2015-12-18 12:30:00', '2015-12-18 12:45:00', 99, 4, None);
INSERT INTO NOTIFICATION VALUES(None, '2015-12-18 12:15:00', 'Upcoming appointment', 'Do not forget that you have appointment 1749 in room 169.', 7);
INSERT INTO NOTIFICATION VALUES(None, '2015-12-18 12:15:00', 'Upcoming appointment', 'Do not forget that you have appointment 1749 in room 169.', 99);
INSERT INTO INVOICE_BILL VALUES('2015-12-18 12:45:00', 850, 9, False);
INSERT INTO MEDICAL_RECORD VALUES('Medical record description 273.', '2015-12-18 12:45:00', 1749, 4);
INSERT INTO APPOINTMENT VALUES(1750, 362, 1, '2016-04-28 12:45:00', '2016-04-28 13:00:00', 99, 1, None);
INSERT INTO NOTIFICATION VALUES(None, '2016-04-28 12:30:00', 'Upcoming appointment', 'Do not forget that you have appointment 1750 in room 362.', 4);
INSERT INTO NOTIFICATION VALUES(None, '2016-04-28 12:30:00', 'Upcoming appointment', 'Do not forget that you have appointment 1750 in room 362.', 99);
INSERT INTO INVOICE_BILL VALUES('2016-04-28 13:00:00', 500, 7, True);
INSERT INTO MEDICAL_RECORD VALUES('Medical record description 395.', '2016-04-28 13:00:00', 1750, 1);
INSERT INTO APPOINTMENT VALUES(1751, 248, 0, '2019-01-03 12:00:00', '2019-01-03 12:15:00', 99, 8, None);
INSERT INTO NOTIFICATION VALUES(None, '2019-01-03 11:45:00', 'Upcoming appointment', 'Do not forget that you have appointment 1751 in room 248.', 3);
INSERT INTO NOTIFICATION VALUES(None, '2019-01-03 11:45:00', 'Upcoming appointment', 'Do not forget that you have appointment 1751 in room 248.', 99);
INSERT INTO INVOICE_BILL VALUES('2019-01-03 12:15:00', 500, 8, False);
INSERT INTO MEDICAL_RECORD VALUES('Medical record description 771.', '2019-01-03 12:15:00', 1751, 8);
INSERT INTO APPOINTMENT VALUES(1752, 167, 0, '2018-11-06 15:00:00', '2018-11-06 15:15:00', 99, 7, None);
INSERT INTO NOTIFICATION VALUES(None, '2018-11-06 14:45:00', 'Upcoming appointment', 'Do not forget that you have appointment 1752 in room 167.', 2);
INSERT INTO NOTIFICATION VALUES(None, '2018-11-06 14:45:00', 'Upcoming appointment', 'Do not forget that you have appointment 1752 in room 167.', 99);
INSERT INTO INVOICE_BILL VALUES('2018-11-06 15:15:00', 900, 6, False);
INSERT INTO MEDICAL_RECORD VALUES('Medical record description 951.', '2018-11-06 15:15:00', 1752, 7);
INSERT INTO APPOINTMENT VALUES(1753, 416, 1, '2018-04-03 11:00:00', '2018-04-03 11:15:00', 99, 1, None);
INSERT INTO NOTIFICATION VALUES(None, '2018-04-03 10:45:00', 'Upcoming appointment', 'Do not forget that you have appointment 1753 in room 416.', 9);
INSERT INTO NOTIFICATION VALUES(None, '2018-04-03 10:45:00', 'Upcoming appointment', 'Do not forget that you have appointment 1753 in room 416.', 99);
INSERT INTO INVOICE_BILL VALUES('2018-04-03 11:15:00', 650, 2, True);
INSERT INTO MEDICAL_RECORD VALUES('Medical record description 970.', '2018-04-03 11:15:00', 1753, 1);
INSERT INTO APPOINTMENT VALUES(1754, 442, 1, '2018-01-29 17:00:00', '2018-01-29 17:15:00', 99, 3, None);
INSERT INTO NOTIFICATION VALUES(None, '2018-01-29 16:45:00', 'Upcoming appointment', 'Do not forget that you have appointment 1754 in room 442.', 6);
INSERT INTO NOTIFICATION VALUES(None, '2018-01-29 16:45:00', 'Upcoming appointment', 'Do not forget that you have appointment 1754 in room 442.', 99);
INSERT INTO INVOICE_BILL VALUES('2018-01-29 17:15:00', 550, 15, False);
INSERT INTO MEDICAL_RECORD VALUES('Medical record description 629.', '2018-01-29 17:15:00', 1754, 3);
INSERT INTO APPOINTMENT VALUES(1755, 241, 1, '2018-03-28 15:45:00', '2018-03-28 16:00:00', 99, 1, None);
INSERT INTO NOTIFICATION VALUES(None, '2018-03-28 15:30:00', 'Upcoming appointment', 'Do not forget that you have appointment 1755 in room 241.', 1);
INSERT INTO NOTIFICATION VALUES(None, '2018-03-28 15:30:00', 'Upcoming appointment', 'Do not forget that you have appointment 1755 in room 241.', 99);
INSERT INTO INVOICE_BILL VALUES('2018-03-28 16:00:00', 850, 11, True);
INSERT INTO MEDICAL_RECORD VALUES('Medical record description 471.', '2018-03-28 16:00:00', 1755, 1);
INSERT INTO APPOINTMENT VALUES(1756, 366, 0, '2016-11-15 14:15:00', '2016-11-15 14:30:00', 99, 3, None);
INSERT INTO NOTIFICATION VALUES(None, '2016-11-15 14:00:00', 'Upcoming appointment', 'Do not forget that you have appointment 1756 in room 366.', 6);
INSERT INTO NOTIFICATION VALUES(None, '2016-11-15 14:00:00', 'Upcoming appointment', 'Do not forget that you have appointment 1756 in room 366.', 99);
INSERT INTO INVOICE_BILL VALUES('2016-11-15 14:30:00', 300, 8, True);
INSERT INTO MEDICAL_RECORD VALUES('Medical record description 148.', '2016-11-15 14:30:00', 1756, 3);
INSERT INTO APPOINTMENT VALUES(1757, 412, 1, '2018-05-25 10:45:00', '2018-05-25 11:00:00', 99, 1, None);
INSERT INTO NOTIFICATION VALUES(None, '2018-05-25 10:30:00', 'Upcoming appointment', 'Do not forget that you have appointment 1757 in room 412.', 9);
INSERT INTO NOTIFICATION VALUES(None, '2018-05-25 10:30:00', 'Upcoming appointment', 'Do not forget that you have appointment 1757 in room 412.', 99);
INSERT INTO INVOICE_BILL VALUES('2018-05-25 11:00:00', 900, 2, True);
INSERT INTO MEDICAL_RECORD VALUES('Medical record description 834.', '2018-05-25 11:00:00', 1757, 1);
INSERT INTO APPOINTMENT VALUES(1758, 355, 0, '2019-04-16 15:00:00', '2019-04-16 15:15:00', 99, 3, None);
INSERT INTO NOTIFICATION VALUES(None, '2019-04-16 14:45:00', 'Upcoming appointment', 'Do not forget that you have appointment 1758 in room 355.', 2);
INSERT INTO NOTIFICATION VALUES(None, '2019-04-16 14:45:00', 'Upcoming appointment', 'Do not forget that you have appointment 1758 in room 355.', 99);
INSERT INTO INVOICE_BILL VALUES('2019-04-16 15:15:00', 350, 2, True);
INSERT INTO MEDICAL_RECORD VALUES('Medical record description 949.', '2019-04-16 15:15:00', 1758, 3);
INSERT INTO APPOINTMENT VALUES(1759, 395, 1, '2015-06-03 10:45:00', '2015-06-03 11:00:00', 99, 9, None);
INSERT INTO NOTIFICATION VALUES(None, '2015-06-03 10:30:00', 'Upcoming appointment', 'Do not forget that you have appointment 1759 in room 395.', 8);
INSERT INTO NOTIFICATION VALUES(None, '2015-06-03 10:30:00', 'Upcoming appointment', 'Do not forget that you have appointment 1759 in room 395.', 99);
INSERT INTO INVOICE_BILL VALUES('2015-06-03 11:00:00', 1000, 2, False);
INSERT INTO MEDICAL_RECORD VALUES('Medical record description 848.', '2015-06-03 11:00:00', 1759, 9);
INSERT INTO APPOINTMENT VALUES(1760, 246, 1, '2018-01-22 15:15:00', '2018-01-22 15:30:00', 99, 10, None);
INSERT INTO NOTIFICATION VALUES(None, '2018-01-22 15:00:00', 'Upcoming appointment', 'Do not forget that you have appointment 1760 in room 246.', 2);
INSERT INTO NOTIFICATION VALUES(None, '2018-01-22 15:00:00', 'Upcoming appointment', 'Do not forget that you have appointment 1760 in room 246.', 99);
INSERT INTO INVOICE_BILL VALUES('2018-01-22 15:30:00', 600, 11, True);
INSERT INTO MEDICAL_RECORD VALUES('Medical record description 343.', '2018-01-22 15:30:00', 1760, 10);
INSERT INTO APPOINTMENT VALUES(1761, 243, 1, '2019-03-27 11:30:00', '2019-03-27 11:45:00', 99, 10, None);
INSERT INTO NOTIFICATION VALUES(None, '2019-03-27 11:15:00', 'Upcoming appointment', 'Do not forget that you have appointment 1761 in room 243.', 3);
INSERT INTO NOTIFICATION VALUES(None, '2019-03-27 11:15:00', 'Upcoming appointment', 'Do not forget that you have appointment 1761 in room 243.', 99);
INSERT INTO INVOICE_BILL VALUES('2019-03-27 11:45:00', 900, 11, True);
INSERT INTO MEDICAL_RECORD VALUES('Medical record description 264.', '2019-03-27 11:45:00', 1761, 10);
INSERT INTO APPOINTMENT VALUES(1762, 174, 1, '2017-04-04 14:15:00', '2017-04-04 14:30:00', 99, 2, None);
INSERT INTO NOTIFICATION VALUES(None, '2017-04-04 14:00:00', 'Upcoming appointment', 'Do not forget that you have appointment 1762 in room 174.', 8);
INSERT INTO NOTIFICATION VALUES(None, '2017-04-04 14:00:00', 'Upcoming appointment', 'Do not forget that you have appointment 1762 in room 174.', 99);
INSERT INTO INVOICE_BILL VALUES('2017-04-04 14:30:00', 800, 12, True);
INSERT INTO MEDICAL_RECORD VALUES('Medical record description 299.', '2017-04-04 14:30:00', 1762, 2);
INSERT INTO APPOINTMENT VALUES(1763, 435, 1, '2018-04-09 15:45:00', '2018-04-09 16:00:00', 99, 4, None);
INSERT INTO NOTIFICATION VALUES(None, '2018-04-09 15:30:00', 'Upcoming appointment', 'Do not forget that you have appointment 1763 in room 435.', 7);
INSERT INTO NOTIFICATION VALUES(None, '2018-04-09 15:30:00', 'Upcoming appointment', 'Do not forget that you have appointment 1763 in room 435.', 99);
INSERT INTO INVOICE_BILL VALUES('2018-04-09 16:00:00', 950, 10, False);
INSERT INTO MEDICAL_RECORD VALUES('Medical record description 189.', '2018-04-09 16:00:00', 1763, 4);
INSERT INTO APPOINTMENT VALUES(1764, 375, 0, '2018-04-27 11:00:00', '2018-04-27 11:15:00', 100, 9, None);
INSERT INTO NOTIFICATION VALUES(None, '2018-04-27 10:45:00', 'Upcoming appointment', 'Do not forget that you have appointment 1764 in room 375.', 8);
INSERT INTO NOTIFICATION VALUES(None, '2018-04-27 10:45:00', 'Upcoming appointment', 'Do not forget that you have appointment 1764 in room 375.', 100);
INSERT INTO INVOICE_BILL VALUES('2018-04-27 11:15:00', 350, 14, True);
INSERT INTO MEDICAL_RECORD VALUES('Medical record description 700.', '2018-04-27 11:15:00', 1764, 9);
INSERT INTO APPOINTMENT VALUES(1765, 334, 0, '2013-05-01 15:15:00', '2013-05-01 15:30:00', 100, 3, None);
INSERT INTO NOTIFICATION VALUES(None, '2013-05-01 15:00:00', 'Upcoming appointment', 'Do not forget that you have appointment 1765 in room 334.', 7);
INSERT INTO NOTIFICATION VALUES(None, '2013-05-01 15:00:00', 'Upcoming appointment', 'Do not forget that you have appointment 1765 in room 334.', 100);
INSERT INTO INVOICE_BILL VALUES('2013-05-01 15:30:00', 650, 13, False);
INSERT INTO MEDICAL_RECORD VALUES('Medical record description 397.', '2013-05-01 15:30:00', 1765, 3);
INSERT INTO APPOINTMENT VALUES(1766, 217, 0, '2018-06-01 16:00:00', '2018-06-01 16:15:00', 100, 8, None);
INSERT INTO NOTIFICATION VALUES(None, '2018-06-01 15:45:00', 'Upcoming appointment', 'Do not forget that you have appointment 1766 in room 217.', 1);
INSERT INTO NOTIFICATION VALUES(None, '2018-06-01 15:45:00', 'Upcoming appointment', 'Do not forget that you have appointment 1766 in room 217.', 100);
INSERT INTO INVOICE_BILL VALUES('2018-06-01 16:15:00', 200, 6, True);
INSERT INTO MEDICAL_RECORD VALUES('Medical record description 845.', '2018-06-01 16:15:00', 1766, 8);
INSERT INTO APPOINTMENT VALUES(1767, 440, 1, '2015-10-27 15:15:00', '2015-10-27 15:30:00', 100, 1, None);
INSERT INTO NOTIFICATION VALUES(None, '2015-10-27 15:00:00', 'Upcoming appointment', 'Do not forget that you have appointment 1767 in room 440.', 1);
INSERT INTO NOTIFICATION VALUES(None, '2015-10-27 15:00:00', 'Upcoming appointment', 'Do not forget that you have appointment 1767 in room 440.', 100);
INSERT INTO INVOICE_BILL VALUES('2015-10-27 15:30:00', 250, 6, False);
INSERT INTO MEDICAL_RECORD VALUES('Medical record description 765.', '2015-10-27 15:30:00', 1767, 1);
INSERT INTO APPOINTMENT VALUES(1768, 231, 1, '2015-05-08 16:45:00', '2015-05-08 17:00:00', 100, 2, None);
INSERT INTO NOTIFICATION VALUES(None, '2015-05-08 16:30:00', 'Upcoming appointment', 'Do not forget that you have appointment 1768 in room 231.', 4);
INSERT INTO NOTIFICATION VALUES(None, '2015-05-08 16:30:00', 'Upcoming appointment', 'Do not forget that you have appointment 1768 in room 231.', 100);
INSERT INTO INVOICE_BILL VALUES('2015-05-08 17:00:00', 150, 8, False);
INSERT INTO MEDICAL_RECORD VALUES('Medical record description 684.', '2015-05-08 17:00:00', 1768, 2);
INSERT INTO APPOINTMENT VALUES(1769, 146, 0, '2018-01-17 10:15:00', '2018-01-17 10:30:00', 100, 5, None);
INSERT INTO NOTIFICATION VALUES(None, '2018-01-17 10:00:00', 'Upcoming appointment', 'Do not forget that you have appointment 1769 in room 146.', 3);
INSERT INTO NOTIFICATION VALUES(None, '2018-01-17 10:00:00', 'Upcoming appointment', 'Do not forget that you have appointment 1769 in room 146.', 100);
INSERT INTO INVOICE_BILL VALUES('2018-01-17 10:30:00', 50, 12, True);
INSERT INTO MEDICAL_RECORD VALUES('Medical record description 229.', '2018-01-17 10:30:00', 1769, 5);
INSERT INTO APPOINTMENT VALUES(1770, 410, 1, '2019-10-04 12:15:00', '2019-10-04 12:30:00', 100, 7, None);
INSERT INTO NOTIFICATION VALUES(None, '2019-10-04 12:00:00', 'Upcoming appointment', 'Do not forget that you have appointment 1770 in room 410.', 3);
INSERT INTO NOTIFICATION VALUES(None, '2019-10-04 12:00:00', 'Upcoming appointment', 'Do not forget that you have appointment 1770 in room 410.', 100);
INSERT INTO INVOICE_BILL VALUES('2019-10-04 12:30:00', 750, 8, True);
INSERT INTO MEDICAL_RECORD VALUES('Medical record description 143.', '2019-10-04 12:30:00', 1770, 7);
INSERT INTO APPOINTMENT VALUES(1771, 208, 0, '2016-01-13 11:15:00', '2016-01-13 11:30:00', 100, 1, None);
INSERT INTO NOTIFICATION VALUES(None, '2016-01-13 11:00:00', 'Upcoming appointment', 'Do not forget that you have appointment 1771 in room 208.', 10);
INSERT INTO NOTIFICATION VALUES(None, '2016-01-13 11:00:00', 'Upcoming appointment', 'Do not forget that you have appointment 1771 in room 208.', 100);
INSERT INTO INVOICE_BILL VALUES('2016-01-13 11:30:00', 600, 14, False);
INSERT INTO MEDICAL_RECORD VALUES('Medical record description 993.', '2016-01-13 11:30:00', 1771, 1);
INSERT INTO APPOINTMENT VALUES(1772, 320, 1, '2017-10-10 15:30:00', '2017-10-10 15:45:00', 100, 8, None);
INSERT INTO NOTIFICATION VALUES(None, '2017-10-10 15:15:00', 'Upcoming appointment', 'Do not forget that you have appointment 1772 in room 320.', 1);
INSERT INTO NOTIFICATION VALUES(None, '2017-10-10 15:15:00', 'Upcoming appointment', 'Do not forget that you have appointment 1772 in room 320.', 100);
INSERT INTO INVOICE_BILL VALUES('2017-10-10 15:45:00', 100, 11, False);
INSERT INTO MEDICAL_RECORD VALUES('Medical record description 960.', '2017-10-10 15:45:00', 1772, 8);
